dataset	pathway	direction	padj	source
Lima&Rossi2026_ASD16	GOBP_REGULATION_OF_TRANSPORT	up	1.77585858273546e-22	GO_BP_RNA
Lima&Rossi2026_ASD16	GOBP_RESPONSE_TO_LIPID	up	9.66015431208381e-21	GO_BP_RNA
Lima&Rossi2026_ASD16	GOBP_REGULATION_OF_PROTEIN_METABOLIC_PROCESS	up	1.9882980667752798e-20	GO_BP_RNA
Lima&Rossi2026_ASD16	GOBP_ORGANELLE_ASSEMBLY	up	1.16768990258662e-18	GO_BP_RNA
Lima&Rossi2026_ASD16	GOBP_RESPONSE_TO_NITROGEN_COMPOUND	up	1.6171988139485099e-18	GO_BP_RNA
Lima&Rossi2026_ASD16	GOBP_DEFENSE_RESPONSE_TO_SYMBIONT	up	5.4646966158598997e-17	GO_BP_RNA
Lima&Rossi2026_ASD16	GOBP_REGULATION_OF_IMMUNE_RESPONSE	up	6.7513479105847e-17	GO_BP_RNA
Lima&Rossi2026_ASD16	GOBP_REGULATION_OF_LOCOMOTION	up	1.18158713426744e-16	GO_BP_RNA
Lima&Rossi2026_ASD16	GOBP_PROTEIN_CONTAINING_COMPLEX_ORGANIZATION	up	3.03651107220148e-16	GO_BP_RNA
Lima&Rossi2026_ASD16	GOBP_RRNA_METABOLIC_PROCESS	up	4.0128525483335198e-16	GO_BP_RNA
Lima&Rossi2026_ASD16	GOBP_BLOOD_VESSEL_MORPHOGENESIS	up	2.3478385558800802e-15	GO_BP_RNA
Lima&Rossi2026_ASD16	GOBP_REPRODUCTIVE_PROCESS	up	6.6488909435758304e-15	GO_BP_RNA
Lima&Rossi2026_ASD16	GOBP_CELL_PROJECTION_ORGANIZATION	up	7.871978326514031e-15	GO_BP_RNA
Lima&Rossi2026_ASD16	GOBP_CYTOSKELETON_ORGANIZATION	up	2.3574126847623e-14	GO_BP_RNA
Lima&Rossi2026_ASD16	GOBP_GENERATION_OF_NEURONS	up	4.9793315417361905e-14	GO_BP_RNA
Lima&Rossi2026_ASD16	GOBP_EPITHELIAL_CELL_DIFFERENTIATION	up	1.15545856971862e-13	GO_BP_RNA
Lima&Rossi2026_ASD16	GOBP_ORGANELLE_FISSION	up	2.07079781664971e-13	GO_BP_RNA
Lima&Rossi2026_ASD16	GOBP_REGULATION_OF_MULTICELLULAR_ORGANISMAL_DEVELOPMENT	up	2.07079781664971e-13	GO_BP_RNA
Lima&Rossi2026_ASD16	GOBP_REGULATION_OF_LYMPHOCYTE_ACTIVATION	up	2.46531396254055e-13	GO_BP_RNA
Lima&Rossi2026_ASD16	GOBP_REGULATION_OF_CATABOLIC_PROCESS	up	3.0156097841714e-13	GO_BP_RNA
Lima&Rossi2026_ASD16	GOBP_CELL_ADHESION	up	1.0580638326744499e-12	GO_BP_RNA
Lima&Rossi2026_ASD16	GOBP_RESPONSE_TO_GROWTH_FACTOR	up	1.93189113633706e-12	GO_BP_RNA
Lima&Rossi2026_ASD16	GOBP_SMALL_MOLECULE_METABOLIC_PROCESS	up	2.84119087827103e-12	GO_BP_RNA
Lima&Rossi2026_ASD16	GOBP_RESPONSE_TO_PEPTIDE	up	3.1196910622709298e-12	GO_BP_RNA
Lima&Rossi2026_ASD16	GOBP_LYMPHOCYTE_ACTIVATION	down	6.22954656981986e-12	GO_BP_RNA
Lima&Rossi2026_ASD16	GOBP_POSITIVE_REGULATION_OF_CELL_ADHESION	up	1.58597878907581e-11	GO_BP_RNA
Lima&Rossi2026_ASD16	GOBP_NEGATIVE_REGULATION_OF_SIGNALING	up	2.5124560864549096e-11	GO_BP_RNA
Lima&Rossi2026_ASD16	GOBP_REGULATION_OF_TRANS_SYNAPTIC_SIGNALING	up	3.3611825181133e-11	GO_BP_RNA
Lima&Rossi2026_ASD16	GOBP_SMOOTHENED_SIGNALING_PATHWAY	up	4.2281664554541494e-11	GO_BP_RNA
Lima&Rossi2026_ASD16	GOBP_RESPONSE_TO_MECHANICAL_STIMULUS	up	7.81637894845789e-11	GO_BP_RNA
Lima&Rossi2026_ASD17	GOBP_NITROGEN_COMPOUND_TRANSPORT	down	6.80537846841753e-14	GO_BP_RNA
Lima&Rossi2026_ASD17	GOBP_NEGATIVE_REGULATION_OF_SIGNALING	down	2.46072522583177e-13	GO_BP_RNA
Lima&Rossi2026_ASD17	GOBP_CELLULAR_RESPONSE_TO_OXYGEN_CONTAINING_COMPOUND	down	2.46072522583177e-13	GO_BP_RNA
Lima&Rossi2026_ASD17	GOBP_RNA_PROCESSING	down	1.68082735566682e-12	GO_BP_RNA
Lima&Rossi2026_ASD17	GOBP_CELL_PROJECTION_ORGANIZATION	down	3.28288438941725e-11	GO_BP_RNA
Lima&Rossi2026_ASD17	GOBP_POSITIVE_REGULATION_OF_RNA_METABOLIC_PROCESS	down	3.6560069803325e-9	GO_BP_RNA
Lima&Rossi2026_ASD17	GOBP_RNA_SPLICING	down	3.6560069803325e-9	GO_BP_RNA
Lima&Rossi2026_ASD17	GOBP_PROTEIN_CATABOLIC_PROCESS	down	3.7651882112323e-9	GO_BP_RNA
Lima&Rossi2026_ASD17	GOBP_REGULATION_OF_MITOCHONDRION_ORGANIZATION	down	8.437879360688751e-9	GO_BP_RNA
Lima&Rossi2026_ASD17	GOBP_SENSORY_SYSTEM_DEVELOPMENT	down	1.4912481709855e-8	GO_BP_RNA
Lima&Rossi2026_ASD17	GOBP_PROTEIN_CONTAINING_COMPLEX_ORGANIZATION	down	1.97670442522165e-8	GO_BP_RNA
Lima&Rossi2026_ASD17	GOBP_RESPONSE_TO_RADIATION	down	1.97670442522165e-8	GO_BP_RNA
Lima&Rossi2026_ASD17	GOBP_REPRODUCTIVE_PROCESS	down	2.1358251208149e-8	GO_BP_RNA
Lima&Rossi2026_ASD17	GOBP_BIOLOGICAL_PROCESS_INVOLVED_IN_INTERSPECIES_INTERACTION_BETWEEN_ORGANISMS	down	4.56687087178286e-8	GO_BP_RNA
Lima&Rossi2026_ASD17	GOBP_CELL_JUNCTION_ORGANIZATION	down	7.66009563655692e-8	GO_BP_RNA
Lima&Rossi2026_ASD17	GOBP_REGULATION_OF_CELL_CYCLE_PHASE_TRANSITION	down	7.66009563655692e-8	GO_BP_RNA
Lima&Rossi2026_ASD17	GOBP_BLOOD_VESSEL_MORPHOGENESIS	down	9.39675871043953e-8	GO_BP_RNA
Lima&Rossi2026_ASD17	GOBP_MITOTIC_CELL_CYCLE_PROCESS	down	9.70410620901211e-8	GO_BP_RNA
Lima&Rossi2026_ASD17	GOBP_NEUROGENESIS	down	1.39078139674723e-7	GO_BP_RNA
Lima&Rossi2026_ASD17	GOBP_RESPONSE_TO_PEPTIDE	down	1.54532657734103e-7	GO_BP_RNA
Lima&Rossi2026_ASD17	GOBP_CELL_MOTILITY	down	1.62306388483242e-7	GO_BP_RNA
Lima&Rossi2026_ASD17	GOBP_REGULATION_OF_IMMUNE_SYSTEM_PROCESS	down	1.62306388483242e-7	GO_BP_RNA
Lima&Rossi2026_ASD17	GOBP_RESPONSE_TO_BACTERIUM	down	1.9960568638386e-7	GO_BP_RNA
Lima&Rossi2026_ASD17	GOBP_NEGATIVE_REGULATION_OF_NEURON_APOPTOTIC_PROCESS	down	2.07744376593601e-7	GO_BP_RNA
Lima&Rossi2026_ASD17	GOBP_NEPHRON_DEVELOPMENT	down	2.77305593744638e-7	GO_BP_RNA
Lima&Rossi2026_ASD17	GOBP_POSITIVE_REGULATION_OF_TRANSCRIPTION_BY_RNA_POLYMERASE_II	down	3.10477641200654e-7	GO_BP_RNA
Lima&Rossi2026_ASD17	GOBP_MONOATOMIC_CATION_TRANSPORT	down	3.10477641200654e-7	GO_BP_RNA
Lima&Rossi2026_ASD17	GOBP_BIOLOGICAL_PROCESS_INVOLVED_IN_INTERACTION_WITH_HOST	down	4.15121544291431e-7	GO_BP_RNA
Lima&Rossi2026_ASD17	GOBP_PHOSPHORUS_METABOLIC_PROCESS	down	4.30517611873623e-7	GO_BP_RNA
Lima&Rossi2026_ASD17	GOBP_CELL_CYCLE_PROCESS	down	7.39395613521895e-7	GO_BP_RNA
Lima&Rossi2026_IM5	GOBP_LIPID_METABOLIC_PROCESS	down	2.03343347674649e-9	GO_BP_RNA
Lima&Rossi2026_IM5	GOBP_ENDOCYTOSIS	down	2.64677757094173e-6	GO_BP_RNA
Lima&Rossi2026_IM5	GOBP_FEMALE_GAMETE_GENERATION	down	1.34347464515398e-5	GO_BP_RNA
Lima&Rossi2026_IM5	GOBP_CELLULAR_RESPONSE_TO_UV	up	7.32414103730098e-5	GO_BP_RNA
Lima&Rossi2026_IM5	GOBP_PHOSPHORUS_METABOLIC_PROCESS	down	7.32414103730098e-5	GO_BP_RNA
Lima&Rossi2026_IM5	GOBP_AXON_DEVELOPMENT	down	7.32414103730098e-5	GO_BP_RNA
Lima&Rossi2026_IM5	GOBP_CANONICAL_WNT_SIGNALING_PATHWAY	down	7.32414103730098e-5	GO_BP_RNA
Lima&Rossi2026_IM5	GOBP_EXECUTION_PHASE_OF_APOPTOSIS	up	9.02233420792226e-5	GO_BP_RNA
Lima&Rossi2026_IM5	GOBP_INTRACELLULAR_TRANSPORT	down	9.02233420792226e-5	GO_BP_RNA
Lima&Rossi2026_IM5	GOBP_LYMPHOCYTE_ACTIVATION	down	1.6801394949094e-4	GO_BP_RNA
Lima&Rossi2026_IM5	GOBP_EMBRYONIC_ORGAN_MORPHOGENESIS	down	1.6801394949094e-4	GO_BP_RNA
Lima&Rossi2026_IM5	GOBP_REGULATION_OF_CELL_PROJECTION_ORGANIZATION	down	2.5143751055744e-4	GO_BP_RNA
Lima&Rossi2026_IM5	GOBP_TORC2_SIGNALING	down	2.5143751055744e-4	GO_BP_RNA
Lima&Rossi2026_IM5	GOBP_SRP_DEPENDENT_COTRANSLATIONAL_PROTEIN_TARGETING_TO_MEMBRANE	up	2.7485500013724e-4	GO_BP_RNA
Lima&Rossi2026_IM5	GOBP_ERAD_PATHWAY	down	2.833822236309e-4	GO_BP_RNA
Lima&Rossi2026_IM5	GOBP_LYTIC_VACUOLE_ORGANIZATION	down	2.9257029725088e-4	GO_BP_RNA
Lima&Rossi2026_IM5	GOBP_SODIUM_ION_EXPORT_ACROSS_PLASMA_MEMBRANE	up	3.1482672952165e-4	GO_BP_RNA
Lima&Rossi2026_IM5	GOBP_PHOSPHOLIPASE_C_ACTIVATING_DOPAMINE_RECEPTOR_SIGNALING_PATHWAY	up	3.3356433504586e-4	GO_BP_RNA
Lima&Rossi2026_IM5	GOBP_LOCOMOTION	down	3.3356433504586e-4	GO_BP_RNA
Lima&Rossi2026_IM5	GOBP_POSITIVE_REGULATION_OF_NEURON_PROJECTION_DEVELOPMENT	down	3.3627976118566e-4	GO_BP_RNA
Lima&Rossi2026_IM5	GOBP_REGULATION_OF_CELL_SUBSTRATE_ADHESION	down	4.140661854053e-4	GO_BP_RNA
Lima&Rossi2026_IM5	GOBP_MITOCHONDRIAL_MEMBRANE_ORGANIZATION	up	5.6127961911818e-4	GO_BP_RNA
Lima&Rossi2026_IM5	GOBP_REGULATION_OF_DEFENSE_RESPONSE	down	5.9541061363288e-4	GO_BP_RNA
Lima&Rossi2026_IM5	GOBP_LIPID_BIOSYNTHETIC_PROCESS	down	5.9541061363288e-4	GO_BP_RNA
Lima&Rossi2026_IM5	GOBP_NUCLEAR_TRANSPORT	down	5.9541061363288e-4	GO_BP_RNA
Lima&Rossi2026_IM5	GOBP_ENDOCRINE_PANCREAS_DEVELOPMENT	down	5.9541061363288e-4	GO_BP_RNA
Lima&Rossi2026_IM5	GOBP_MITOTIC_CELL_CYCLE_PROCESS	down	6.4515532325781e-4	GO_BP_RNA
Lima&Rossi2026_IM5	GOBP_T_HELPER_1_TYPE_IMMUNE_RESPONSE	down	6.4515532325781e-4	GO_BP_RNA
Lima&Rossi2026_IM5	GOBP_RESPONSE_TO_ALKALOID	up	7.0619409672346e-4	GO_BP_RNA
Lima&Rossi2026_IM5	GOBP_LYMPHOCYTE_APOPTOTIC_PROCESS	down	8.0491348234284e-4	GO_BP_RNA
Valassina2022	INTERMEDIATE FILAMENT BASED PROCESS	up	0.010279383825811958	GO_BP_RNA
Valassina2022	INTERMEDIATE FILAMENT ORGANIZATION	up	0.022021564073171962	GO_BP_RNA
Valassina2022	KERATINIZATION	up	0.03759872251743118	GO_BP_RNA
Valassina2022	REGULATION OF DEFENSE RESPONSE TO BACTERIUM	up	0.010279383825811958	GO_BP_RNA
Valassina2022	REGULATION OF RENAL SYSTEM PROCESS	up	4.406441669334784e-6	GO_BP_RNA
Valassina2022	AXONEME ASSEMBLY	down	0.0026063389739931437	GO_BP_RNA
Valassina2022	CILIUM MOVEMENT	down	0.013856953473295585	GO_BP_RNA
Valassina2022	CILIUM ORGANIZATION	down	4.90921245742526e-4	GO_BP_RNA
Valassina2022	CILIUM OR FLAGELLUM DEPENDENT CELL MOTILITY	down	0.02687004467119747	GO_BP_RNA
Valassina2022	MICROTUBULE BASED MOVEMENT	down	0.037408901372476946	GO_BP_RNA
Valassina2022	MICROTUBULE BUNDLE FORMATION	down	5.72652928400206e-4	GO_BP_RNA
Valassina2022	REGULATION OF SYNAPTIC TRANSMISSION GLUTAMATERGIC	down	0.02687004467119747	GO_BP_RNA
Happ2023	ACIDIC AMINO ACID TRANSPORT	up	0.01599005435493841	GO_BP_RNA
Happ2023	ACTION POTENTIAL	up	0.005908365794135781	GO_BP_RNA
Happ2023	ADENYLATE CYCLASE INHIBITING G PROTEIN COUPLED RECEPTOR SIGNALING PATHWAY	up	0.0028439235788358564	GO_BP_RNA
Happ2023	ADENYLATE CYCLASE MODULATING G PROTEIN COUPLED RECEPTOR SIGNALING PATHWAY	up	0.005918529214719834	GO_BP_RNA
Happ2023	AMINO ACID ACTIVATION	down	0.005567025392192607	GO_BP_RNA
Happ2023	AROMATIC AMINO ACID TRANSPORT	down	0.016600590829474897	GO_BP_RNA
Happ2023	ASSOCIATIVE LEARNING	up	0.03159695921719049	GO_BP_RNA
Happ2023	ATTACHMENT OF SPINDLE MICROTUBULES TO KINETOCHORE	down	0.0023470905246262917	GO_BP_RNA
Happ2023	BLASTOCYST DEVELOPMENT	down	0.021974511850856904	GO_BP_RNA
Happ2023	BLASTOCYST FORMATION	down	0.021294631030115266	GO_BP_RNA
Happ2023	BRANCHED CHAIN AMINO ACID TRANSPORT	down	0.029802423299459407	GO_BP_RNA
Happ2023	B CELL ACTIVATION	down	0.03416634684201752	GO_BP_RNA
Happ2023	CALCIUM ION TRANSMEMBRANE TRANSPORT	up	0.013336306901683592	GO_BP_RNA
Happ2023	CALCIUM MEDIATED SIGNALING	up	4.7158058900937945e-4	GO_BP_RNA
Happ2023	CARDIAC CONDUCTION	up	0.009057894820465201	GO_BP_RNA
Happ2023	CATECHOLAMINE SECRETION	up	0.012017045462215962	GO_BP_RNA
Happ2023	CELLULAR RESPONSE TO OXYGEN LEVELS	down	0.029266954745386202	GO_BP_RNA
Happ2023	CELLULAR RESPONSE TO RADIATION	down	0.028895322905783977	GO_BP_RNA
Happ2023	CELLULAR RESPONSE TO TOPOLOGICALLY INCORRECT PROTEIN	down	3.3656834459028787e-4	GO_BP_RNA
Happ2023	CELLULAR RESPONSE TO UNFOLDED PROTEIN	down	0.001238649188133534	GO_BP_RNA
Happ2023	CELLULAR RESPONSE TO UV B	down	0.04271824627835159	GO_BP_RNA
Happ2023	CELL CYCLE CHECKPOINT SIGNALING	down	4.4597120110787095e-4	GO_BP_RNA
Happ2023	CELL CYCLE G1 S PHASE TRANSITION	down	0.01703237162062296	GO_BP_RNA
Happ2023	CELL CYCLE G2 M PHASE TRANSITION	down	2.996309877827329e-4	GO_BP_RNA
Happ2023	CELL JUNCTION ASSEMBLY	up	0.016310025216781338	GO_BP_RNA
Happ2023	CENTROMERE COMPLEX ASSEMBLY	down	0.01703237162062296	GO_BP_RNA
Happ2023	CEREBROSPINAL FLUID CIRCULATION	up	0.029266954745386202	GO_BP_RNA
Happ2023	CHEMICAL SYNAPTIC TRANSMISSION POSTSYNAPTIC	up	0.0049107596271080215	GO_BP_RNA
Happ2023	CHROMOSOME CONDENSATION	down	0.005918529214719834	GO_BP_RNA
Happ2023	CHROMOSOME LOCALIZATION	down	8.242752531255659e-5	GO_BP_RNA
Happ2023	CHROMOSOME SEGREGATION	down	1.1044801002103159e-10	GO_BP_RNA
Happ2023	CHROMOSOME SEPARATION	down	1.7710756033275797e-5	GO_BP_RNA
Happ2023	CYTOPLASMIC TRANSLATION	down	1.5161189292930413e-15	GO_BP_RNA
Happ2023	DEVELOPMENT OF PRIMARY SEXUAL CHARACTERISTICS	down	0.03416634684201752	GO_BP_RNA
Happ2023	DNA BIOSYNTHETIC PROCESS	down	0.013798920010752641	GO_BP_RNA
Happ2023	DNA RECOMBINATION	down	4.973347213144803e-5	GO_BP_RNA
Happ2023	DNA REPLICATION	down	1.9822554527053376e-5	GO_BP_RNA
Happ2023	DNA TEMPLATED DNA REPLICATION	down	0.0015947485377386373	GO_BP_RNA
Happ2023	DNA TEMPLATED TRANSCRIPTION ELONGATION	down	0.03332324077185596	GO_BP_RNA
Happ2023	DNA TEMPLATED TRANSCRIPTION INITIATION	down	6.66751746107709e-4	GO_BP_RNA
Happ2023	DOUBLE STRAND BREAK REPAIR	down	1.5585090798976285e-4	GO_BP_RNA
Happ2023	EMBRYONIC ORGAN DEVELOPMENT	down	0.00518905061964793	GO_BP_RNA
Happ2023	EMBRYONIC PLACENTA DEVELOPMENT	down	0.012573394409237756	GO_BP_RNA
Happ2023	EPIGENETIC REGULATION OF GENE EXPRESSION	down	0.0012881454518339	GO_BP_RNA
Happ2023	EPINEPHRINE TRANSPORT	up	0.028148285852043937	GO_BP_RNA
Happ2023	EPITHELIAL TO MESENCHYMAL TRANSITION	down	0.024217671297649603	GO_BP_RNA
Happ2023	ERAD PATHWAY	down	0.011954920799173149	GO_BP_RNA
Happ2023	ERYTHROCYTE HOMEOSTASIS	down	0.0048598826030927765	GO_BP_RNA
Happ2023	ER NUCLEUS SIGNALING PATHWAY	down	0.021916713820336824	GO_BP_RNA
Happ2023	ESTABLISHMENT OF ORGANELLE LOCALIZATION	down	2.996309877827329e-4	GO_BP_RNA
Happ2023	ESTABLISHMENT OF PROTEIN LOCALIZATION TO ORGANELLE	down	0.007209035130617876	GO_BP_RNA
Happ2023	ESTABLISHMENT OF RNA LOCALIZATION	down	0.004164007844828563	GO_BP_RNA
Happ2023	EXPLORATION BEHAVIOR	up	0.0025091348717137876	GO_BP_RNA
Happ2023	GLAND DEVELOPMENT	down	6.711716854120011e-4	GO_BP_RNA
Happ2023	GLUTAMATE RECEPTOR SIGNALING PATHWAY	up	8.514400879605832e-5	GO_BP_RNA
Happ2023	G PROTEIN COUPLED GLUTAMATE RECEPTOR SIGNALING PATHWAY	up	0.005002555220448157	GO_BP_RNA
Happ2023	HEART PROCESS	up	0.028015584382083215	GO_BP_RNA
Happ2023	HEMATOPOIETIC STEM CELL PROLIFERATION	down	0.03416634684201752	GO_BP_RNA
Happ2023	HEPATICOBILIARY SYSTEM DEVELOPMENT	down	0.012017045462215962	GO_BP_RNA
Happ2023	HETEROCHROMATIN FORMATION	down	0.04409962821005649	GO_BP_RNA
Happ2023	HETEROCHROMATIN ORGANIZATION	down	0.04487247698560261	GO_BP_RNA
Happ2023	HOMEOSTASIS OF NUMBER OF CELLS	down	0.04096588993959325	GO_BP_RNA
Happ2023	INHIBITORY SYNAPSE ASSEMBLY	up	0.03478099757303321	GO_BP_RNA
Happ2023	INNATE IMMUNE RESPONSE IN MUCOSA	down	0.03781026951332278	GO_BP_RNA
Happ2023	INNER CELL MASS CELL PROLIFERATION	down	0.047364844434029045	GO_BP_RNA
Happ2023	INTEGRATED STRESS RESPONSE SIGNALING	down	0.011376913694661124	GO_BP_RNA
Happ2023	INTERLEUKIN 4 PRODUCTION	down	0.005918529214719834	GO_BP_RNA
Happ2023	INTRINSIC APOPTOTIC SIGNALING PATHWAY	down	5.154934502804355e-6	GO_BP_RNA
Happ2023	INTRINSIC APOPTOTIC SIGNALING PATHWAY BY P53 CLASS MEDIATOR	down	0.019303411532871406	GO_BP_RNA
Happ2023	INTRINSIC APOPTOTIC SIGNALING PATHWAY IN RESPONSE TO ENDOPLASMIC RETICULUM STRESS	down	0.012430978158686504	GO_BP_RNA
Happ2023	IN UTERO EMBRYONIC DEVELOPMENT	down	1.8343683576252867e-4	GO_BP_RNA
Happ2023	IONOTROPIC GLUTAMATE RECEPTOR SIGNALING PATHWAY	up	0.012862446557421399	GO_BP_RNA
Happ2023	KINETOCHORE ASSEMBLY	down	0.04566925274170473	GO_BP_RNA
Happ2023	LEARNING	up	0.0011981198111229874	GO_BP_RNA
Happ2023	LIGAND GATED ION CHANNEL SIGNALING PATHWAY	up	0.016699772639536713	GO_BP_RNA
Happ2023	LONG TERM SYNAPTIC POTENTIATION	up	0.013798920010752641	GO_BP_RNA
Happ2023	L LEUCINE TRANSPORT	down	0.010704858130487873	GO_BP_RNA
Happ2023	MACROMOLECULE METHYLATION	down	7.705592367506055e-4	GO_BP_RNA
Happ2023	MAINTENANCE OF CELL NUMBER	down	0.03159695921719049	GO_BP_RNA
Happ2023	MALE SEX DIFFERENTIATION	down	0.012427123582886905	GO_BP_RNA
Happ2023	MATERNAL PROCESS INVOLVED IN FEMALE PREGNANCY	down	0.04409962821005649	GO_BP_RNA
Happ2023	MATURATION OF 5 8S RRNA	down	0.01431865334449097	GO_BP_RNA
Happ2023	MATURATION OF LSU RRNA	down	0.04409962821005649	GO_BP_RNA
Happ2023	MATURATION OF SSU RRNA	down	2.996309877827329e-4	GO_BP_RNA
Happ2023	MATURATION OF SSU RRNA FROM TRICISTRONIC RRNA TRANSCRIPT SSU RRNA 5 8S RRNA LSU RRNA	down	0.021718754669381626	GO_BP_RNA
Happ2023	MEIOTIC CELL CYCLE	down	0.020543142012203097	GO_BP_RNA
Happ2023	MEIOTIC CELL CYCLE PROCESS	down	0.033446030077978514	GO_BP_RNA
Happ2023	MEMBRANELESS ORGANELLE ASSEMBLY	down	2.66066197696385e-7	GO_BP_RNA
Happ2023	MEMBRANE REPOLARIZATION	up	0.007816708893787617	GO_BP_RNA
Happ2023	METAPHASE CHROMOSOME ALIGNMENT	down	1.1848813735904839e-4	GO_BP_RNA
Happ2023	METHYLATION	down	7.304055307137738e-4	GO_BP_RNA
Happ2023	MICROTUBULE CYTOSKELETON ORGANIZATION INVOLVED IN MITOSIS	down	8.517175394301044e-5	GO_BP_RNA
Happ2023	MICROTUBULE ORGANIZING CENTER ORGANIZATION	down	0.03159695921719049	GO_BP_RNA
Happ2023	MITOCHONDRIAL GENE EXPRESSION	down	5.379986642607806e-7	GO_BP_RNA
Happ2023	MITOCHONDRIAL RNA METABOLIC PROCESS	down	0.012430978158686504	GO_BP_RNA
Happ2023	MITOCHONDRIAL TRANSLATION	down	1.980544707732063e-4	GO_BP_RNA
Happ2023	MITOCHONDRION ORGANIZATION	down	0.006099744184378674	GO_BP_RNA
Happ2023	MITOTIC CELL CYCLE CHECKPOINT SIGNALING	down	2.7823380303198066e-4	GO_BP_RNA
Happ2023	MITOTIC CELL CYCLE PHASE TRANSITION	down	6.532710495509525e-7	GO_BP_RNA
Happ2023	MITOTIC G2 M TRANSITION CHECKPOINT	down	0.04390301954784046	GO_BP_RNA
Happ2023	MITOTIC METAPHASE CHROMOSOME ALIGNMENT	down	0.005026782139015588	GO_BP_RNA
Happ2023	MITOTIC NUCLEAR DIVISION	down	1.5158111204991334e-9	GO_BP_RNA
Happ2023	MITOTIC SISTER CHROMATID SEGREGATION	down	2.016211233519165e-9	GO_BP_RNA
Happ2023	MITOTIC SISTER CHROMATID SEPARATION	down	7.705592367506055e-4	GO_BP_RNA
Happ2023	MITOTIC SPINDLE ASSEMBLY	down	0.005455544586138465	GO_BP_RNA
Happ2023	MITOTIC SPINDLE ORGANIZATION	down	0.0012657401007248315	GO_BP_RNA
Happ2023	MODULATION OF EXCITATORY POSTSYNAPTIC POTENTIAL	up	3.2324917915201745e-4	GO_BP_RNA
Happ2023	MORPHOGENESIS OF AN EPITHELIUM	down	0.04409962821005649	GO_BP_RNA
Happ2023	MRNA CATABOLIC PROCESS	down	0.007543286192897054	GO_BP_RNA
Happ2023	MRNA PROCESSING	down	8.686977198013502e-10	GO_BP_RNA
Happ2023	MRNA TRANSPORT	down	0.006773732487673349	GO_BP_RNA
Happ2023	MYELOID CELL DIFFERENTIATION	down	0.028954081000163882	GO_BP_RNA
Happ2023	MYELOID CELL HOMEOSTASIS	down	0.008269757611133377	GO_BP_RNA
Happ2023	NEGATIVE CHEMOTAXIS	up	0.03394559249232459	GO_BP_RNA
Happ2023	NEGATIVE REGULATION OF AMYLOID PRECURSOR PROTEIN CATABOLIC PROCESS	up	0.048138560476612594	GO_BP_RNA
Happ2023	NEGATIVE REGULATION OF APOPTOTIC SIGNALING PATHWAY	down	0.008015999725397058	GO_BP_RNA
Happ2023	NEGATIVE REGULATION OF CELL CYCLE	down	2.4313613312913762e-4	GO_BP_RNA
Happ2023	NEGATIVE REGULATION OF CELL CYCLE G2 M PHASE TRANSITION	down	0.04271824627835159	GO_BP_RNA
Happ2023	NEGATIVE REGULATION OF CELL CYCLE PROCESS	down	1.4215925040871603e-4	GO_BP_RNA
Happ2023	NEGATIVE REGULATION OF CHROMOSOME ORGANIZATION	down	1.5585090798976285e-4	GO_BP_RNA
Happ2023	NEGATIVE REGULATION OF CHROMOSOME SEGREGATION	down	0.0030619313470640545	GO_BP_RNA
Happ2023	NEGATIVE REGULATION OF COLLAGEN METABOLIC PROCESS	up	0.022308111387208122	GO_BP_RNA
Happ2023	NEGATIVE REGULATION OF DNA METABOLIC PROCESS	down	0.014731766766008614	GO_BP_RNA
Happ2023	NEGATIVE REGULATION OF GENE EXPRESSION EPIGENETIC	down	0.005908365794135781	GO_BP_RNA
Happ2023	NEGATIVE REGULATION OF MAPK CASCADE	down	0.024691971901318513	GO_BP_RNA
Happ2023	NEGATIVE REGULATION OF MITOTIC CELL CYCLE	down	4.0324032151431015e-4	GO_BP_RNA
Happ2023	NEGATIVE REGULATION OF MITOTIC CELL CYCLE PHASE TRANSITION	down	1.2272041040603838e-4	GO_BP_RNA
Happ2023	NEGATIVE REGULATION OF MOLECULAR FUNCTION	down	0.016310025216781338	GO_BP_RNA
Happ2023	NEGATIVE REGULATION OF NUCLEAR DIVISION	down	0.0023335340966256835	GO_BP_RNA
Happ2023	NEGATIVE REGULATION OF ORGANELLE ORGANIZATION	down	0.005549681558865168	GO_BP_RNA
Happ2023	NEGATIVE REGULATION OF PHOSPHORUS METABOLIC PROCESS	down	0.030607475407529956	GO_BP_RNA
Happ2023	NEGATIVE REGULATION OF PROTEIN MODIFICATION PROCESS	down	0.020122291366603037	GO_BP_RNA
Happ2023	NEGATIVE REGULATION OF TRANSFERASE ACTIVITY	down	0.013872610235033587	GO_BP_RNA
Happ2023	NEGATIVE REGULATION OF TRANSLATION	down	0.030149258665923582	GO_BP_RNA
Happ2023	NEGATIVE REGULATION OF TRANSLATIONAL INITIATION	down	0.04271824627835159	GO_BP_RNA
Happ2023	NEGATIVE REGULATION OF T CELL MEDIATED IMMUNITY	up	0.012573394409237756	GO_BP_RNA
Happ2023	NEURON CELL CELL ADHESION	up	0.016699772639536713	GO_BP_RNA
Happ2023	NEURON PROJECTION GUIDANCE	up	0.018188705845103348	GO_BP_RNA
Happ2023	NEUROPEPTIDE SIGNALING PATHWAY	up	0.018437108334096567	GO_BP_RNA
Happ2023	NUCLEAR CHROMOSOME SEGREGATION	down	3.5541541227186556e-8	GO_BP_RNA
Happ2023	NUCLEAR TRANSCRIBED MRNA CATABOLIC PROCESS	down	0.005918529214719834	GO_BP_RNA
Happ2023	NUCLEAR TRANSPORT	down	0.010378381967284763	GO_BP_RNA
Happ2023	NUCLEIC ACID CATABOLIC PROCESS	down	0.02818568506989344	GO_BP_RNA
Happ2023	NUCLEOBASE CONTAINING COMPOUND TRANSPORT	down	0.009956360829979024	GO_BP_RNA
Happ2023	NUCLEOSOME ORGANIZATION	down	0.03448078289508565	GO_BP_RNA
Happ2023	NUCLEUS ORGANIZATION	down	0.04409962821005649	GO_BP_RNA
Happ2023	ORGANELLE FISSION	down	8.686977198013502e-10	GO_BP_RNA
Happ2023	ORGAN OR TISSUE SPECIFIC IMMUNE RESPONSE	down	0.007827606363394598	GO_BP_RNA
Happ2023	PEPTIDYL AMINO ACID MODIFICATION	down	0.003827837555207118	GO_BP_RNA
Happ2023	PEPTIDYL TYROSINE MODIFICATION	down	0.02951217771979511	GO_BP_RNA
Happ2023	PERIPHERAL NERVOUS SYSTEM NEURON DIFFERENTIATION	up	0.038374759535353985	GO_BP_RNA
Happ2023	PERK MEDIATED UNFOLDED PROTEIN RESPONSE	down	0.041671698531826014	GO_BP_RNA
Happ2023	PLACENTA DEVELOPMENT	down	0.007543286192897054	GO_BP_RNA
Happ2023	POSITIVE REGULATION OF CELL CYCLE	down	5.039910496129793e-6	GO_BP_RNA
Happ2023	POSITIVE REGULATION OF CELL CYCLE PHASE TRANSITION	down	0.012017045462215962	GO_BP_RNA
Happ2023	POSITIVE REGULATION OF CELL CYCLE PROCESS	down	4.553254116937889e-5	GO_BP_RNA
Happ2023	POSITIVE REGULATION OF CHROMOSOME ORGANIZATION	down	7.934986172204877e-4	GO_BP_RNA
Happ2023	POSITIVE REGULATION OF CHROMOSOME SEPARATION	down	0.01296437934468201	GO_BP_RNA
Happ2023	POSITIVE REGULATION OF DNA BINDING TRANSCRIPTION FACTOR ACTIVITY	down	0.04530025270335775	GO_BP_RNA
Happ2023	POSITIVE REGULATION OF DNA METABOLIC PROCESS	down	1.8343683576252867e-4	GO_BP_RNA
Happ2023	POSITIVE REGULATION OF EXCITATORY POSTSYNAPTIC POTENTIAL	up	0.0033589344876596553	GO_BP_RNA
Happ2023	POSITIVE REGULATION OF INTERLEUKIN 4 PRODUCTION	down	0.017956126712218794	GO_BP_RNA
Happ2023	POSITIVE REGULATION OF MITOTIC CELL CYCLE	down	0.017352967910868097	GO_BP_RNA
Happ2023	POSITIVE REGULATION OF MONOATOMIC ION TRANSPORT	up	0.029751615158927464	GO_BP_RNA
Happ2023	POSITIVE REGULATION OF ORGANELLE ORGANIZATION	down	0.015480715779335089	GO_BP_RNA
Happ2023	POSITIVE REGULATION OF ORGAN GROWTH	down	0.04390301954784046	GO_BP_RNA
Happ2023	POSITIVE REGULATION OF PROGRAMMED CELL DEATH	down	0.007178025220005367	GO_BP_RNA
Happ2023	POSITIVE REGULATION OF SYNAPSE ASSEMBLY	up	5.112372910458785e-4	GO_BP_RNA
Happ2023	POSITIVE REGULATION OF SYNAPTIC TRANSMISSION	up	0.007178025220005367	GO_BP_RNA
Happ2023	POSITIVE REGULATION OF TELOMERE MAINTENANCE	down	0.006789087543605326	GO_BP_RNA
Happ2023	POSITIVE REGULATION OF TRANSLATION	down	0.03770511141112815	GO_BP_RNA
Happ2023	POSTSYNAPSE ORGANIZATION	up	0.015667608896779706	GO_BP_RNA
Happ2023	POST TRANSCRIPTIONAL REGULATION OF GENE EXPRESSION	down	1.967586722031736e-6	GO_BP_RNA
Happ2023	POTASSIUM ION TRANSPORT	up	0.047364844434029045	GO_BP_RNA
Happ2023	PROTEASOME MEDIATED UBIQUITIN DEPENDENT PROTEIN CATABOLIC PROCESS	down	0.021530578854258058	GO_BP_RNA
Happ2023	PROTEIN DNA COMPLEX ORGANIZATION	down	1.8886203949987688e-5	GO_BP_RNA
Happ2023	PROTEIN FOLDING	down	0.0030825541640232693	GO_BP_RNA
Happ2023	PROTEIN FOLDING IN ENDOPLASMIC RETICULUM	down	0.03569970488146897	GO_BP_RNA
Happ2023	PROTEIN LOCALIZATION TO CELL JUNCTION	up	0.012573394409237756	GO_BP_RNA
Happ2023	PROTEIN LOCALIZATION TO CHROMOSOME	down	0.00886811008134493	GO_BP_RNA
Happ2023	PROTEIN LOCALIZATION TO CHROMOSOME CENTROMERIC REGION	down	0.029335042937457662	GO_BP_RNA
Happ2023	PROTEIN MATURATION	down	0.005531731364928682	GO_BP_RNA
Happ2023	PROTEIN N LINKED GLYCOSYLATION	down	0.013798920010752641	GO_BP_RNA
Happ2023	PROTEIN RNA COMPLEX ORGANIZATION	down	4.888207566869544e-4	GO_BP_RNA
Happ2023	RECOMBINATIONAL REPAIR	down	0.0024167982225547185	GO_BP_RNA
Happ2023	REGULATION OF ANATOMICAL STRUCTURE SIZE	up	0.00539138570031854	GO_BP_RNA
Happ2023	REGULATION OF APOPTOTIC SIGNALING PATHWAY	down	2.7607445503041838e-5	GO_BP_RNA
Happ2023	REGULATION OF AUTOPHAGY	down	0.011953284654084802	GO_BP_RNA
Happ2023	REGULATION OF BINDING	down	0.010806341379128509	GO_BP_RNA
Happ2023	REGULATION OF BLOOD CIRCULATION	up	0.022308111387208122	GO_BP_RNA
Happ2023	REGULATION OF CATECHOLAMINE SECRETION	up	0.020985176928867	GO_BP_RNA
Happ2023	REGULATION OF CELLULAR RESPONSE TO TRANSFORMING GROWTH FACTOR BETA STIMULUS	down	0.04390301954784046	GO_BP_RNA
Happ2023	REGULATION OF CELL CYCLE G2 M PHASE TRANSITION	down	0.007583543675657559	GO_BP_RNA
Happ2023	REGULATION OF CELL CYCLE PHASE TRANSITION	down	4.214169761080923e-5	GO_BP_RNA
Happ2023	REGULATION OF CHROMOSOME ORGANIZATION	down	3.38244349888379e-7	GO_BP_RNA
Happ2023	REGULATION OF CHROMOSOME SEGREGATION	down	1.8343683576252867e-4	GO_BP_RNA
Happ2023	REGULATION OF CYTOSOLIC CALCIUM ION CONCENTRATION	up	0.021974511850856904	GO_BP_RNA
Happ2023	REGULATION OF DNA BINDING	down	0.04409962821005649	GO_BP_RNA
Happ2023	REGULATION OF DNA BINDING TRANSCRIPTION FACTOR ACTIVITY	down	0.0035004706028677625	GO_BP_RNA
Happ2023	REGULATION OF DNA METABOLIC PROCESS	down	5.59673423461356e-8	GO_BP_RNA
Happ2023	REGULATION OF DNA RECOMBINATION	down	0.016310025216781338	GO_BP_RNA
Happ2023	REGULATION OF DNA REPAIR	down	0.005082439544113331	GO_BP_RNA
Happ2023	REGULATION OF DNA REPLICATION	down	0.0016715642193477578	GO_BP_RNA
Happ2023	REGULATION OF DNA TEMPLATED TRANSCRIPTION INITIATION	down	0.03448078289508565	GO_BP_RNA
Happ2023	REGULATION OF DOUBLE STRAND BREAK REPAIR	down	0.04852842645453638	GO_BP_RNA
Happ2023	REGULATION OF DOUBLE STRAND BREAK REPAIR VIA HOMOLOGOUS RECOMBINATION	down	0.021728515648284524	GO_BP_RNA
Happ2023	REGULATION OF FAT CELL DIFFERENTIATION	down	0.041245609910678875	GO_BP_RNA
Happ2023	REGULATION OF HEART CONTRACTION	up	0.03456621743620015	GO_BP_RNA
Happ2023	REGULATION OF HEART RATE BY CARDIAC CONDUCTION	up	0.04730278463727333	GO_BP_RNA
Happ2023	REGULATION OF INTRINSIC APOPTOTIC SIGNALING PATHWAY	down	0.0013357340574423064	GO_BP_RNA
Happ2023	REGULATION OF LEUKOCYTE CHEMOTAXIS	down	0.041448314517688656	GO_BP_RNA
Happ2023	REGULATION OF MEMBRANE POTENTIAL	up	6.605693412973704e-6	GO_BP_RNA
Happ2023	REGULATION OF MITOTIC CELL CYCLE	down	3.634002828980095e-7	GO_BP_RNA
Happ2023	REGULATION OF MITOTIC CELL CYCLE PHASE TRANSITION	down	5.37695180774036e-5	GO_BP_RNA
Happ2023	REGULATION OF MITOTIC NUCLEAR DIVISION	down	6.122068041577619e-5	GO_BP_RNA
Happ2023	REGULATION OF MITOTIC SISTER CHROMATID SEGREGATION	down	0.0033848516080973077	GO_BP_RNA
Happ2023	REGULATION OF MONOATOMIC ION TRANSPORT	up	0.04814253364273409	GO_BP_RNA
Happ2023	REGULATION OF MRNA METABOLIC PROCESS	down	0.01431865334449097	GO_BP_RNA
Happ2023	REGULATION OF NERVOUS SYSTEM PROCESS	up	0.0014272836308019522	GO_BP_RNA
Happ2023	REGULATION OF NUCLEAR DIVISION	down	3.9169379019687676e-5	GO_BP_RNA
Happ2023	REGULATION OF PHOSPHORYLATION	down	0.009096103352061324	GO_BP_RNA
Happ2023	REGULATION OF POSTSYNAPTIC MEMBRANE POTENTIAL	up	2.542606245348469e-5	GO_BP_RNA
Happ2023	REGULATION OF POST TRANSLATIONAL PROTEIN MODIFICATION	down	0.019303411532871406	GO_BP_RNA
Happ2023	REGULATION OF REPRODUCTIVE PROCESS	down	0.021068425823316576	GO_BP_RNA
Happ2023	REGULATION OF RESPONSE TO ENDOPLASMIC RETICULUM STRESS	down	0.006213879981093083	GO_BP_RNA
Happ2023	REGULATION OF SIGNAL TRANSDUCTION BY P53 CLASS MEDIATOR	down	0.0038197780343635296	GO_BP_RNA
Happ2023	REGULATION OF SISTER CHROMATID SEGREGATION	down	0.0022998096117344265	GO_BP_RNA
Happ2023	REGULATION OF SPINDLE CHECKPOINT	down	0.03416634684201752	GO_BP_RNA
Happ2023	REGULATION OF SYNAPSE ASSEMBLY	up	2.1875417431462373e-4	GO_BP_RNA
Happ2023	REGULATION OF SYNAPSE STRUCTURE OR ACTIVITY	up	7.724056443972053e-5	GO_BP_RNA
Happ2023	REGULATION OF SYNAPTIC PLASTICITY	up	0.015125625584654903	GO_BP_RNA
Happ2023	REGULATION OF SYSTEM PROCESS	up	0.010887291776260799	GO_BP_RNA
Happ2023	REGULATION OF TELOMERE MAINTENANCE	down	0.004838461358468411	GO_BP_RNA
Happ2023	REGULATION OF TRANSFERASE ACTIVITY	down	0.03444581116734515	GO_BP_RNA
Happ2023	REGULATION OF TRANSLATION	down	2.511434743281016e-7	GO_BP_RNA
Happ2023	REGULATION OF TRANSLATIONAL INITIATION	down	0.0048598826030927765	GO_BP_RNA
Happ2023	REGULATION OF TRANSMISSION OF NERVE IMPULSE	up	0.04271824627835159	GO_BP_RNA
Happ2023	REGULATION OF TRANS SYNAPTIC SIGNALING	up	2.7607445503041838e-5	GO_BP_RNA
Happ2023	REGULATION OF UBIQUITIN PROTEIN LIGASE ACTIVITY	down	0.023518808463755037	GO_BP_RNA
Happ2023	REPRODUCTIVE SYSTEM DEVELOPMENT	down	0.04409962821005649	GO_BP_RNA
Happ2023	RESPONSE TO ENDOPLASMIC RETICULUM STRESS	down	4.51569303129211e-8	GO_BP_RNA
Happ2023	RESPONSE TO IONIZING RADIATION	down	0.025014067723054128	GO_BP_RNA
Happ2023	RESPONSE TO OXYGEN LEVELS	down	0.006538431344486084	GO_BP_RNA
Happ2023	RESPONSE TO STARVATION	down	0.033871277297813945	GO_BP_RNA
Happ2023	RESPONSE TO TOPOLOGICALLY INCORRECT PROTEIN	down	4.0324032151431015e-4	GO_BP_RNA
Happ2023	RESPONSE TO TRANSFORMING GROWTH FACTOR BETA	down	0.028954081000163882	GO_BP_RNA
Happ2023	RESPONSE TO UV	down	0.019303411532871406	GO_BP_RNA
Happ2023	RESPONSE TO UV B	down	0.03416634684201752	GO_BP_RNA
Happ2023	RIBONUCLEOPROTEIN COMPLEX BIOGENESIS	down	1.86630649387316e-18	GO_BP_RNA
Happ2023	RIBOSOMAL LARGE SUBUNIT BIOGENESIS	down	1.8343683576252867e-4	GO_BP_RNA
Happ2023	RIBOSOMAL SMALL SUBUNIT BIOGENESIS	down	1.7088495423383934e-9	GO_BP_RNA
Happ2023	RIBOSOME ASSEMBLY	down	7.014914756747853e-4	GO_BP_RNA
Happ2023	RIBOSOME BIOGENESIS	down	1.3548483378698358e-18	GO_BP_RNA
Happ2023	RNA 3 END PROCESSING	down	0.012036109532979192	GO_BP_RNA
Happ2023	RNA 5 END PROCESSING	down	0.03416634684201752	GO_BP_RNA
Happ2023	RNA LOCALIZATION	down	0.004838461358468411	GO_BP_RNA
Happ2023	RNA METHYLATION	down	0.009245319905511262	GO_BP_RNA
Happ2023	RNA MODIFICATION	down	9.338901199753757e-7	GO_BP_RNA
Happ2023	RNA SPLICING	down	8.187979821361252e-9	GO_BP_RNA
Happ2023	RNA SPLICING VIA TRANSESTERIFICATION REACTIONS	down	1.5047023873545302e-5	GO_BP_RNA
Happ2023	RNA TEMPLATED DNA BIOSYNTHETIC PROCESS	down	0.015667608896779706	GO_BP_RNA
Happ2023	RRNA METABOLIC PROCESS	down	2.275734337254573e-10	GO_BP_RNA
Happ2023	RRNA PROCESSING	down	4.4767363511030503e-13	GO_BP_RNA
Happ2023	SEX DIFFERENTIATION	down	0.01606212843899685	GO_BP_RNA
Happ2023	SIGNAL TRANSDUCTION BY P53 CLASS MEDIATOR	down	8.996212087522552e-5	GO_BP_RNA
Happ2023	SIGNAL TRANSDUCTION IN RESPONSE TO DNA DAMAGE	down	0.01510924874852899	GO_BP_RNA
Happ2023	SISTER CHROMATID SEGREGATION	down	5.348601112387768e-8	GO_BP_RNA
Happ2023	SNARE COMPLEX ASSEMBLY	up	0.04074269548684396	GO_BP_RNA
Happ2023	SNRNA METABOLIC PROCESS	down	0.009096103352061324	GO_BP_RNA
Happ2023	SPINDLE ASSEMBLY	down	7.014914756747853e-4	GO_BP_RNA
Happ2023	SPINDLE ORGANIZATION	down	1.8343683576252867e-4	GO_BP_RNA
Happ2023	SYNAPSE ASSEMBLY	up	3.0051258755039138e-5	GO_BP_RNA
Happ2023	SYNAPTIC TRANSMISSION GLUTAMATERGIC	up	0.005103166463884575	GO_BP_RNA
Happ2023	TELOMERE MAINTENANCE VIA TELOMERE LENGTHENING	down	0.03898589937603709	GO_BP_RNA
Happ2023	TELOMERE ORGANIZATION	down	2.3839819212098139e-4	GO_BP_RNA
Happ2023	TRANSCRIPTION BY RNA POLYMERASE I	down	0.02110556344600287	GO_BP_RNA
Happ2023	TRANSCRIPTION INITIATION AT RNA POLYMERASE II PROMOTER	down	0.004189961820340606	GO_BP_RNA
Happ2023	TRANSFORMING GROWTH FACTOR BETA RECEPTOR SIGNALING PATHWAY	down	0.029657667844657162	GO_BP_RNA
Happ2023	TRANSLATIONAL ELONGATION	down	0.03456621743620015	GO_BP_RNA
Happ2023	TRANSLATIONAL INITIATION	down	1.0041303381675653e-4	GO_BP_RNA
Happ2023	TRANSMISSION OF NERVE IMPULSE	up	0.04409962821005649	GO_BP_RNA
Happ2023	TRNA METABOLIC PROCESS	down	1.167136905278727e-7	GO_BP_RNA
Happ2023	TRNA MODIFICATION	down	0.0013777149088669944	GO_BP_RNA
Happ2023	TRNA PROCESSING	down	1.8343683576252867e-4	GO_BP_RNA
Happ2023	TROPHECTODERMAL CELL DIFFERENTIATION	down	0.023518808463755037	GO_BP_RNA
Happ2023	VIRAL GENE EXPRESSION	down	0.005908365794135781	GO_BP_RNA
Happ2023	VIRAL PROCESS	down	0.0052602638744204825	GO_BP_RNA
Happ2023	AMINE TRANSPORT	up	0.02757818110809936	GO_BP_RNA
Happ2023	ATF6 MEDIATED UNFOLDED PROTEIN RESPONSE	down	0.033880617886443705	GO_BP_RNA
Happ2023	BIOLOGICAL PROCESS INVOLVED IN INTRASPECIES INTERACTION BETWEEN ORGANISMS	up	4.446206738224959e-4	GO_BP_RNA
Happ2023	BLOOD VESSEL ENDOTHELIAL CELL DIFFERENTIATION	down	0.03941271878650292	GO_BP_RNA
Happ2023	BLOOD VESSEL REMODELING	up	0.009101620831242899	GO_BP_RNA
Happ2023	CELLULAR RESPONSE TO INSULIN STIMULUS	down	0.03941271878650292	GO_BP_RNA
Happ2023	CELL SURFACE RECEPTOR PROTEIN SERINE THREONINE KINASE SIGNALING PATHWAY	down	0.047296867210102726	GO_BP_RNA
Happ2023	CHAPERONE MEDIATED PROTEIN FOLDING	down	0.03499486609716411	GO_BP_RNA
Happ2023	COGNITION	up	0.007182710732937046	GO_BP_RNA
Happ2023	CYTOPLASMIC TRANSLATIONAL INITIATION	down	0.031703491917953075	GO_BP_RNA
Happ2023	DRINKING BEHAVIOR	up	0.030597511268031695	GO_BP_RNA
Happ2023	ENDOPLASMIC RETICULUM TO CYTOSOL TRANSPORT	down	0.02757818110809936	GO_BP_RNA
Happ2023	ENDOPLASMIC RETICULUM TO GOLGI VESICLE MEDIATED TRANSPORT	down	6.544539047789182e-4	GO_BP_RNA
Happ2023	FAT CELL DIFFERENTIATION	down	0.005744279248950604	GO_BP_RNA
Happ2023	GLUCOSE METABOLIC PROCESS	down	0.02524877474500693	GO_BP_RNA
Happ2023	GOLGI VESICLE TRANSPORT	down	0.01730001455345413	GO_BP_RNA
Happ2023	HOMOPHILIC CELL ADHESION VIA PLASMA MEMBRANE ADHESION MOLECULES	up	0.011826145826533574	GO_BP_RNA
Happ2023	INTRINSIC APOPTOTIC SIGNALING PATHWAY IN RESPONSE TO DNA DAMAGE	down	0.0414489073376047	GO_BP_RNA
Happ2023	IRE1 MEDIATED UNFOLDED PROTEIN RESPONSE	down	0.03498584987010542	GO_BP_RNA
Happ2023	LUNG VASCULATURE DEVELOPMENT	down	0.01730001455345413	GO_BP_RNA
Happ2023	MACROAUTOPHAGY	down	0.00605142503215686	GO_BP_RNA
Happ2023	MONOAMINE TRANSPORT	up	0.03506093050303136	GO_BP_RNA
Happ2023	MONOCYTE ACTIVATION	down	0.01730001455345413	GO_BP_RNA
Happ2023	MONONUCLEAR CELL DIFFERENTIATION	down	0.007799021503660541	GO_BP_RNA
Happ2023	MONOSACCHARIDE METABOLIC PROCESS	down	0.029424726627160263	GO_BP_RNA
Happ2023	NEGATIVE REGULATION OF CELL CELL ADHESION	down	0.033880617886443705	GO_BP_RNA
Happ2023	NEGATIVE REGULATION OF ENDOPLASMIC RETICULUM UNFOLDED PROTEIN RESPONSE	down	0.03941271878650292	GO_BP_RNA
Happ2023	NEGATIVE REGULATION OF INTRINSIC APOPTOTIC SIGNALING PATHWAY	down	0.007799021503660541	GO_BP_RNA
Happ2023	NEGATIVE REGULATION OF RESPONSE TO ENDOPLASMIC RETICULUM STRESS	down	0.021906953609429087	GO_BP_RNA
Happ2023	NEGATIVE REGULATION OF VASOCONSTRICTION	down	0.03941271878650292	GO_BP_RNA
Happ2023	NEURON FATE DETERMINATION	up	0.028579438863639377	GO_BP_RNA
Happ2023	NOREPINEPHRINE SECRETION	up	0.001527495881535704	GO_BP_RNA
Happ2023	PARENTAL BEHAVIOR	up	0.03506093050303136	GO_BP_RNA
Happ2023	POSITIVE REGULATION OF APOPTOTIC SIGNALING PATHWAY	down	0.013283041945352216	GO_BP_RNA
Happ2023	POSITIVE REGULATION OF AUTOPHAGY	down	0.011826145826533574	GO_BP_RNA
Happ2023	POSITIVE REGULATION OF CAMP PKA SIGNAL TRANSDUCTION	up	0.030597511268031695	GO_BP_RNA
Happ2023	POSITIVE REGULATION OF MACROAUTOPHAGY	down	0.04997899162520921	GO_BP_RNA
Happ2023	POSITIVE REGULATION OF RESPONSE TO ENDOPLASMIC RETICULUM STRESS	down	0.03941271878650292	GO_BP_RNA
Happ2023	PROTEINOGENIC AMINO ACID BIOSYNTHETIC PROCESS	down	0.03941271878650292	GO_BP_RNA
Happ2023	PROTEIN EXIT FROM ENDOPLASMIC RETICULUM	down	0.013283041945352216	GO_BP_RNA
Happ2023	PROTEIN LOCALIZATION TO MITOCHONDRION	down	0.03941271878650292	GO_BP_RNA
Happ2023	PROTEIN LOCALIZATION TO NUCLEUS	down	0.031703491917953075	GO_BP_RNA
Happ2023	PROTEIN N LINKED GLYCOSYLATION VIA ASPARAGINE	down	0.04325896033285013	GO_BP_RNA
Happ2023	REGULATION OF DNA BIOSYNTHETIC PROCESS	down	0.04392759477310995	GO_BP_RNA
Happ2023	REGULATION OF ENDOPLASMIC RETICULUM STRESS INDUCED INTRINSIC APOPTOTIC SIGNALING PATHWAY	down	0.01730001455345413	GO_BP_RNA
Happ2023	REGULATION OF ENDOPLASMIC RETICULUM UNFOLDED PROTEIN RESPONSE	down	0.020578284036087826	GO_BP_RNA
Happ2023	REGULATION OF MACROAUTOPHAGY	down	0.030597511268031695	GO_BP_RNA
Happ2023	REGULATION OF PRESYNAPTIC MEMBRANE POTENTIAL	up	0.04604753765547893	GO_BP_RNA
Happ2023	REGULATION OF PROTEIN STABILITY	down	0.04325896033285013	GO_BP_RNA
Happ2023	REGULATION OF VASCULATURE DEVELOPMENT	down	0.04392759477310995	GO_BP_RNA
Happ2023	RESPONSE TO INSULIN	down	0.010600605138364326	GO_BP_RNA
Happ2023	RESPONSE TO PEPTIDE HORMONE	down	0.0467595588741021	GO_BP_RNA
Happ2023	RESPONSE TO PROGESTERONE	up	0.031167921133898092	GO_BP_RNA
Happ2023	RESPONSE TO YEAST	down	0.03941271878650292	GO_BP_RNA
Happ2023	RETINAL CONE CELL DEVELOPMENT	up	0.03393087225269142	GO_BP_RNA
Happ2023	VITAMIN TRANSPORT	down	0.033880617886443705	GO_BP_RNA
Happ2023	AEROBIC RESPIRATION	down	0.0021627830513453647	GO_BP_RNA
Happ2023	ANTIGEN PROCESSING AND PRESENTATION	down	0.0419971997456396	GO_BP_RNA
Happ2023	ATP SYNTHESIS COUPLED ELECTRON TRANSPORT	down	0.022017217923262885	GO_BP_RNA
Happ2023	ATRIAL CARDIAC MUSCLE TISSUE DEVELOPMENT	up	0.018815225553160297	GO_BP_RNA
Happ2023	AXONEMAL DYNEIN COMPLEX ASSEMBLY	up	0.00928209020363476	GO_BP_RNA
Happ2023	AXONEME ASSEMBLY	up	1.4556183822621544e-6	GO_BP_RNA
Happ2023	CELLULAR RESPIRATION	down	0.0017779287434718622	GO_BP_RNA
Happ2023	CELLULAR RESPONSE TO GLUCAGON STIMULUS	down	0.04752235392046012	GO_BP_RNA
Happ2023	CELLULAR RESPONSE TO KETONE	down	0.03028610778532367	GO_BP_RNA
Happ2023	CELLULAR RESPONSE TO LAMINAR FLUID SHEAR STRESS	down	0.03501275121438964	GO_BP_RNA
Happ2023	CELLULAR RESPONSE TO UV	down	0.0436264720578759	GO_BP_RNA
Happ2023	CELL CELL ADHESION VIA PLASMA MEMBRANE ADHESION MOLECULES	up	0.030917997725672056	GO_BP_RNA
Happ2023	CELL DIFFERENTIATION IN SPINAL CORD	up	0.00291946586752774	GO_BP_RNA
Happ2023	CHROMATIN REMODELING AT CENTROMERE	down	0.04598575740359209	GO_BP_RNA
Happ2023	CILIUM MOVEMENT	up	3.4552863360208003e-10	GO_BP_RNA
Happ2023	CILIUM ORGANIZATION	up	0.0024480196000918305	GO_BP_RNA
Happ2023	CILIUM OR FLAGELLUM DEPENDENT CELL MOTILITY	up	8.367322144224431e-8	GO_BP_RNA
Happ2023	DIENCEPHALON DEVELOPMENT	up	0.010269993358303633	GO_BP_RNA
Happ2023	DORSAL SPINAL CORD DEVELOPMENT	up	0.03211626490997362	GO_BP_RNA
Happ2023	ELECTRON TRANSPORT CHAIN	down	0.01484442063603614	GO_BP_RNA
Happ2023	ENERGY DERIVATION BY OXIDATION OF ORGANIC COMPOUNDS	down	0.013539370591151925	GO_BP_RNA
Happ2023	EPIDERMAL CELL DIFFERENTIATION	down	0.04410603298989235	GO_BP_RNA
Happ2023	EPIDERMIS DEVELOPMENT	down	0.041011135128963074	GO_BP_RNA
Happ2023	EXTRACELLULAR TRANSPORT	up	0.003539767066244129	GO_BP_RNA
Happ2023	GENERATION OF PRECURSOR METABOLITES AND ENERGY	down	0.005049567579056229	GO_BP_RNA
Happ2023	HEART TRABECULA FORMATION	down	0.028723832580150967	GO_BP_RNA
Happ2023	HORMONE CATABOLIC PROCESS	up	0.04919904402863336	GO_BP_RNA
Happ2023	HYPOTHALAMUS DEVELOPMENT	up	0.027848800005416462	GO_BP_RNA
Happ2023	KERATINOCYTE DIFFERENTIATION	down	0.02750553030137464	GO_BP_RNA
Happ2023	MAMMALIAN OOGENESIS STAGE	up	0.04919904402863336	GO_BP_RNA
Happ2023	MESENCHYMAL CELL PROLIFERATION	up	0.04839289050331552	GO_BP_RNA
Happ2023	MICROTUBULE BASED MOVEMENT	up	9.72719108903192e-6	GO_BP_RNA
Happ2023	MICROTUBULE BUNDLE FORMATION	up	1.2512985731529317e-4	GO_BP_RNA
Happ2023	MITOCHONDRIAL TRANSPORT	down	0.014074439845377876	GO_BP_RNA
Happ2023	MOTILE CILIUM ASSEMBLY	up	0.04375607148580768	GO_BP_RNA
Happ2023	MRNA EXPORT FROM NUCLEUS	down	0.021230463956202976	GO_BP_RNA
Happ2023	MRNA MODIFICATION	down	0.03028610778532367	GO_BP_RNA
Happ2023	MRNA PSEUDOURIDINE SYNTHESIS	down	0.04405677228959316	GO_BP_RNA
Happ2023	NEGATIVE REGULATION OF AMIDE METABOLIC PROCESS	up	0.009403706063342671	GO_BP_RNA
Happ2023	NEGATIVE REGULATION OF LYMPHOCYTE APOPTOTIC PROCESS	down	0.03422053726674179	GO_BP_RNA
Happ2023	NEGATIVE REGULATION OF MEMBRANE PERMEABILITY	down	0.04063077435268064	GO_BP_RNA
Happ2023	NEGATIVE REGULATION OF TRANSFORMING GROWTH FACTOR BETA RECEPTOR SIGNALING PATHWAY	down	0.03817177925725293	GO_BP_RNA
Happ2023	NUCLEAR EXPORT	down	0.013846150073111099	GO_BP_RNA
Happ2023	NUCLEOSIDE PHOSPHATE BIOSYNTHETIC PROCESS	down	0.007502533862846969	GO_BP_RNA
Happ2023	NUCLEOSIDE TRIPHOSPHATE BIOSYNTHETIC PROCESS	down	0.01900024696153471	GO_BP_RNA
Happ2023	NUCLEOTIDE BIOSYNTHETIC PROCESS	down	0.038724857590324235	GO_BP_RNA
Happ2023	NUCLEOTIDE METABOLIC PROCESS	down	0.04562528180195694	GO_BP_RNA
Happ2023	OXIDATIVE PHOSPHORYLATION	down	0.013539370591151925	GO_BP_RNA
Happ2023	PITUITARY GLAND DEVELOPMENT	up	0.03422053726674179	GO_BP_RNA
Happ2023	POSITIVE REGULATION OF CALCIUM ION TRANSPORT	up	0.04916321527355876	GO_BP_RNA
Happ2023	POSITIVE REGULATION OF DNA REPAIR	down	0.03486388441743049	GO_BP_RNA
Happ2023	POSITIVE REGULATION OF FAT CELL DIFFERENTIATION	down	0.032444494262433565	GO_BP_RNA
Happ2023	POSITIVE REGULATION OF VIRAL PROCESS	down	0.049151446307922904	GO_BP_RNA
Happ2023	PROTEIN METHYLATION	down	0.036742413772798785	GO_BP_RNA
Happ2023	PROTEIN MODIFICATION BY SMALL PROTEIN REMOVAL	down	0.026525638147231842	GO_BP_RNA
Happ2023	PROTEIN TARGETING	down	0.03798423974632573	GO_BP_RNA
Happ2023	PSEUDOURIDINE SYNTHESIS	down	0.013445348570651258	GO_BP_RNA
Happ2023	PURINE CONTAINING COMPOUND BIOSYNTHETIC PROCESS	down	0.024160468801046924	GO_BP_RNA
Happ2023	PURINE NUCLEOSIDE BIOSYNTHETIC PROCESS	down	0.04406032675511844	GO_BP_RNA
Happ2023	REGULATION OF CELL CYCLE CHECKPOINT	down	0.029070521254300475	GO_BP_RNA
Happ2023	REGULATION OF MESENCHYMAL CELL PROLIFERATION	up	0.008546481706596824	GO_BP_RNA
Happ2023	REGULATION OF PROTEOLYSIS INVOLVED IN PROTEIN CATABOLIC PROCESS	down	0.03315145555125402	GO_BP_RNA
Happ2023	REGULATION OF RNA SPLICING	down	0.026525638147231842	GO_BP_RNA
Happ2023	REGULATION OF TELOMERASE RNA LOCALIZATION TO CAJAL BODY	down	0.03486388441743049	GO_BP_RNA
Happ2023	RESPONSE TO KETONE	down	0.02750553030137464	GO_BP_RNA
Happ2023	RESPONSE TO LEUKEMIA INHIBITORY FACTOR	down	0.04752235392046012	GO_BP_RNA
Happ2023	RESPONSE TO NUTRIENT LEVELS	down	0.04410603298989235	GO_BP_RNA
Happ2023	RETINAL CONE CELL DIFFERENTIATION	up	0.0419971997456396	GO_BP_RNA
Happ2023	RIBOSOME DISASSEMBLY	down	0.0436264720578759	GO_BP_RNA
Happ2023	RNA EXPORT FROM NUCLEUS	down	0.015936375033657683	GO_BP_RNA
Happ2023	SPERM AXONEME ASSEMBLY	up	0.010507762488993383	GO_BP_RNA
Happ2023	SPINAL CORD ASSOCIATION NEURON DIFFERENTIATION	up	0.04916321527355876	GO_BP_RNA
Happ2023	SPINAL CORD DEVELOPMENT	up	0.00291946586752774	GO_BP_RNA
Happ2023	SPLICEOSOMAL COMPLEX ASSEMBLY	down	0.034095306732325636	GO_BP_RNA
Happ2023	U2 TYPE PRESPLICEOSOME ASSEMBLY	down	0.042113892082910775	GO_BP_RNA
Happ2023	VASCULAR PROCESS IN CIRCULATORY SYSTEM	up	0.04752235392046012	GO_BP_RNA
Happ2023	VIRAL LIFE CYCLE	down	0.04598575740359209	GO_BP_RNA
Happ2023	WATER TRANSPORT	up	0.025697245049092345	GO_BP_RNA
Happ2023	ZINC ION IMPORT ACROSS PLASMA MEMBRANE	down	0.028723832580150967	GO_BP_RNA
Hawkins2024	RESPONSE TO MAGNESIUM ION	down	0.00468667898993653	GO_BP_RNA
Zhang2021	ACTIN FILAMENT BASED MOVEMENT	up	0.013794231978108695	GO_BP_RNA
Zhang2021	ACTIN MEDIATED CELL CONTRACTION	up	0.014631814850282325	GO_BP_RNA
Zhang2021	ACTION POTENTIAL	up	8.658232365523436e-4	GO_BP_RNA
Zhang2021	ACTIVATION OF IMMUNE RESPONSE	up	0.020405903791750734	GO_BP_RNA
Zhang2021	ACTIVATION OF INNATE IMMUNE RESPONSE	up	0.024062356300150252	GO_BP_RNA
Zhang2021	ADENYLATE CYCLASE ACTIVATING G PROTEIN COUPLED RECEPTOR SIGNALING PATHWAY	up	0.01212967307813801	GO_BP_RNA
Zhang2021	ADENYLATE CYCLASE MODULATING G PROTEIN COUPLED RECEPTOR SIGNALING PATHWAY	up	0.004970244263289312	GO_BP_RNA
Zhang2021	ADULT BEHAVIOR	up	0.028736682985921733	GO_BP_RNA
Zhang2021	AMEBOIDAL TYPE CELL MIGRATION	up	0.0052617127977973065	GO_BP_RNA
Zhang2021	AMIDE BIOSYNTHETIC PROCESS	up	0.04126327885508563	GO_BP_RNA
Zhang2021	AMIDE METABOLIC PROCESS	up	0.002296985833728856	GO_BP_RNA
Zhang2021	AMIDE TRANSPORT	up	0.0030645904786511372	GO_BP_RNA
Zhang2021	AMINO ACID TRANSPORT	up	0.025066411821482025	GO_BP_RNA
Zhang2021	ANATOMICAL STRUCTURE MATURATION	up	0.042378232564345045	GO_BP_RNA
Zhang2021	AORTA DEVELOPMENT	up	0.04028070157044947	GO_BP_RNA
Zhang2021	ARTERY DEVELOPMENT	up	0.03764065630714636	GO_BP_RNA
Zhang2021	ASSOCIATIVE LEARNING	up	0.013237011779493404	GO_BP_RNA
Zhang2021	AUTOPHAGOSOME ORGANIZATION	up	0.03163627783651537	GO_BP_RNA
Zhang2021	AXONAL TRANSPORT	up	0.03692980201182734	GO_BP_RNA
Zhang2021	AXON DEVELOPMENT	up	7.566104659277816e-6	GO_BP_RNA
Zhang2021	AXO DENDRITIC TRANSPORT	up	0.013236821435663211	GO_BP_RNA
Zhang2021	BIOLOGICAL PROCESS INVOLVED IN INTERACTION WITH HOST	up	0.010683679952806004	GO_BP_RNA
Zhang2021	BIOLOGICAL PROCESS INVOLVED IN SYMBIOTIC INTERACTION	up	0.0066563952483394044	GO_BP_RNA
Zhang2021	BIOMINERAL TISSUE DEVELOPMENT	up	0.010683679952806004	GO_BP_RNA
Zhang2021	BLOOD VESSEL ENDOTHELIAL CELL MIGRATION	up	0.00025737345281790414	GO_BP_RNA
Zhang2021	BLOOD VESSEL ENDOTHELIAL CELL PROLIFERATION INVOLVED IN SPROUTING ANGIOGENESIS	up	0.037413191684076884	GO_BP_RNA
Zhang2021	BODY FLUID SECRETION	up	6.319438939558113e-4	GO_BP_RNA
Zhang2021	BODY MORPHOGENESIS	up	0.01636591621118441	GO_BP_RNA
Zhang2021	BONE DEVELOPMENT	up	0.04012042510467037	GO_BP_RNA
Zhang2021	BONE MINERALIZATION	up	0.007569497323873882	GO_BP_RNA
Zhang2021	BROWN FAT CELL DIFFERENTIATION	up	0.017189760625226876	GO_BP_RNA
Zhang2021	B CELL ACTIVATION	up	0.039772378737209436	GO_BP_RNA
Zhang2021	CALCIUM ION HOMEOSTASIS	up	6.49665121261029e-4	GO_BP_RNA
Zhang2021	CALCIUM ION TRANSMEMBRANE TRANSPORT	up	0.013469063332757292	GO_BP_RNA
Zhang2021	CALCIUM ION TRANSPORT	up	0.0013815371716423344	GO_BP_RNA
Zhang2021	CAMP METABOLIC PROCESS	up	0.008085522039786103	GO_BP_RNA
Zhang2021	CANONICAL NF KAPPAB SIGNAL TRANSDUCTION	up	0.04576217561201848	GO_BP_RNA
Zhang2021	CANONICAL WNT SIGNALING PATHWAY	up	6.650802175649431e-4	GO_BP_RNA
Zhang2021	CARBOHYDRATE BIOSYNTHETIC PROCESS	up	0.049503865298702765	GO_BP_RNA
Zhang2021	CARBOHYDRATE DERIVATIVE CATABOLIC PROCESS	up	0.03479181847388209	GO_BP_RNA
Zhang2021	CARBOHYDRATE METABOLIC PROCESS	up	6.881270165233279e-4	GO_BP_RNA
Zhang2021	CARBOHYDRATE TRANSPORT	up	0.010453888758957015	GO_BP_RNA
Zhang2021	CARDIAC CHAMBER DEVELOPMENT	up	0.04576217561201848	GO_BP_RNA
Zhang2021	CARDIAC CONDUCTION	up	0.006499599554928526	GO_BP_RNA
Zhang2021	CARDIAC MUSCLE CELL ACTION POTENTIAL	up	0.011365682992862688	GO_BP_RNA
Zhang2021	CARDIAC MUSCLE CELL ACTION POTENTIAL INVOLVED IN CONTRACTION	up	0.02445811895541669	GO_BP_RNA
Zhang2021	CARDIAC MUSCLE CELL CONTRACTION	up	0.010460476780557098	GO_BP_RNA
Zhang2021	CARDIAC MUSCLE CONTRACTION	up	0.006499599554928526	GO_BP_RNA
Zhang2021	CARDIAC MUSCLE TISSUE DEVELOPMENT	up	0.013236821435663211	GO_BP_RNA
Zhang2021	CARTILAGE DEVELOPMENT	up	0.0369198709650098	GO_BP_RNA
Zhang2021	CELLULAR HYPEROSMOTIC RESPONSE	up	0.01555482839152192	GO_BP_RNA
Zhang2021	CELLULAR RESPONSE TO ABIOTIC STIMULUS	up	0.0018157865767509324	GO_BP_RNA
Zhang2021	CELLULAR RESPONSE TO ALCOHOL	up	0.012128683081514543	GO_BP_RNA
Zhang2021	CELLULAR RESPONSE TO ANGIOTENSIN	up	0.04925978877865732	GO_BP_RNA
Zhang2021	CELLULAR RESPONSE TO CALCIUM ION	up	0.011365682992862688	GO_BP_RNA
Zhang2021	CELLULAR RESPONSE TO CHEMICAL STRESS	up	2.699737694841796e-4	GO_BP_RNA
Zhang2021	CELLULAR RESPONSE TO EXTERNAL STIMULUS	up	0.014518862272787633	GO_BP_RNA
Zhang2021	CELLULAR RESPONSE TO HEAT	up	0.03487752025841751	GO_BP_RNA
Zhang2021	CELLULAR RESPONSE TO INSULIN STIMULUS	up	0.013099088881578156	GO_BP_RNA
Zhang2021	CELLULAR RESPONSE TO INTERLEUKIN 1	up	0.04375610620769831	GO_BP_RNA
Zhang2021	CELLULAR RESPONSE TO KETONE	up	0.0015641368082628046	GO_BP_RNA
Zhang2021	CELLULAR RESPONSE TO METAL ION	up	6.650802175649431e-4	GO_BP_RNA
Zhang2021	CELLULAR RESPONSE TO NUTRIENT LEVELS	up	0.005136158861679997	GO_BP_RNA
Zhang2021	CELLULAR RESPONSE TO OSMOTIC STRESS	up	0.0010987626911483192	GO_BP_RNA
Zhang2021	CELLULAR RESPONSE TO OXIDATIVE STRESS	up	0.017001042541774158	GO_BP_RNA
Zhang2021	CELLULAR RESPONSE TO OXYGEN LEVELS	up	0.0018157865767509324	GO_BP_RNA
Zhang2021	CELLULAR RESPONSE TO PEPTIDE HORMONE STIMULUS	up	7.95539332317656e-4	GO_BP_RNA
Zhang2021	CELLULAR RESPONSE TO REACTIVE OXYGEN SPECIES	up	0.019152196143049086	GO_BP_RNA
Zhang2021	CELLULAR RESPONSE TO RETINOIC ACID	up	0.04925978877865732	GO_BP_RNA
Zhang2021	CELLULAR RESPONSE TO STARVATION	up	0.014139857505316033	GO_BP_RNA
Zhang2021	CELLULAR RESPONSE TO STEROID HORMONE STIMULUS	up	0.014139857505316033	GO_BP_RNA
Zhang2021	CELLULAR RESPONSE TO XENOBIOTIC STIMULUS	up	0.049998034044497965	GO_BP_RNA
Zhang2021	CELL CELL ADHESION VIA PLASMA MEMBRANE ADHESION MOLECULES	up	0.01020384725467379	GO_BP_RNA
Zhang2021	CELL CELL JUNCTION ASSEMBLY	up	0.006026963126070634	GO_BP_RNA
Zhang2021	CELL CELL JUNCTION ORGANIZATION	up	0.00231607219680576	GO_BP_RNA
Zhang2021	CELL COMMUNICATION BY ELECTRICAL COUPLING	up	0.04925978877865732	GO_BP_RNA
Zhang2021	CELL FATE COMMITMENT	up	0.00937332774167018	GO_BP_RNA
Zhang2021	CELL GROWTH	up	6.077059181849509e-4	GO_BP_RNA
Zhang2021	CELL JUNCTION ASSEMBLY	up	8.938599416140306e-6	GO_BP_RNA
Zhang2021	CELL MIGRATION INVOLVED IN SPROUTING ANGIOGENESIS	up	0.0013273316065889119	GO_BP_RNA
Zhang2021	CELL SUBSTRATE ADHESION	up	0.014964016105168971	GO_BP_RNA
Zhang2021	CELL SURFACE RECEPTOR PROTEIN SERINE THREONINE KINASE SIGNALING PATHWAY	up	8.256232909432734e-4	GO_BP_RNA
Zhang2021	CELL VOLUME HOMEOSTASIS	up	0.026627548943675326	GO_BP_RNA
Zhang2021	CENTRAL NERVOUS SYSTEM NEURON DEVELOPMENT	up	0.019259422794448238	GO_BP_RNA
Zhang2021	CENTRAL NERVOUS SYSTEM NEURON DIFFERENTIATION	up	0.023258183459404214	GO_BP_RNA
Zhang2021	CIRCADIAN REGULATION OF GENE EXPRESSION	up	0.0437736774505113	GO_BP_RNA
Zhang2021	CIRCADIAN RHYTHM	up	0.008493239902783133	GO_BP_RNA
Zhang2021	CLATHRIN DEPENDENT ENDOCYTOSIS	up	0.022764108488345286	GO_BP_RNA
Zhang2021	COCHLEA DEVELOPMENT	up	0.04361959634129189	GO_BP_RNA
Zhang2021	COGNITION	up	4.0723422205024275e-5	GO_BP_RNA
Zhang2021	CONNECTIVE TISSUE DEVELOPMENT	up	0.01017830998779468	GO_BP_RNA
Zhang2021	CYCLIC NUCLEOTIDE METABOLIC PROCESS	up	0.04730760515234373	GO_BP_RNA
Zhang2021	CYTOKINE MEDIATED SIGNALING PATHWAY	up	0.030919606465103357	GO_BP_RNA
Zhang2021	CYTOPLASMIC TRANSLATION	down	2.1745039579700324e-4	GO_BP_RNA
Zhang2021	CYTOSKELETON DEPENDENT INTRACELLULAR TRANSPORT	up	0.012766670415671193	GO_BP_RNA
Zhang2021	DENDRITE DEVELOPMENT	up	0.002193755413183013	GO_BP_RNA
Zhang2021	DENDRITE MORPHOGENESIS	up	6.650802175649431e-4	GO_BP_RNA
Zhang2021	DENDRITIC SPINE DEVELOPMENT	up	0.037413191684076884	GO_BP_RNA
Zhang2021	DENDRITIC SPINE MORPHOGENESIS	up	0.03487752025841751	GO_BP_RNA
Zhang2021	DEPHOSPHORYLATION	up	0.005747690281912386	GO_BP_RNA
Zhang2021	DEVELOPMENTAL CELL GROWTH	up	0.012051780982310354	GO_BP_RNA
Zhang2021	DEVELOPMENTAL GROWTH INVOLVED IN MORPHOGENESIS	up	0.015477017256385096	GO_BP_RNA
Zhang2021	DEVELOPMENTAL MATURATION	up	0.019227565861656193	GO_BP_RNA
Zhang2021	DICARBOXYLIC ACID TRANSPORT	up	0.044787352672585684	GO_BP_RNA
Zhang2021	DNA TEMPLATED DNA REPLICATION	down	0.029430412790806892	GO_BP_RNA
Zhang2021	D GLUCOSE IMPORT	up	0.044787352672585684	GO_BP_RNA
Zhang2021	EAR DEVELOPMENT	up	0.027046683619099808	GO_BP_RNA
Zhang2021	EMBRYONIC HEMOPOIESIS	up	0.019289464461050728	GO_BP_RNA
Zhang2021	ENDOSOMAL TRANSPORT	up	0.03128915602376936	GO_BP_RNA
Zhang2021	ENDOTHELIAL CELL APOPTOTIC PROCESS	up	0.04845163204945484	GO_BP_RNA
Zhang2021	ENDOTHELIAL CELL DEVELOPMENT	up	0.02068492671309877	GO_BP_RNA
Zhang2021	ENDOTHELIAL CELL DIFFERENTIATION	up	0.006574485611317774	GO_BP_RNA
Zhang2021	ENDOTHELIAL CELL MIGRATION	up	2.621618252946726e-4	GO_BP_RNA
Zhang2021	ENDOTHELIAL CELL PROLIFERATION	up	0.0010987626911483192	GO_BP_RNA
Zhang2021	ENDOTHELIUM DEVELOPMENT	up	0.002046833153827311	GO_BP_RNA
Zhang2021	ENERGY DERIVATION BY OXIDATION OF ORGANIC COMPOUNDS	up	0.005569436775643531	GO_BP_RNA
Zhang2021	ENERGY HOMEOSTASIS	up	0.042542254668783655	GO_BP_RNA
Zhang2021	ENSHEATHMENT OF NEURONS	up	8.451193107561668e-4	GO_BP_RNA
Zhang2021	EPITHELIAL CELL DEVELOPMENT	up	0.0031008752636499954	GO_BP_RNA
Zhang2021	EPITHELIAL CELL MATURATION	up	0.03464412230338518	GO_BP_RNA
Zhang2021	EPITHELIAL CELL PROLIFERATION	up	7.381634607129048e-5	GO_BP_RNA
Zhang2021	EPITHELIAL TO MESENCHYMAL TRANSITION	up	0.01817671823862281	GO_BP_RNA
Zhang2021	ERAD PATHWAY	up	0.03464412230338518	GO_BP_RNA
Zhang2021	ERK1 AND ERK2 CASCADE	up	0.005136158861679997	GO_BP_RNA
Zhang2021	ESTABLISHMENT OF ENDOTHELIAL BARRIER	up	0.024969518567752355	GO_BP_RNA
Zhang2021	ESTABLISHMENT OF MITOCHONDRION LOCALIZATION MICROTUBULE MEDIATED	up	0.01566460519795942	GO_BP_RNA
Zhang2021	EXOCYTOSIS	up	6.374118017028708e-4	GO_BP_RNA
Zhang2021	FACE MORPHOGENESIS	up	0.02850669843850195	GO_BP_RNA
Zhang2021	FATTY ACID BIOSYNTHETIC PROCESS	up	0.02861628173879612	GO_BP_RNA
Zhang2021	FATTY ACID METABOLIC PROCESS	up	0.009347010644971154	GO_BP_RNA
Zhang2021	FAT CELL DIFFERENTIATION	up	3.1774137226303455e-4	GO_BP_RNA
Zhang2021	FIBROBLAST GROWTH FACTOR RECEPTOR SIGNALING PATHWAY	up	0.004846596039900877	GO_BP_RNA
Zhang2021	FIBROBLAST MIGRATION	up	0.04925978877865732	GO_BP_RNA
Zhang2021	FOREBRAIN DEVELOPMENT	up	0.0018157865767509324	GO_BP_RNA
Zhang2021	GAMMA AMINOBUTYRIC ACID SIGNALING PATHWAY	up	0.012089787498328335	GO_BP_RNA
Zhang2021	GENERATION OF PRECURSOR METABOLITES AND ENERGY	up	0.0018157865767509324	GO_BP_RNA
Zhang2021	GLAND DEVELOPMENT	up	0.001149003235964341	GO_BP_RNA
Zhang2021	GLIOGENESIS	up	0.03531661542594677	GO_BP_RNA
Zhang2021	GLOMERULAR BASEMENT MEMBRANE DEVELOPMENT	up	0.019152196143049086	GO_BP_RNA
Zhang2021	GLOMERULAR EPITHELIUM DEVELOPMENT	up	0.03464412230338518	GO_BP_RNA
Zhang2021	GLOMERULUS DEVELOPMENT	up	0.0040499023247107455	GO_BP_RNA
Zhang2021	GLUCOSE METABOLIC PROCESS	up	0.03627344606542448	GO_BP_RNA
Zhang2021	GLUTAMATE RECEPTOR SIGNALING PATHWAY	up	0.006663146237881279	GO_BP_RNA
Zhang2021	GLYCEROLIPID BIOSYNTHETIC PROCESS	up	0.009809205384770226	GO_BP_RNA
Zhang2021	GLYCEROLIPID CATABOLIC PROCESS	up	0.03464412230338518	GO_BP_RNA
Zhang2021	GLYCEROLIPID METABOLIC PROCESS	up	2.587369548331859e-4	GO_BP_RNA
Zhang2021	GLYCEROPHOSPHOLIPID BIOSYNTHETIC PROCESS	up	0.016872906313129026	GO_BP_RNA
Zhang2021	GLYCEROPHOSPHOLIPID METABOLIC PROCESS	up	0.007165462390198359	GO_BP_RNA
Zhang2021	GLYCOPROTEIN BIOSYNTHETIC PROCESS	up	0.0018157865767509324	GO_BP_RNA
Zhang2021	GLYCOPROTEIN METABOLIC PROCESS	up	5.103319958742927e-4	GO_BP_RNA
Zhang2021	GLYCOSYLATION	up	0.03517873088045187	GO_BP_RNA
Zhang2021	GOLGI VESICLE TRANSPORT	up	0.005136158861679997	GO_BP_RNA
Zhang2021	HEAD MORPHOGENESIS	up	0.011365682992862688	GO_BP_RNA
Zhang2021	HEART MORPHOGENESIS	up	0.03037570786779092	GO_BP_RNA
Zhang2021	HEART PROCESS	up	4.5419900241248585e-5	GO_BP_RNA
Zhang2021	HEART VALVE DEVELOPMENT	up	0.030919606465103357	GO_BP_RNA
Zhang2021	HEART VALVE MORPHOGENESIS	up	0.04573980655462969	GO_BP_RNA
Zhang2021	HEMATOPOIETIC PROGENITOR CELL DIFFERENTIATION	up	0.038430116098934576	GO_BP_RNA
Zhang2021	HEMOSTASIS	up	0.005136158861679997	GO_BP_RNA
Zhang2021	HINDBRAIN DEVELOPMENT	up	0.009574069174796833	GO_BP_RNA
Zhang2021	HOMEOSTASIS OF NUMBER OF CELLS	up	0.025569430511245585	GO_BP_RNA
Zhang2021	HORMONE MEDIATED SIGNALING PATHWAY	up	0.029486023053723217	GO_BP_RNA
Zhang2021	HORMONE METABOLIC PROCESS	up	0.010453888758957015	GO_BP_RNA
Zhang2021	HORMONE TRANSPORT	up	0.007790849963198568	GO_BP_RNA
Zhang2021	HYPEROSMOTIC RESPONSE	up	0.02016789588849472	GO_BP_RNA
Zhang2021	IMMUNE RESPONSE REGULATING SIGNALING PATHWAY	up	0.009574069174796833	GO_BP_RNA
Zhang2021	IMPORT ACROSS PLASMA MEMBRANE	up	2.8572005749782137e-5	GO_BP_RNA
Zhang2021	INHIBITORY SYNAPSE ASSEMBLY	up	0.030108907824507987	GO_BP_RNA
Zhang2021	INORGANIC ION HOMEOSTASIS	up	3.1667002513605475e-6	GO_BP_RNA
Zhang2021	INORGANIC ION IMPORT ACROSS PLASMA MEMBRANE	up	2.379274988546549e-4	GO_BP_RNA
Zhang2021	INSULIN RECEPTOR SIGNALING PATHWAY	up	0.036540376556170165	GO_BP_RNA
Zhang2021	INSULIN SECRETION	up	0.04378323730268187	GO_BP_RNA
Zhang2021	INTRACELLULAR MONOATOMIC ION HOMEOSTASIS	up	1.140190653157744e-5	GO_BP_RNA
Zhang2021	INTRACELLULAR RECEPTOR SIGNALING PATHWAY	up	0.009347010644971154	GO_BP_RNA
Zhang2021	INTRINSIC APOPTOTIC SIGNALING PATHWAY	up	0.027353932443040244	GO_BP_RNA
Zhang2021	IN UTERO EMBRYONIC DEVELOPMENT	up	0.01584335621917699	GO_BP_RNA
Zhang2021	JNK CASCADE	up	0.005136158861679997	GO_BP_RNA
Zhang2021	KIDNEY EPITHELIUM DEVELOPMENT	up	0.010993897809124834	GO_BP_RNA
Zhang2021	LACTATION	up	0.031514784243014085	GO_BP_RNA
Zhang2021	LEARNING	up	0.004832923565626132	GO_BP_RNA
Zhang2021	LENS FIBER CELL DIFFERENTIATION	up	0.017189760625226876	GO_BP_RNA
Zhang2021	LEUKOCYTE CELL CELL ADHESION	up	0.047665025370342326	GO_BP_RNA
Zhang2021	LEUKOCYTE MIGRATION	up	0.0457574610238318	GO_BP_RNA
Zhang2021	LEUKOCYTE PROLIFERATION	up	0.04170638966261196	GO_BP_RNA
Zhang2021	LIGAND GATED ION CHANNEL SIGNALING PATHWAY	up	0.012051780982310354	GO_BP_RNA
Zhang2021	LIPID CATABOLIC PROCESS	up	0.0066838541345668745	GO_BP_RNA
Zhang2021	LIPID HOMEOSTASIS	up	0.014320433877153788	GO_BP_RNA
Zhang2021	LIPID LOCALIZATION	up	0.010161295455738253	GO_BP_RNA
Zhang2021	LIPOPROTEIN METABOLIC PROCESS	up	0.022882601542955867	GO_BP_RNA
Zhang2021	LOCOMOTORY BEHAVIOR	up	9.511443219569472e-4	GO_BP_RNA
Zhang2021	LONG TERM MEMORY	up	0.03845382761661187	GO_BP_RNA
Zhang2021	LONG TERM SYNAPTIC POTENTIATION	up	0.026627548943675326	GO_BP_RNA
Zhang2021	LYMPHANGIOGENESIS	up	0.04553437110700845	GO_BP_RNA
Zhang2021	LYMPHOCYTE DIFFERENTIATION	up	0.039772378737209436	GO_BP_RNA
Zhang2021	LYSOSOMAL TRANSPORT	up	0.047217655982122055	GO_BP_RNA
Zhang2021	MACROAUTOPHAGY	up	0.006065203633519778	GO_BP_RNA
Zhang2021	MAGNESIUM ION TRANSPORT	up	0.049335388193889745	GO_BP_RNA
Zhang2021	MAINTENANCE OF BLOOD BRAIN BARRIER	up	0.006273910950027791	GO_BP_RNA
Zhang2021	MAMMARY GLAND DEVELOPMENT	up	0.021266840102822007	GO_BP_RNA
Zhang2021	MEMBRANE FUSION	up	0.03679502440112711	GO_BP_RNA
Zhang2021	MEMBRANE LIPID BIOSYNTHETIC PROCESS	up	0.049335388193889745	GO_BP_RNA
Zhang2021	MEMBRANE LIPID METABOLIC PROCESS	up	0.009917583663811524	GO_BP_RNA
Zhang2021	MEMBRANE REPOLARIZATION	up	0.031514784243014085	GO_BP_RNA
Zhang2021	MEMBRANE REPOLARIZATION DURING ACTION POTENTIAL	up	0.047356126714619994	GO_BP_RNA
Zhang2021	MEMORY	up	0.001149003235964341	GO_BP_RNA
Zhang2021	MESENCHYMAL CELL DIFFERENTIATION	up	0.014688089935611036	GO_BP_RNA
Zhang2021	MESENCHYME DEVELOPMENT	up	0.004624753608355203	GO_BP_RNA
Zhang2021	MESODERM DEVELOPMENT	up	0.03163627783651537	GO_BP_RNA
Zhang2021	MESODERM MORPHOGENESIS	up	0.0314984463604505	GO_BP_RNA
Zhang2021	METANEPHRIC GLOMERULUS DEVELOPMENT	up	0.024499701459223554	GO_BP_RNA
Zhang2021	METANEPHRIC NEPHRON DEVELOPMENT	up	0.0426912230954982	GO_BP_RNA
Zhang2021	METANEPHROS DEVELOPMENT	up	0.017540528296279216	GO_BP_RNA
Zhang2021	MICROTUBULE POLYMERIZATION	up	0.03464412230338518	GO_BP_RNA
Zhang2021	MICROTUBULE POLYMERIZATION OR DEPOLYMERIZATION	up	0.04170638966261196	GO_BP_RNA
Zhang2021	MIDBRAIN DEVELOPMENT	up	0.02648937587685081	GO_BP_RNA
Zhang2021	MIRNA METABOLIC PROCESS	up	0.012172433382761293	GO_BP_RNA
Zhang2021	MIRNA TRANSCRIPTION	up	0.027353932443040244	GO_BP_RNA
Zhang2021	MONOCARBOXYLIC ACID BIOSYNTHETIC PROCESS	up	0.006782626437287085	GO_BP_RNA
Zhang2021	MONOCARBOXYLIC ACID METABOLIC PROCESS	up	2.621618252946726e-4	GO_BP_RNA
Zhang2021	MONONUCLEAR CELL DIFFERENTIATION	up	0.014518862272787633	GO_BP_RNA
Zhang2021	MONOSACCHARIDE METABOLIC PROCESS	up	0.025467145263746757	GO_BP_RNA
Zhang2021	MONOSACCHARIDE TRANSMEMBRANE TRANSPORT	up	0.014964016105168971	GO_BP_RNA
Zhang2021	MORPHOGENESIS OF AN EPITHELIUM	up	0.014958877782377622	GO_BP_RNA
Zhang2021	MORPHOGENESIS OF A BRANCHING STRUCTURE	up	0.025467145263746757	GO_BP_RNA
Zhang2021	MULTICELLULAR ORGANISMAL LEVEL CHEMICAL HOMEOSTASIS	up	0.003370957538870028	GO_BP_RNA
Zhang2021	MULTICELLULAR ORGANISMAL LEVEL WATER HOMEOSTASIS	up	0.010453888758957015	GO_BP_RNA
Zhang2021	MULTI MULTICELLULAR ORGANISM PROCESS	up	0.01212967307813801	GO_BP_RNA
Zhang2021	MUSCLE CELL DIFFERENTIATION	up	0.004317667580408554	GO_BP_RNA
Zhang2021	MUSCLE CELL MIGRATION	up	0.0412935113735987	GO_BP_RNA
Zhang2021	MUSCLE CELL PROLIFERATION	up	0.007569497323873882	GO_BP_RNA
Zhang2021	MUSCLE CONTRACTION	up	0.0012972249550689805	GO_BP_RNA
Zhang2021	MUSCLE ORGAN DEVELOPMENT	up	6.650802175649431e-4	GO_BP_RNA
Zhang2021	MUSCLE SYSTEM PROCESS	up	2.1745039579700324e-4	GO_BP_RNA
Zhang2021	MUSCLE TISSUE DEVELOPMENT	up	4.5419900241248585e-5	GO_BP_RNA
Zhang2021	MYELOID CELL DIFFERENTIATION	up	5.035487240722293e-4	GO_BP_RNA
Zhang2021	MYELOID CELL HOMEOSTASIS	up	0.031866111512674336	GO_BP_RNA
Zhang2021	MYELOID LEUKOCYTE DIFFERENTIATION	up	0.009959294464081626	GO_BP_RNA
Zhang2021	NEGATIVE REGULATION OF APOPTOTIC SIGNALING PATHWAY	up	0.008828543087944011	GO_BP_RNA
Zhang2021	NEGATIVE REGULATION OF CANONICAL WNT SIGNALING PATHWAY	up	0.04012042510467037	GO_BP_RNA
Zhang2021	NEGATIVE REGULATION OF CATABOLIC PROCESS	up	0.029654327025060167	GO_BP_RNA
Zhang2021	NEGATIVE REGULATION OF CELLULAR RESPONSE TO GROWTH FACTOR STIMULUS	up	0.04309508072831199	GO_BP_RNA
Zhang2021	NEGATIVE REGULATION OF CELL ADHESION	up	0.031514784243014085	GO_BP_RNA
Zhang2021	NEGATIVE REGULATION OF CELL PROJECTION ORGANIZATION	up	0.013483891199893884	GO_BP_RNA
Zhang2021	NEGATIVE REGULATION OF ENDOTHELIAL CELL MIGRATION	up	0.04012042510467037	GO_BP_RNA
Zhang2021	NEGATIVE REGULATION OF EPITHELIAL CELL PROLIFERATION	up	0.04664849655178398	GO_BP_RNA
Zhang2021	NEGATIVE REGULATION OF FAT CELL DIFFERENTIATION	up	0.02903604739994159	GO_BP_RNA
Zhang2021	NEGATIVE REGULATION OF FIBROBLAST GROWTH FACTOR RECEPTOR SIGNALING PATHWAY	up	0.02868507088684838	GO_BP_RNA
Zhang2021	NEGATIVE REGULATION OF GROWTH	up	0.03531081979489251	GO_BP_RNA
Zhang2021	NEGATIVE REGULATION OF LOCOMOTION	up	0.004889809140909967	GO_BP_RNA
Zhang2021	NEGATIVE REGULATION OF MOLECULAR FUNCTION	up	0.037413191684076884	GO_BP_RNA
Zhang2021	NEGATIVE REGULATION OF MONOATOMIC ION TRANSMEMBRANE TRANSPORT	up	0.039772378737209436	GO_BP_RNA
Zhang2021	NEGATIVE REGULATION OF MONOATOMIC ION TRANSPORT	up	0.023090065071703185	GO_BP_RNA
Zhang2021	NEGATIVE REGULATION OF NEURON APOPTOTIC PROCESS	up	0.018316114311738307	GO_BP_RNA
Zhang2021	NEGATIVE REGULATION OF NEURON PROJECTION DEVELOPMENT	up	0.03529310029821632	GO_BP_RNA
Zhang2021	NEGATIVE REGULATION OF ORGAN GROWTH	up	0.04170638966261196	GO_BP_RNA
Zhang2021	NEGATIVE REGULATION OF POTASSIUM ION TRANSPORT	up	0.04923887799277265	GO_BP_RNA
Zhang2021	NEGATIVE REGULATION OF PROTEIN LOCALIZATION	up	0.04698464222232079	GO_BP_RNA
Zhang2021	NEGATIVE REGULATION OF PROTEIN METABOLIC PROCESS	up	0.02607102639407465	GO_BP_RNA
Zhang2021	NEGATIVE REGULATION OF RESPONSE TO WOUNDING	up	0.012712283398023235	GO_BP_RNA
Zhang2021	NEGATIVE REGULATION OF RHO PROTEIN SIGNAL TRANSDUCTION	up	0.02091555415664549	GO_BP_RNA
Zhang2021	NEGATIVE REGULATION OF SMALL GTPASE MEDIATED SIGNAL TRANSDUCTION	up	0.022268509500422168	GO_BP_RNA
Zhang2021	NEGATIVE REGULATION OF TRANSPORT	up	0.022268509500422168	GO_BP_RNA
Zhang2021	NEGATIVE REGULATION OF VASCULATURE DEVELOPMENT	up	0.029491731729005707	GO_BP_RNA
Zhang2021	NEGATIVE REGULATION OF WNT SIGNALING PATHWAY	up	0.049503865298702765	GO_BP_RNA
Zhang2021	NEGATIVE REGULATION OF WOUND HEALING	up	0.024189369826494705	GO_BP_RNA
Zhang2021	NEPHRON DEVELOPMENT	up	0.007958812608454241	GO_BP_RNA
Zhang2021	NEPHRON EPITHELIUM DEVELOPMENT	up	0.04170638966261196	GO_BP_RNA
Zhang2021	NERVE DEVELOPMENT	up	0.021773857006483037	GO_BP_RNA
Zhang2021	NEUROMUSCULAR PROCESS	up	0.029189693980930343	GO_BP_RNA
Zhang2021	NEUROMUSCULAR SYNAPTIC TRANSMISSION	up	0.029486023053723217	GO_BP_RNA
Zhang2021	NEURONAL ACTION POTENTIAL	up	0.0207690997271517	GO_BP_RNA
Zhang2021	NEURON APOPTOTIC PROCESS	up	0.039919887534998505	GO_BP_RNA
Zhang2021	NEURON CELLULAR HOMEOSTASIS	up	0.013237011779493404	GO_BP_RNA
Zhang2021	NEURON MIGRATION	up	0.047356126714619994	GO_BP_RNA
Zhang2021	NEURON PROJECTION EXTENSION	up	0.04925978877865732	GO_BP_RNA
Zhang2021	NEURON PROJECTION GUIDANCE	up	0.010993897809124834	GO_BP_RNA
Zhang2021	NEURON PROJECTION ORGANIZATION	up	0.028798877479349207	GO_BP_RNA
Zhang2021	NEUROTRANSMITTER RECEPTOR LOCALIZATION TO POSTSYNAPTIC SPECIALIZATION MEMBRANE	up	0.01405356490589059	GO_BP_RNA
Zhang2021	NEUROTRANSMITTER SECRETION	up	0.029486023053723217	GO_BP_RNA
Zhang2021	NEUROTRANSMITTER TRANSPORT	up	0.020769885682399486	GO_BP_RNA
Zhang2021	NEUTRAL LIPID METABOLIC PROCESS	up	0.029491731729005707	GO_BP_RNA
Zhang2021	ODONTOGENESIS	up	0.04989411773773789	GO_BP_RNA
Zhang2021	OLFACTORY LOBE DEVELOPMENT	up	0.011142262164954118	GO_BP_RNA
Zhang2021	ORGANELLE FUSION	up	0.02648937587685081	GO_BP_RNA
Zhang2021	ORGANELLE MEMBRANE FUSION	up	0.031960079899073505	GO_BP_RNA
Zhang2021	ORGANELLE TRANSPORT ALONG MICROTUBULE	up	0.02561380390811959	GO_BP_RNA
Zhang2021	ORGANIC ACID BIOSYNTHETIC PROCESS	up	0.0029745372439034558	GO_BP_RNA
Zhang2021	ORGANIC ACID TRANSMEMBRANE TRANSPORT	up	0.027827288934790466	GO_BP_RNA
Zhang2021	ORGANIC ACID TRANSPORT	up	6.76077659643651e-4	GO_BP_RNA
Zhang2021	ORGANIC ANION TRANSPORT	up	5.103319958742927e-4	GO_BP_RNA
Zhang2021	ORGAN GROWTH	up	0.014122129514581382	GO_BP_RNA
Zhang2021	OSSIFICATION	up	8.832640350729996e-4	GO_BP_RNA
Zhang2021	OSTEOBLAST DIFFERENTIATION	up	0.00817882289036471	GO_BP_RNA
Zhang2021	OSTEOCLAST DIFFERENTIATION	up	0.04639951953003664	GO_BP_RNA
Zhang2021	OVULATION CYCLE	up	0.0209436184945312	GO_BP_RNA
Zhang2021	PEPTIDE METABOLIC PROCESS	up	0.01555482839152192	GO_BP_RNA
Zhang2021	PEPTIDE TRANSPORT	up	0.008653901648231115	GO_BP_RNA
Zhang2021	PEPTIDYL AMINO ACID MODIFICATION	up	0.005112942376771376	GO_BP_RNA
Zhang2021	PEPTIDYL TYROSINE DEPHOSPHORYLATION	up	0.018316114311738307	GO_BP_RNA
Zhang2021	PEPTIDYL TYROSINE MODIFICATION	up	0.025066411821482025	GO_BP_RNA
Zhang2021	PERIPHERAL NERVOUS SYSTEM DEVELOPMENT	up	0.02648937587685081	GO_BP_RNA
Zhang2021	PHENOL CONTAINING COMPOUND BIOSYNTHETIC PROCESS	up	0.03285460126141983	GO_BP_RNA
Zhang2021	PHOSPHATIDYLINOSITOL 3 KINASE PROTEIN KINASE B SIGNAL TRANSDUCTION	up	0.013099088881578156	GO_BP_RNA
Zhang2021	PHOSPHATIDYLINOSITOL BIOSYNTHETIC PROCESS	up	0.032688159221573615	GO_BP_RNA
Zhang2021	PHOSPHATIDYLINOSITOL METABOLIC PROCESS	up	0.014139857505316033	GO_BP_RNA
Zhang2021	PHOSPHOLIPID BIOSYNTHETIC PROCESS	up	0.011750312491632676	GO_BP_RNA
Zhang2021	PHOSPHOLIPID METABOLIC PROCESS	up	0.002003297384903604	GO_BP_RNA
Zhang2021	PHOTOPERIODISM	up	0.04375610620769831	GO_BP_RNA
Zhang2021	PHYSIOLOGICAL CARDIAC MUSCLE HYPERTROPHY	up	0.04741114972207568	GO_BP_RNA
Zhang2021	PLATELET ACTIVATION	up	0.03083660305988633	GO_BP_RNA
Zhang2021	PLATELET DERIVED GROWTH FACTOR RECEPTOR SIGNALING PATHWAY	up	0.01405356490589059	GO_BP_RNA
Zhang2021	POSITIVE REGULATION OF ANIMAL ORGAN MORPHOGENESIS	up	0.03764065630714636	GO_BP_RNA
Zhang2021	POSITIVE REGULATION OF AUTOPHAGY	up	0.013483891199893884	GO_BP_RNA
Zhang2021	POSITIVE REGULATION OF BIOMINERAL TISSUE DEVELOPMENT	up	0.019152196143049086	GO_BP_RNA
Zhang2021	POSITIVE REGULATION OF BLOOD VESSEL ENDOTHELIAL CELL MIGRATION	up	0.013483891199893884	GO_BP_RNA
Zhang2021	POSITIVE REGULATION OF BONE MINERALIZATION	up	0.024189369826494705	GO_BP_RNA
Zhang2021	POSITIVE REGULATION OF CANONICAL WNT SIGNALING PATHWAY	up	0.026627548943675326	GO_BP_RNA
Zhang2021	POSITIVE REGULATION OF CELLULAR COMPONENT BIOGENESIS	up	0.014320433877153788	GO_BP_RNA
Zhang2021	POSITIVE REGULATION OF CELL ACTIVATION	up	0.043921752357228554	GO_BP_RNA
Zhang2021	POSITIVE REGULATION OF CELL ADHESION	up	0.007790849963198568	GO_BP_RNA
Zhang2021	POSITIVE REGULATION OF CELL CELL ADHESION	up	0.047665025370342326	GO_BP_RNA
Zhang2021	POSITIVE REGULATION OF CELL DEVELOPMENT	up	0.001149003235964341	GO_BP_RNA
Zhang2021	POSITIVE REGULATION OF CELL GROWTH	up	0.018729210315302162	GO_BP_RNA
Zhang2021	POSITIVE REGULATION OF CELL PROJECTION ORGANIZATION	up	0.005136158861679997	GO_BP_RNA
Zhang2021	POSITIVE REGULATION OF CYTOKINE PRODUCTION	up	0.004846596039900877	GO_BP_RNA
Zhang2021	POSITIVE REGULATION OF DEFENSE RESPONSE	up	0.005951951214292746	GO_BP_RNA
Zhang2021	POSITIVE REGULATION OF D GLUCOSE IMPORT	up	0.02594296431829946	GO_BP_RNA
Zhang2021	POSITIVE REGULATION OF D GLUCOSE TRANSMEMBRANE TRANSPORT	up	0.012766670415671193	GO_BP_RNA
Zhang2021	POSITIVE REGULATION OF ENDOTHELIAL CELL MIGRATION	up	0.015385053279729057	GO_BP_RNA
Zhang2021	POSITIVE REGULATION OF EPITHELIAL CELL PROLIFERATION	up	0.02683287194204672	GO_BP_RNA
Zhang2021	POSITIVE REGULATION OF ERK1 AND ERK2 CASCADE	up	0.032617796848529085	GO_BP_RNA
Zhang2021	POSITIVE REGULATION OF FIBROBLAST MIGRATION	up	0.02648937587685081	GO_BP_RNA
Zhang2021	POSITIVE REGULATION OF GROWTH	up	0.04955084835227938	GO_BP_RNA
Zhang2021	POSITIVE REGULATION OF HEART RATE	up	0.04986849252581803	GO_BP_RNA
Zhang2021	POSITIVE REGULATION OF HORMONE METABOLIC PROCESS	up	0.02289674367605359	GO_BP_RNA
Zhang2021	POSITIVE REGULATION OF JNK CASCADE	up	0.047217655982122055	GO_BP_RNA
Zhang2021	POSITIVE REGULATION OF LIPID METABOLIC PROCESS	up	0.032374928492931214	GO_BP_RNA
Zhang2021	POSITIVE REGULATION OF LOCOMOTION	up	1.1527426599971991e-4	GO_BP_RNA
Zhang2021	POSITIVE REGULATION OF MAPK CASCADE	up	7.860200582557353e-4	GO_BP_RNA
Zhang2021	POSITIVE REGULATION OF MIRNA METABOLIC PROCESS	up	0.02099332644981885	GO_BP_RNA
Zhang2021	POSITIVE REGULATION OF MIRNA TRANSCRIPTION	up	0.015951260895990353	GO_BP_RNA
Zhang2021	POSITIVE REGULATION OF MYELINATION	up	0.02056910117890705	GO_BP_RNA
Zhang2021	POSITIVE REGULATION OF MYELOID CELL DIFFERENTIATION	up	0.0116030600328664	GO_BP_RNA
Zhang2021	POSITIVE REGULATION OF NERVOUS SYSTEM DEVELOPMENT	up	0.009568193504889038	GO_BP_RNA
Zhang2021	POSITIVE REGULATION OF NEUROGENESIS	up	0.019259422794448238	GO_BP_RNA
Zhang2021	POSITIVE REGULATION OF NEURON PROJECTION DEVELOPMENT	up	0.014964016105168971	GO_BP_RNA
Zhang2021	POSITIVE REGULATION OF ORGANELLE ORGANIZATION	up	0.0426912230954982	GO_BP_RNA
Zhang2021	POSITIVE REGULATION OF OSTEOBLAST DIFFERENTIATION	up	0.021558498643762837	GO_BP_RNA
Zhang2021	POSITIVE REGULATION OF PHOSPHATIDYLINOSITOL 3 KINASE PROTEIN KINASE B SIGNAL TRANSDUCTION	up	0.009450925978860646	GO_BP_RNA
Zhang2021	POSITIVE REGULATION OF PHOSPHORUS METABOLIC PROCESS	up	0.007959169002397466	GO_BP_RNA
Zhang2021	POSITIVE REGULATION OF PHOSPHORYLATION	up	0.007977690563036738	GO_BP_RNA
Zhang2021	POSITIVE REGULATION OF POST TRANSLATIONAL PROTEIN MODIFICATION	up	0.04925978877865732	GO_BP_RNA
Zhang2021	POSITIVE REGULATION OF PROGRAMMED CELL DEATH	up	0.013483891199893884	GO_BP_RNA
Zhang2021	POSITIVE REGULATION OF PROTEIN CATABOLIC PROCESS	up	0.0216015284761082	GO_BP_RNA
Zhang2021	POSITIVE REGULATION OF PROTEIN LOCALIZATION	up	0.037413191684076884	GO_BP_RNA
Zhang2021	POSITIVE REGULATION OF PROTEIN MODIFICATION PROCESS	up	0.001170293574521663	GO_BP_RNA
Zhang2021	POSITIVE REGULATION OF PROTEOLYSIS	up	0.04267742850259017	GO_BP_RNA
Zhang2021	POSITIVE REGULATION OF RESPONSE TO BIOTIC STIMULUS	up	0.0066838541345668745	GO_BP_RNA
Zhang2021	POSITIVE REGULATION OF RESPONSE TO WOUNDING	up	0.03982766670553769	GO_BP_RNA
Zhang2021	POSITIVE REGULATION OF STRIATED MUSCLE CONTRACTION	up	0.049503865298702765	GO_BP_RNA
Zhang2021	POSITIVE REGULATION OF SUPRAMOLECULAR FIBER ORGANIZATION	up	0.03845382761661187	GO_BP_RNA
Zhang2021	POSITIVE REGULATION OF SYNAPTIC TRANSMISSION	up	0.006906526900271262	GO_BP_RNA
Zhang2021	POSITIVE REGULATION OF TRANSMEMBRANE RECEPTOR PROTEIN SERINE THREONINE KINASE SIGNALING PATHWAY	up	0.02903604739994159	GO_BP_RNA
Zhang2021	POSITIVE REGULATION OF TRANSMEMBRANE TRANSPORT	up	0.039089482489178984	GO_BP_RNA
Zhang2021	POSITIVE REGULATION OF VASCULATURE DEVELOPMENT	up	9.768294711579308e-4	GO_BP_RNA
Zhang2021	POSITIVE REGULATION OF WNT SIGNALING PATHWAY	up	0.0066838541345668745	GO_BP_RNA
Zhang2021	POSTSYNAPSE ORGANIZATION	up	0.006499599554928526	GO_BP_RNA
Zhang2021	POTASSIUM ION IMPORT ACROSS PLASMA MEMBRANE	up	0.0017900981133235462	GO_BP_RNA
Zhang2021	POTASSIUM ION TRANSPORT	up	6.115591090676476e-5	GO_BP_RNA
Zhang2021	PROTEASOME MEDIATED UBIQUITIN DEPENDENT PROTEIN CATABOLIC PROCESS	up	0.006499599554928526	GO_BP_RNA
Zhang2021	PROTEIN AUTOPHOSPHORYLATION	up	0.007904172648671272	GO_BP_RNA
Zhang2021	PROTEIN COMPLEX OLIGOMERIZATION	up	0.026885123682013817	GO_BP_RNA
Zhang2021	PROTEIN CONTAINING COMPLEX DISASSEMBLY	up	0.019289464461050728	GO_BP_RNA
Zhang2021	PROTEIN CONTAINING COMPLEX LOCALIZATION	up	0.010127334402924779	GO_BP_RNA
Zhang2021	PROTEIN DEPHOSPHORYLATION	up	0.022268509500422168	GO_BP_RNA
Zhang2021	PROTEIN DEPOLYMERIZATION	up	0.04849837689209307	GO_BP_RNA
Zhang2021	PROTEIN HOMOOLIGOMERIZATION	up	0.04925978877865732	GO_BP_RNA
Zhang2021	PROTEIN LOCALIZATION TO CELL JUNCTION	up	0.001149003235964341	GO_BP_RNA
Zhang2021	PROTEIN LOCALIZATION TO CELL PERIPHERY	up	0.001170293574521663	GO_BP_RNA
Zhang2021	PROTEIN LOCALIZATION TO ENDOSOME	up	0.01636591621118441	GO_BP_RNA
Zhang2021	PROTEIN LOCALIZATION TO EXTRACELLULAR REGION	up	0.02099332644981885	GO_BP_RNA
Zhang2021	PROTEIN LOCALIZATION TO NUCLEUS	up	0.036105107457460095	GO_BP_RNA
Zhang2021	PROTEIN LOCALIZATION TO PLASMA MEMBRANE	up	0.012051780982310354	GO_BP_RNA
Zhang2021	PROTEIN LOCALIZATION TO POSTSYNAPSE	up	0.018729210315302162	GO_BP_RNA
Zhang2021	PROTEIN LOCALIZATION TO SYNAPSE	up	0.009917583663811524	GO_BP_RNA
Zhang2021	PROTEIN POLYMERIZATION	up	0.012051780982310354	GO_BP_RNA
Zhang2021	PROTEOGLYCAN METABOLIC PROCESS	up	0.04294405643574955	GO_BP_RNA
Zhang2021	PURINE CONTAINING COMPOUND METABOLIC PROCESS	up	0.007977690563036738	GO_BP_RNA
Zhang2021	RECEPTOR LOCALIZATION TO SYNAPSE	up	0.02091555415664549	GO_BP_RNA
Zhang2021	RECEPTOR MEDIATED ENDOCYTOSIS	up	0.014631814850282325	GO_BP_RNA
Zhang2021	REFLEX	up	0.017540528296279216	GO_BP_RNA
Zhang2021	REGULATED EXOCYTOSIS	up	0.03632950777412394	GO_BP_RNA
Zhang2021	REGULATION OF ACTIN FILAMENT BASED PROCESS	up	0.015433949842578296	GO_BP_RNA
Zhang2021	REGULATION OF ANATOMICAL STRUCTURE SIZE	up	6.76077659643651e-4	GO_BP_RNA
Zhang2021	REGULATION OF APOPTOTIC SIGNALING PATHWAY	up	0.019289464461050728	GO_BP_RNA
Zhang2021	REGULATION OF AUTOPHAGY	up	0.0054196114052259626	GO_BP_RNA
Zhang2021	REGULATION OF AXONOGENESIS	up	0.019857805632990673	GO_BP_RNA
Zhang2021	REGULATION OF BIOMINERAL TISSUE DEVELOPMENT	up	0.015627365724666786	GO_BP_RNA
Zhang2021	REGULATION OF BLOOD CIRCULATION	up	0.001149003235964341	GO_BP_RNA
Zhang2021	REGULATION OF BLOOD PRESSURE	up	0.015487115716252383	GO_BP_RNA
Zhang2021	REGULATION OF BMP SIGNALING PATHWAY	up	0.04361959634129189	GO_BP_RNA
Zhang2021	REGULATION OF BODY FLUID LEVELS	up	4.1590780784823e-6	GO_BP_RNA
Zhang2021	REGULATION OF BONE MINERALIZATION	up	0.014139857505316033	GO_BP_RNA
Zhang2021	REGULATION OF CALCIUM ION TRANSMEMBRANE TRANSPORT	up	0.047665025370342326	GO_BP_RNA
Zhang2021	REGULATION OF CALCIUM ION TRANSPORT	up	0.023592295614941472	GO_BP_RNA
Zhang2021	REGULATION OF CANONICAL WNT SIGNALING PATHWAY	up	0.0016840417905553615	GO_BP_RNA
Zhang2021	REGULATION OF CARBOHYDRATE METABOLIC PROCESS	up	0.02683287194204672	GO_BP_RNA
Zhang2021	REGULATION OF CELLULAR COMPONENT SIZE	up	0.010453888758957015	GO_BP_RNA
Zhang2021	REGULATION OF CELLULAR RESPONSE TO GROWTH FACTOR STIMULUS	up	6.650802175649431e-4	GO_BP_RNA
Zhang2021	REGULATION OF CELL CELL ADHESION	up	0.014952168656836937	GO_BP_RNA
Zhang2021	REGULATION OF CELL GROWTH	up	9.646221771361144e-4	GO_BP_RNA
Zhang2021	REGULATION OF CELL JUNCTION ASSEMBLY	up	0.009568193504889038	GO_BP_RNA
Zhang2021	REGULATION OF CELL MATRIX ADHESION	up	0.03931652285754634	GO_BP_RNA
Zhang2021	REGULATION OF CELL MIGRATION INVOLVED IN SPROUTING ANGIOGENESIS	up	0.02037504444664681	GO_BP_RNA
Zhang2021	REGULATION OF CELL MORPHOGENESIS	up	0.009568193504889038	GO_BP_RNA
Zhang2021	REGULATION OF CELL SHAPE	up	0.049503865298702765	GO_BP_RNA
Zhang2021	REGULATION OF CELL SIZE	up	0.0412935113735987	GO_BP_RNA
Zhang2021	REGULATION OF CELL SUBSTRATE ADHESION	up	0.009347010644971154	GO_BP_RNA
Zhang2021	REGULATION OF CELL SUBSTRATE JUNCTION ORGANIZATION	up	0.02445811895541669	GO_BP_RNA
Zhang2021	REGULATION OF CIRCADIAN RHYTHM	up	0.023551479850571554	GO_BP_RNA
Zhang2021	REGULATION OF CLATHRIN DEPENDENT ENDOCYTOSIS	up	0.038430116098934576	GO_BP_RNA
Zhang2021	REGULATION OF COAGULATION	up	0.02035303045379384	GO_BP_RNA
Zhang2021	REGULATION OF CYTOSKELETON ORGANIZATION	up	0.01584335621917699	GO_BP_RNA
Zhang2021	REGULATION OF CYTOSOLIC CALCIUM ION CONCENTRATION	up	0.002920687250897562	GO_BP_RNA
Zhang2021	REGULATION OF DENDRITE DEVELOPMENT	up	0.04012042510467037	GO_BP_RNA
Zhang2021	REGULATION OF DENDRITE MORPHOGENESIS	up	0.046634781891387776	GO_BP_RNA
Zhang2021	REGULATION OF DENDRITIC SPINE MORPHOGENESIS	up	0.04350625652174971	GO_BP_RNA
Zhang2021	REGULATION OF DEVELOPMENTAL GROWTH	up	0.021259261903310185	GO_BP_RNA
Zhang2021	REGULATION OF D GLUCOSE TRANSMEMBRANE TRANSPORT	up	0.021730684066448465	GO_BP_RNA
Zhang2021	REGULATION OF ENDOCYTOSIS	up	0.047665025370342326	GO_BP_RNA
Zhang2021	REGULATION OF ENDOTHELIAL CELL MIGRATION	up	0.0018157865767509324	GO_BP_RNA
Zhang2021	REGULATION OF EPITHELIAL CELL DIFFERENTIATION	up	0.0033661327845462595	GO_BP_RNA
Zhang2021	REGULATION OF EPITHELIAL CELL PROLIFERATION	up	0.0014978955703951967	GO_BP_RNA
Zhang2021	REGULATION OF ESTABLISHMENT OF PROTEIN LOCALIZATION	up	0.02861628173879612	GO_BP_RNA
Zhang2021	REGULATION OF EXOCYTOSIS	up	0.04378323730268187	GO_BP_RNA
Zhang2021	REGULATION OF EXTRINSIC APOPTOTIC SIGNALING PATHWAY	up	0.04906677343312636	GO_BP_RNA
Zhang2021	REGULATION OF FAT CELL DIFFERENTIATION	up	0.016475728580424887	GO_BP_RNA
Zhang2021	REGULATION OF FIBROBLAST GROWTH FACTOR RECEPTOR SIGNALING PATHWAY	up	0.046634781891387776	GO_BP_RNA
Zhang2021	REGULATION OF GENERATION OF PRECURSOR METABOLITES AND ENERGY	up	0.00781652398201911	GO_BP_RNA
Zhang2021	REGULATION OF G PROTEIN COUPLED RECEPTOR SIGNALING PATHWAY	up	0.027827288934790466	GO_BP_RNA
Zhang2021	REGULATION OF HEART CONTRACTION	up	0.0036537864824112546	GO_BP_RNA
Zhang2021	REGULATION OF HEART RATE	up	0.0400459035309934	GO_BP_RNA
Zhang2021	REGULATION OF HEART RATE BY CARDIAC CONDUCTION	up	0.03354967649995248	GO_BP_RNA
Zhang2021	REGULATION OF HEMOPOIESIS	up	0.04664849655178398	GO_BP_RNA
Zhang2021	REGULATION OF HOMOTYPIC CELL CELL ADHESION	up	0.04658662406954508	GO_BP_RNA
Zhang2021	REGULATION OF HORMONE LEVELS	up	5.911070496382812e-4	GO_BP_RNA
Zhang2021	REGULATION OF HORMONE METABOLIC PROCESS	up	0.017638761968561557	GO_BP_RNA
Zhang2021	REGULATION OF INFLAMMATORY RESPONSE	up	0.04553437110700845	GO_BP_RNA
Zhang2021	REGULATION OF INNATE IMMUNE RESPONSE	up	0.015433949842578296	GO_BP_RNA
Zhang2021	REGULATION OF JNK CASCADE	up	0.008828543087944011	GO_BP_RNA
Zhang2021	REGULATION OF KETONE METABOLIC PROCESS	up	0.014958877782377622	GO_BP_RNA
Zhang2021	REGULATION OF KINASE ACTIVITY	up	0.02037504444664681	GO_BP_RNA
Zhang2021	REGULATION OF LIPID BIOSYNTHETIC PROCESS	up	0.007165462390198359	GO_BP_RNA
Zhang2021	REGULATION OF LIPID METABOLIC PROCESS	up	0.0016440544370924038	GO_BP_RNA
Zhang2021	REGULATION OF LONG TERM NEURONAL SYNAPTIC PLASTICITY	up	0.047356126714619994	GO_BP_RNA
Zhang2021	REGULATION OF MACROAUTOPHAGY	up	0.029829409037998782	GO_BP_RNA
Zhang2021	REGULATION OF MEMBRANE POTENTIAL	up	1.140190653157744e-5	GO_BP_RNA
Zhang2021	REGULATION OF MICROTUBULE POLYMERIZATION	up	0.04012042510467037	GO_BP_RNA
Zhang2021	REGULATION OF MICROTUBULE POLYMERIZATION OR DEPOLYMERIZATION	up	0.029486023053723217	GO_BP_RNA
Zhang2021	REGULATION OF MIRNA METABOLIC PROCESS	up	0.03792318922340478	GO_BP_RNA
Zhang2021	REGULATION OF MONOATOMIC ION TRANSMEMBRANE TRANSPORT	up	0.004160393488186707	GO_BP_RNA
Zhang2021	REGULATION OF MONOATOMIC ION TRANSPORT	up	3.9574125111709106e-4	GO_BP_RNA
Zhang2021	REGULATION OF MORPHOGENESIS OF A BRANCHING STRUCTURE	up	0.04925978877865732	GO_BP_RNA
Zhang2021	REGULATION OF MUSCLE ADAPTATION	up	0.015117821636969673	GO_BP_RNA
Zhang2021	REGULATION OF MUSCLE CELL DIFFERENTIATION	up	0.032677499883192615	GO_BP_RNA
Zhang2021	REGULATION OF MUSCLE CONTRACTION	up	0.006782626437287085	GO_BP_RNA
Zhang2021	REGULATION OF MUSCLE SYSTEM PROCESS	up	6.76077659643651e-4	GO_BP_RNA
Zhang2021	REGULATION OF MYELOID CELL DIFFERENTIATION	up	0.04664849655178398	GO_BP_RNA
Zhang2021	REGULATION OF NERVOUS SYSTEM DEVELOPMENT	up	0.004868789971485076	GO_BP_RNA
Zhang2021	REGULATION OF NEUROGENESIS	up	0.004844720023499198	GO_BP_RNA
Zhang2021	REGULATION OF NEURONAL SYNAPTIC PLASTICITY	up	0.019259422794448238	GO_BP_RNA
Zhang2021	REGULATION OF NEURON APOPTOTIC PROCESS	up	0.034065303539233184	GO_BP_RNA
Zhang2021	REGULATION OF NEURON PROJECTION DEVELOPMENT	up	4.1590780784823e-6	GO_BP_RNA
Zhang2021	REGULATION OF ORGANIC ACID TRANSPORT	up	0.0239156484310532	GO_BP_RNA
Zhang2021	REGULATION OF OSSIFICATION	up	0.01212967307813801	GO_BP_RNA
Zhang2021	REGULATION OF OSTEOBLAST DIFFERENTIATION	up	0.03907962521682037	GO_BP_RNA
Zhang2021	REGULATION OF PHOSPHORYLATION	up	0.00205188029024165	GO_BP_RNA
Zhang2021	REGULATION OF POSTSYNAPSE ORGANIZATION	up	0.047356126714619994	GO_BP_RNA
Zhang2021	REGULATION OF POSTSYNAPTIC MEMBRANE NEUROTRANSMITTER RECEPTOR LEVELS	up	0.0012363947333408278	GO_BP_RNA
Zhang2021	REGULATION OF POSTSYNAPTIC MEMBRANE POTENTIAL	up	0.037618320227551155	GO_BP_RNA
Zhang2021	REGULATION OF POTASSIUM ION TRANSMEMBRANE TRANSPORT	up	0.015385053279729057	GO_BP_RNA
Zhang2021	REGULATION OF POTASSIUM ION TRANSPORT	up	0.010453888758957015	GO_BP_RNA
Zhang2021	REGULATION OF PRESYNAPTIC MEMBRANE POTENTIAL	up	0.023121854933557007	GO_BP_RNA
Zhang2021	REGULATION OF PROTEASOMAL PROTEIN CATABOLIC PROCESS	up	0.019289464461050728	GO_BP_RNA
Zhang2021	REGULATION OF PROTEIN CATABOLIC PROCESS	up	0.005569436775643531	GO_BP_RNA
Zhang2021	REGULATION OF PROTEIN CONTAINING COMPLEX ASSEMBLY	up	0.008411449510299608	GO_BP_RNA
Zhang2021	REGULATION OF PROTEIN CONTAINING COMPLEX DISASSEMBLY	up	0.015433949842578296	GO_BP_RNA
Zhang2021	REGULATION OF PROTEIN DEPOLYMERIZATION	up	0.0437736774505113	GO_BP_RNA
Zhang2021	REGULATION OF PROTEIN LOCALIZATION TO CELL PERIPHERY	up	0.037413191684076884	GO_BP_RNA
Zhang2021	REGULATION OF PROTEIN LOCALIZATION TO MEMBRANE	up	0.009917583663811524	GO_BP_RNA
Zhang2021	REGULATION OF PROTEIN POLYMERIZATION	up	0.019289464461050728	GO_BP_RNA
Zhang2021	REGULATION OF PROTEOLYSIS	up	0.024062356300150252	GO_BP_RNA
Zhang2021	REGULATION OF PROTEOLYSIS INVOLVED IN PROTEIN CATABOLIC PROCESS	up	0.032164113980074495	GO_BP_RNA
Zhang2021	REGULATION OF RECEPTOR MEDIATED ENDOCYTOSIS	up	0.03464412230338518	GO_BP_RNA
Zhang2021	REGULATION OF RESPONSE TO BIOTIC STIMULUS	up	0.0013057501576455696	GO_BP_RNA
Zhang2021	REGULATION OF RESPONSE TO WOUNDING	up	0.001149003235964341	GO_BP_RNA
Zhang2021	REGULATION OF SMAD PROTEIN SIGNAL TRANSDUCTION	up	0.0437736774505113	GO_BP_RNA
Zhang2021	REGULATION OF SMALL GTPASE MEDIATED SIGNAL TRANSDUCTION	up	0.005548516914952723	GO_BP_RNA
Zhang2021	REGULATION OF SMALL MOLECULE METABOLIC PROCESS	up	0.019116067051668358	GO_BP_RNA
Zhang2021	REGULATION OF STEROID METABOLIC PROCESS	up	0.03379580092284849	GO_BP_RNA
Zhang2021	REGULATION OF STRIATED MUSCLE CONTRACTION	up	0.011365682992862688	GO_BP_RNA
Zhang2021	REGULATION OF SUPRAMOLECULAR FIBER ORGANIZATION	up	0.042542254668783655	GO_BP_RNA
Zhang2021	REGULATION OF SYNAPSE STRUCTURE OR ACTIVITY	up	0.007899798524689208	GO_BP_RNA
Zhang2021	REGULATION OF SYNAPTIC PLASTICITY	up	1.6296513231792976e-5	GO_BP_RNA
Zhang2021	REGULATION OF SYNAPTIC VESICLE EXOCYTOSIS	up	0.01555482839152192	GO_BP_RNA
Zhang2021	REGULATION OF SYSTEMIC ARTERIAL BLOOD PRESSURE	up	0.03479181847388209	GO_BP_RNA
Zhang2021	REGULATION OF SYSTEM PROCESS	up	6.37700510873627e-8	GO_BP_RNA
Zhang2021	REGULATION OF TRANSMEMBRANE RECEPTOR PROTEIN SERINE THREONINE KINASE SIGNALING PATHWAY	up	0.0042122083217384495	GO_BP_RNA
Zhang2021	REGULATION OF TRANSMEMBRANE TRANSPORT	up	3.802244717581794e-4	GO_BP_RNA
Zhang2021	REGULATION OF TRANSPORTER ACTIVITY	up	0.037413191684076884	GO_BP_RNA
Zhang2021	REGULATION OF TRANS SYNAPTIC SIGNALING	up	2.4624105061593288e-8	GO_BP_RNA
Zhang2021	REGULATION OF TUBE SIZE	up	0.005279082550623893	GO_BP_RNA
Zhang2021	REGULATION OF TYPE B PANCREATIC CELL PROLIFERATION	up	0.046465245022537606	GO_BP_RNA
Zhang2021	REGULATION OF VASCULATURE DEVELOPMENT	up	1.140190653157744e-5	GO_BP_RNA
Zhang2021	REGULATION OF VASOCONSTRICTION	up	0.008036356047099031	GO_BP_RNA
Zhang2021	REGULATION OF VESICLE MEDIATED TRANSPORT	up	0.0012310673495531557	GO_BP_RNA
Zhang2021	REGULATION OF WNT SIGNALING PATHWAY	up	2.1745039579700324e-4	GO_BP_RNA
Zhang2021	REGULATION OF WOUND HEALING	up	0.006663146237881279	GO_BP_RNA
Zhang2021	RENAL ABSORPTION	up	0.03764065630714636	GO_BP_RNA
Zhang2021	RENAL FILTRATION	up	0.002046833153827311	GO_BP_RNA
Zhang2021	RENAL SYSTEM DEVELOPMENT	up	2.1745039579700324e-4	GO_BP_RNA
Zhang2021	RENAL SYSTEM PROCESS	up	0.0024170470774897922	GO_BP_RNA
Zhang2021	RENAL SYSTEM VASCULATURE DEVELOPMENT	up	0.02494757790403749	GO_BP_RNA
Zhang2021	REPRODUCTIVE SYSTEM DEVELOPMENT	up	0.021612327963188124	GO_BP_RNA
Zhang2021	RESPONSE TO ACTIVITY	up	0.046634781891387776	GO_BP_RNA
Zhang2021	RESPONSE TO ALCOHOL	up	0.0015342339756439357	GO_BP_RNA
Zhang2021	RESPONSE TO ANGIOTENSIN	up	0.04065574634068563	GO_BP_RNA
Zhang2021	RESPONSE TO BACTERIUM	up	0.0018627504979164325	GO_BP_RNA
Zhang2021	RESPONSE TO BMP	up	0.01212967307813801	GO_BP_RNA
Zhang2021	RESPONSE TO CALCIUM ION	up	5.035487240722293e-4	GO_BP_RNA
Zhang2021	RESPONSE TO CAMP	up	0.010871817580033033	GO_BP_RNA
Zhang2021	RESPONSE TO CHEMOKINE	up	0.047217655982122055	GO_BP_RNA
Zhang2021	RESPONSE TO CORTICOSTEROID	up	0.0013273316065889119	GO_BP_RNA
Zhang2021	RESPONSE TO CORTICOSTERONE	up	0.03826963072384598	GO_BP_RNA
Zhang2021	RESPONSE TO DIETARY EXCESS	up	0.04170638966261196	GO_BP_RNA
Zhang2021	RESPONSE TO ENDOPLASMIC RETICULUM STRESS	up	0.019289464461050728	GO_BP_RNA
Zhang2021	RESPONSE TO ETHANOL	up	0.0312744861685974	GO_BP_RNA
Zhang2021	RESPONSE TO FIBROBLAST GROWTH FACTOR	up	0.005747690281912386	GO_BP_RNA
Zhang2021	RESPONSE TO HEAT	up	0.032208345883040244	GO_BP_RNA
Zhang2021	RESPONSE TO INSULIN	up	6.881270165233279e-4	GO_BP_RNA
Zhang2021	RESPONSE TO INTERLEUKIN 1	up	0.029491731729005707	GO_BP_RNA
Zhang2021	RESPONSE TO ISCHEMIA	up	0.04925978877865732	GO_BP_RNA
Zhang2021	RESPONSE TO KETONE	up	4.125910512794751e-5	GO_BP_RNA
Zhang2021	RESPONSE TO LEUKEMIA INHIBITORY FACTOR	up	0.041004741337583764	GO_BP_RNA
Zhang2021	RESPONSE TO LIGHT STIMULUS	up	0.020230349096155308	GO_BP_RNA
Zhang2021	RESPONSE TO MECHANICAL STIMULUS	up	0.0040499023247107455	GO_BP_RNA
Zhang2021	RESPONSE TO METAL ION	up	7.566104659277816e-6	GO_BP_RNA
Zhang2021	RESPONSE TO MINERALOCORTICOID	up	0.019012602803407396	GO_BP_RNA
Zhang2021	RESPONSE TO NUTRIENT	up	0.013483891199893884	GO_BP_RNA
Zhang2021	RESPONSE TO NUTRIENT LEVELS	up	6.115591090676476e-5	GO_BP_RNA
Zhang2021	RESPONSE TO ORGANOPHOSPHORUS	up	0.03464412230338518	GO_BP_RNA
Zhang2021	RESPONSE TO OSMOTIC STRESS	up	6.650802175649431e-4	GO_BP_RNA
Zhang2021	RESPONSE TO OXIDATIVE STRESS	up	0.0030638957437610394	GO_BP_RNA
Zhang2021	RESPONSE TO OXYGEN LEVELS	up	1.5259863655682393e-4	GO_BP_RNA
Zhang2021	RESPONSE TO PEPTIDE HORMONE	up	2.8162203702349726e-5	GO_BP_RNA
Zhang2021	RESPONSE TO PROGESTERONE	up	0.0025037282390491435	GO_BP_RNA
Zhang2021	RESPONSE TO PURINE CONTAINING COMPOUND	up	0.017533514909184398	GO_BP_RNA
Zhang2021	RESPONSE TO RADIATION	up	0.027795030143825145	GO_BP_RNA
Zhang2021	RESPONSE TO REACTIVE OXYGEN SPECIES	up	0.003370957538870028	GO_BP_RNA
Zhang2021	RESPONSE TO RETINOIC ACID	up	0.013483891199893884	GO_BP_RNA
Zhang2021	RESPONSE TO SALT STRESS	up	0.042542254668783655	GO_BP_RNA
Zhang2021	RESPONSE TO STARVATION	up	0.010993897809124834	GO_BP_RNA
Zhang2021	RESPONSE TO STEROID HORMONE	up	2.1745039579700324e-4	GO_BP_RNA
Zhang2021	RESPONSE TO TEMPERATURE STIMULUS	up	0.02883959044823119	GO_BP_RNA
Zhang2021	RESPONSE TO TOPOLOGICALLY INCORRECT PROTEIN	up	0.04845163204945484	GO_BP_RNA
Zhang2021	RESPONSE TO TOXIC SUBSTANCE	up	0.027827288934790466	GO_BP_RNA
Zhang2021	RESPONSE TO TRANSFORMING GROWTH FACTOR BETA	up	0.0054196114052259626	GO_BP_RNA
Zhang2021	RESPONSE TO VITAMIN	up	0.02895439756718863	GO_BP_RNA
Zhang2021	RESPONSE TO WOUNDING	up	4.1590780784823e-6	GO_BP_RNA
Zhang2021	RESPONSE TO XENOBIOTIC STIMULUS	up	6.76077659643651e-4	GO_BP_RNA
Zhang2021	RETINA DEVELOPMENT IN CAMERA TYPE EYE	up	0.03630572165605632	GO_BP_RNA
Zhang2021	RHYTHMIC PROCESS	up	7.95539332317656e-4	GO_BP_RNA
Zhang2021	SECRETION BY TISSUE	up	0.002193755413183013	GO_BP_RNA
Zhang2021	SEMI LUNAR VALVE DEVELOPMENT	up	0.0453646220188457	GO_BP_RNA
Zhang2021	SENSORY ORGAN MORPHOGENESIS	up	0.030518609350828157	GO_BP_RNA
Zhang2021	SENSORY PERCEPTION OF LIGHT STIMULUS	up	0.047665025370342326	GO_BP_RNA
Zhang2021	SENSORY SYSTEM DEVELOPMENT	up	0.010460476780557098	GO_BP_RNA
Zhang2021	SIGNALING RECEPTOR LIGAND PRECURSOR PROCESSING	up	0.03664672141018535	GO_BP_RNA
Zhang2021	SIGNAL RELEASE	up	4.439007453022429e-4	GO_BP_RNA
Zhang2021	SKELETAL MUSCLE ORGAN DEVELOPMENT	up	0.009086533285615924	GO_BP_RNA
Zhang2021	SKELETAL SYSTEM DEVELOPMENT	up	5.600888832538851e-4	GO_BP_RNA
Zhang2021	SMAD PROTEIN SIGNAL TRANSDUCTION	up	0.019152196143049086	GO_BP_RNA
Zhang2021	SMALL GTPASE MEDIATED SIGNAL TRANSDUCTION	up	0.002378756303412754	GO_BP_RNA
Zhang2021	SMALL MOLECULE BIOSYNTHETIC PROCESS	up	0.01016347758630033	GO_BP_RNA
Zhang2021	SMOOTH MUSCLE CELL MIGRATION	up	0.047665025370342326	GO_BP_RNA
Zhang2021	SMOOTH MUSCLE CELL PROLIFERATION	up	0.015951260895990353	GO_BP_RNA
Zhang2021	SMOOTH MUSCLE CONTRACTION	up	0.047217655982122055	GO_BP_RNA
Zhang2021	SODIUM ION TRANSMEMBRANE TRANSPORT	up	0.010453888758957015	GO_BP_RNA
Zhang2021	SODIUM ION TRANSPORT	up	0.004970244263289312	GO_BP_RNA
Zhang2021	SPHINGOLIPID METABOLIC PROCESS	up	0.019289464461050728	GO_BP_RNA
Zhang2021	SPROUTING ANGIOGENESIS	up	0.001149003235964341	GO_BP_RNA
Zhang2021	STEM CELL DIFFERENTIATION	up	0.023680388046035453	GO_BP_RNA
Zhang2021	STEROID METABOLIC PROCESS	up	0.0017900981133235462	GO_BP_RNA
Zhang2021	STRIATED MUSCLE CELL DIFFERENTIATION	up	0.03195217833147491	GO_BP_RNA
Zhang2021	STRIATED MUSCLE CONTRACTION	up	0.005112942376771376	GO_BP_RNA
Zhang2021	SULFUR COMPOUND BIOSYNTHETIC PROCESS	up	0.045763982217014464	GO_BP_RNA
Zhang2021	SULFUR COMPOUND METABOLIC PROCESS	up	0.015464657730006857	GO_BP_RNA
Zhang2021	SYMBIONT ENTRY INTO HOST	up	0.007977690563036738	GO_BP_RNA
Zhang2021	SYNAPSE ASSEMBLY	up	0.0059732829540303555	GO_BP_RNA
Zhang2021	SYNAPTIC TRANSMISSION GLUTAMATERGIC	up	0.014952168656836937	GO_BP_RNA
Zhang2021	SYNAPTIC VESICLE EXOCYTOSIS	up	0.01674888888877049	GO_BP_RNA
Zhang2021	TAXIS	up	0.046465245022537606	GO_BP_RNA
Zhang2021	TELENCEPHALON DEVELOPMENT	up	0.019857805632990673	GO_BP_RNA
Zhang2021	TEMPERATURE HOMEOSTASIS	up	0.039772378737209436	GO_BP_RNA
Zhang2021	THIOESTER BIOSYNTHETIC PROCESS	up	0.04925978877865732	GO_BP_RNA
Zhang2021	TIGHT JUNCTION ASSEMBLY	up	0.030025233842305696	GO_BP_RNA
Zhang2021	TIGHT JUNCTION ORGANIZATION	up	0.02865285556303489	GO_BP_RNA
Zhang2021	TISSUE HOMEOSTASIS	up	0.021612327963188124	GO_BP_RNA
Zhang2021	TISSUE REMODELING	up	0.037413191684076884	GO_BP_RNA
Zhang2021	TRANSEPITHELIAL TRANSPORT	up	0.04906677343312636	GO_BP_RNA
Zhang2021	TRANSFORMING GROWTH FACTOR BETA RECEPTOR SIGNALING PATHWAY	up	0.027607199308958528	GO_BP_RNA
Zhang2021	TYPE B PANCREATIC CELL PROLIFERATION	up	0.015433949842578296	GO_BP_RNA
Zhang2021	T CELL ACTIVATION	up	0.02861628173879612	GO_BP_RNA
Zhang2021	UNSATURATED FATTY ACID BIOSYNTHETIC PROCESS	up	0.04730760515234373	GO_BP_RNA
Zhang2021	VACUOLE ORGANIZATION	up	0.018729210315302162	GO_BP_RNA
Zhang2021	VASCULAR ASSOCIATED SMOOTH MUSCLE CELL PROLIFERATION	up	0.03464412230338518	GO_BP_RNA
Zhang2021	VASCULAR PROCESS IN CIRCULATORY SYSTEM	up	1.140190653157744e-5	GO_BP_RNA
Zhang2021	VASCULAR TRANSPORT	up	0.011714938448065478	GO_BP_RNA
Zhang2021	VASCULOGENESIS	up	0.04338544049272265	GO_BP_RNA
Zhang2021	VASOCONSTRICTION	up	0.030798727400076012	GO_BP_RNA
Zhang2021	VESICLE MEDIATED TRANSPORT IN SYNAPSE	up	2.118444697923043e-4	GO_BP_RNA
Zhang2021	VESICLE MEDIATED TRANSPORT TO THE PLASMA MEMBRANE	up	0.02903604739994159	GO_BP_RNA
Zhang2021	VESICLE ORGANIZATION	up	0.014958877782377622	GO_BP_RNA
Zhang2021	VIRAL LIFE CYCLE	up	0.019012602803407396	GO_BP_RNA
Zhang2021	VIRAL PROCESS	up	0.0437736774505113	GO_BP_RNA
Zhang2021	WNT SIGNALING PATHWAY	up	1.140190653157744e-5	GO_BP_RNA
Zhang2021	WOUND HEALING	up	1.140190653157744e-5	GO_BP_RNA
Liao2023	ACTIN FILAMENT BASED MOVEMENT	up	0.034813640375506084	GO_BP_RNA
Liao2023	ACTIN MEDIATED CELL CONTRACTION	up	0.03551944511625946	GO_BP_RNA
Liao2023	ANIMAL ORGAN MATURATION	up	0.01463961593131248	GO_BP_RNA
Liao2023	ANTIMICROBIAL HUMORAL RESPONSE	up	0.04670879163699555	GO_BP_RNA
Liao2023	APOPTOTIC CELL CLEARANCE	up	0.01377410443051742	GO_BP_RNA
Liao2023	ATRIOVENTRICULAR VALVE DEVELOPMENT	up	0.040609301343604444	GO_BP_RNA
Liao2023	BASEMENT MEMBRANE ORGANIZATION	up	0.048430498871290646	GO_BP_RNA
Liao2023	BIOLOGICAL PROCESS INVOLVED IN SYMBIOTIC INTERACTION	up	0.036511480609665095	GO_BP_RNA
Liao2023	BIOMINERAL TISSUE DEVELOPMENT	up	5.170954722441114e-4	GO_BP_RNA
Liao2023	BLOOD VESSEL ENDOTHELIAL CELL MIGRATION	up	0.017889311153475026	GO_BP_RNA
Liao2023	BONE DEVELOPMENT	up	0.0011299544115148045	GO_BP_RNA
Liao2023	BONE MATURATION	up	0.020521198068745028	GO_BP_RNA
Liao2023	BONE MINERALIZATION	up	0.012092114762205964	GO_BP_RNA
Liao2023	BONE MORPHOGENESIS	up	0.01881668450471065	GO_BP_RNA
Liao2023	BONE REMODELING	up	0.034813640375506084	GO_BP_RNA
Liao2023	CANONICAL WNT SIGNALING PATHWAY	up	0.0016015020673125885	GO_BP_RNA
Liao2023	CARDIAC CHAMBER DEVELOPMENT	up	1.3387986426048438e-4	GO_BP_RNA
Liao2023	CARDIAC CHAMBER MORPHOGENESIS	up	5.151586142514234e-4	GO_BP_RNA
Liao2023	CARDIAC CONDUCTION SYSTEM DEVELOPMENT	up	0.04640379553274494	GO_BP_RNA
Liao2023	CARDIAC MUSCLE CELL DIFFERENTIATION	up	0.03436616095909797	GO_BP_RNA
Liao2023	CARDIAC MUSCLE TISSUE DEVELOPMENT	up	1.1365120967333244e-5	GO_BP_RNA
Liao2023	CARDIAC MUSCLE TISSUE MORPHOGENESIS	up	0.0265927748671727	GO_BP_RNA
Liao2023	CARDIAC SEPTUM DEVELOPMENT	up	0.008861857393884471	GO_BP_RNA
Liao2023	CARDIAC SEPTUM MORPHOGENESIS	up	0.03412092153493461	GO_BP_RNA
Liao2023	CARDIAC VENTRICLE DEVELOPMENT	up	0.0033745222981732856	GO_BP_RNA
Liao2023	CARDIAC VENTRICLE MORPHOGENESIS	up	0.024691350743784007	GO_BP_RNA
Liao2023	CARDIOCYTE DIFFERENTIATION	up	0.0037252538288446288	GO_BP_RNA
Liao2023	CARTILAGE DEVELOPMENT	up	2.8747919188560667e-6	GO_BP_RNA
Liao2023	CELLULAR COMPONENT ASSEMBLY INVOLVED IN MORPHOGENESIS	up	0.006532192737946424	GO_BP_RNA
Liao2023	CELLULAR RESPONSE TO EXTERNAL STIMULUS	up	0.0124465107701172	GO_BP_RNA
Liao2023	CELLULAR RESPONSE TO PURINE CONTAINING COMPOUND	down	0.03520592038390553	GO_BP_RNA
Liao2023	CELLULAR RESPONSE TO VASCULAR ENDOTHELIAL GROWTH FACTOR STIMULUS	up	0.026102097753997935	GO_BP_RNA
Liao2023	CELL ADHESION MEDIATED BY INTEGRIN	up	0.002585967797644834	GO_BP_RNA
Liao2023	CELL CHEMOTAXIS	up	4.1190880836702723e-4	GO_BP_RNA
Liao2023	CELL COMMUNICATION BY ELECTRICAL COUPLING INVOLVED IN CARDIAC CONDUCTION	up	0.03412092153493461	GO_BP_RNA
Liao2023	CELL DIFFERENTIATION INVOLVED IN KIDNEY DEVELOPMENT	up	0.020871588350133436	GO_BP_RNA
Liao2023	CELL FATE COMMITMENT	up	0.034551650607349174	GO_BP_RNA
Liao2023	CELL GROWTH	up	0.010863443061577636	GO_BP_RNA
Liao2023	CELL KILLING	up	0.021193428702195195	GO_BP_RNA
Liao2023	CELL MATRIX ADHESION	up	1.2042887892654113e-4	GO_BP_RNA
Liao2023	CELL SUBSTRATE ADHESION	up	7.011820114792033e-4	GO_BP_RNA
Liao2023	CELL SUBSTRATE JUNCTION ORGANIZATION	up	0.007502730976054082	GO_BP_RNA
Liao2023	CELL SURFACE RECEPTOR PROTEIN SERINE THREONINE KINASE SIGNALING PATHWAY	up	0.0021888500208715168	GO_BP_RNA
Liao2023	CHONDROCYTE DIFFERENTIATION	up	3.5338991728194556e-4	GO_BP_RNA
Liao2023	COLLAGEN FIBRIL ORGANIZATION	up	0.004443426653165932	GO_BP_RNA
Liao2023	COLLAGEN METABOLIC PROCESS	up	0.002191293234113633	GO_BP_RNA
Liao2023	CONNECTIVE TISSUE DEVELOPMENT	up	7.94980335794465e-8	GO_BP_RNA
Liao2023	CRANIAL SKELETAL SYSTEM DEVELOPMENT	up	0.03747846210796453	GO_BP_RNA
Liao2023	CYCLIC NUCLEOTIDE METABOLIC PROCESS	up	0.046862714805432026	GO_BP_RNA
Liao2023	CYTOKINE MEDIATED SIGNALING PATHWAY	up	0.004092336987486196	GO_BP_RNA
Liao2023	DEFENSE RESPONSE TO BACTERIUM	up	0.003504996238894065	GO_BP_RNA
Liao2023	DEFENSE RESPONSE TO GRAM NEGATIVE BACTERIUM	up	0.034661734038517106	GO_BP_RNA
Liao2023	DORSAL VENTRAL PATTERN FORMATION	up	0.0368252270855886	GO_BP_RNA
Liao2023	EAR DEVELOPMENT	up	0.008775350925916784	GO_BP_RNA
Liao2023	EAR MORPHOGENESIS	up	0.024401794097202414	GO_BP_RNA
Liao2023	EMBRYONIC APPENDAGE MORPHOGENESIS	up	0.01682870235598108	GO_BP_RNA
Liao2023	EMBRYONIC EPITHELIAL TUBE FORMATION	up	0.02788011057265249	GO_BP_RNA
Liao2023	EMBRYONIC ORGAN DEVELOPMENT	up	2.906262729976894e-6	GO_BP_RNA
Liao2023	EMBRYONIC ORGAN MORPHOGENESIS	up	1.594227812988177e-5	GO_BP_RNA
Liao2023	EMBRYONIC SKELETAL SYSTEM DEVELOPMENT	up	0.047305554435917566	GO_BP_RNA
Liao2023	EMBRYO IMPLANTATION	up	0.03412092153493461	GO_BP_RNA
Liao2023	ENDODERM DEVELOPMENT	up	0.0026544667796873146	GO_BP_RNA
Liao2023	ENDODERM FORMATION	up	0.004048808479527739	GO_BP_RNA
Liao2023	ENDOTHELIAL CELL APOPTOTIC PROCESS	up	0.02788011057265249	GO_BP_RNA
Liao2023	ENDOTHELIAL CELL MIGRATION	up	3.0501981376837177e-4	GO_BP_RNA
Liao2023	ENDOTHELIAL CELL PROLIFERATION	up	6.303700028465475e-4	GO_BP_RNA
Liao2023	ENDOTHELIUM DEVELOPMENT	up	0.03175856672599329	GO_BP_RNA
Liao2023	EPIBOLY	up	0.047678360893098556	GO_BP_RNA
Liao2023	EPIDERMAL CELL DIFFERENTIATION	up	0.04950393514445306	GO_BP_RNA
Liao2023	EPIDERMIS DEVELOPMENT	up	0.006678795036089376	GO_BP_RNA
Liao2023	EPITHELIAL CELL DIFFERENTIATION INVOLVED IN KIDNEY DEVELOPMENT	up	0.028047968170957824	GO_BP_RNA
Liao2023	EPITHELIAL CELL PROLIFERATION	up	0.008145407474301727	GO_BP_RNA
Liao2023	EPITHELIAL TO MESENCHYMAL TRANSITION	up	4.700482523184461e-4	GO_BP_RNA
Liao2023	ERK1 AND ERK2 CASCADE	up	0.036511480609665095	GO_BP_RNA
Liao2023	ESTABLISHMENT OF CELL POLARITY	up	0.036511480609665095	GO_BP_RNA
Liao2023	EXTERNAL ENCAPSULATING STRUCTURE ORGANIZATION	up	3.5963177153536843e-9	GO_BP_RNA
Liao2023	EXTRACELLULAR MATRIX ASSEMBLY	up	0.03828124386046757	GO_BP_RNA
Liao2023	EXTRACELLULAR MATRIX DISASSEMBLY	up	0.03412092153493461	GO_BP_RNA
Liao2023	EXTRINSIC APOPTOTIC SIGNALING PATHWAY VIA DEATH DOMAIN RECEPTORS	up	0.044277892597904454	GO_BP_RNA
Liao2023	FIBRINOLYSIS	up	0.022590835849432556	GO_BP_RNA
Liao2023	FIBROBLAST PROLIFERATION	up	0.044277892597904454	GO_BP_RNA
Liao2023	FOCAL ADHESION ASSEMBLY	up	0.035153360211653065	GO_BP_RNA
Liao2023	FORMATION OF PRIMARY GERM LAYER	up	9.907691701598071e-5	GO_BP_RNA
Liao2023	GAP JUNCTION ASSEMBLY	up	0.008861857393884471	GO_BP_RNA
Liao2023	GASTRULATION	up	9.535835433447697e-5	GO_BP_RNA
Liao2023	GLAND MORPHOGENESIS	up	0.009301894246062932	GO_BP_RNA
Liao2023	GLOMERULUS DEVELOPMENT	up	0.013898093506738561	GO_BP_RNA
Liao2023	HEART MORPHOGENESIS	up	3.666870509628575e-7	GO_BP_RNA
Liao2023	HEART PROCESS	up	0.009301894246062932	GO_BP_RNA
Liao2023	HEMOSTASIS	up	9.8892747003956e-6	GO_BP_RNA
Liao2023	HOMOTYPIC CELL CELL ADHESION	up	0.014272456402068655	GO_BP_RNA
Liao2023	IMMUNE EFFECTOR PROCESS	up	0.02941516780990788	GO_BP_RNA
Liao2023	INNER EAR MORPHOGENESIS	up	0.040609301343604444	GO_BP_RNA
Liao2023	INTEGRIN MEDIATED SIGNALING PATHWAY	up	3.323046623210976e-4	GO_BP_RNA
Liao2023	LEUKOCYTE CELL CELL ADHESION	up	0.040609301343604444	GO_BP_RNA
Liao2023	LEUKOCYTE CHEMOTAXIS	up	0.009714313646825744	GO_BP_RNA
Liao2023	LEUKOCYTE DIFFERENTIATION	up	0.0019189407412347078	GO_BP_RNA
Liao2023	LEUKOCYTE MIGRATION	up	3.0501981376837177e-4	GO_BP_RNA
Liao2023	LIPID LOCALIZATION	up	0.022388193206709255	GO_BP_RNA
Liao2023	LUNG MORPHOGENESIS	up	0.04518455640110463	GO_BP_RNA
Liao2023	LYMPHOCYTE DIFFERENTIATION	up	0.040609301343604444	GO_BP_RNA
Liao2023	MACROPHAGE MIGRATION	up	0.037798441183878796	GO_BP_RNA
Liao2023	MESENCHYMAL CELL DIFFERENTIATION	up	1.2744196961496926e-4	GO_BP_RNA
Liao2023	MESENCHYME DEVELOPMENT	up	1.1365120967333244e-5	GO_BP_RNA
Liao2023	MESENCHYME MORPHOGENESIS	up	0.009903454200397196	GO_BP_RNA
Liao2023	MESODERM DEVELOPMENT	up	0.010276313108972545	GO_BP_RNA
Liao2023	MESODERM MORPHOGENESIS	up	0.013474594768899627	GO_BP_RNA
Liao2023	MONOCARBOXYLIC ACID TRANSPORT	up	0.028285029426282422	GO_BP_RNA
Liao2023	MONONUCLEAR CELL DIFFERENTIATION	up	0.006253164643004195	GO_BP_RNA
Liao2023	MONONUCLEAR CELL MIGRATION	up	0.003401190580138221	GO_BP_RNA
Liao2023	MORPHOGENESIS OF AN EPITHELIAL SHEET	up	0.013898093506738561	GO_BP_RNA
Liao2023	MORPHOGENESIS OF AN EPITHELIUM	up	2.580664913208746e-5	GO_BP_RNA
Liao2023	MORPHOGENESIS OF EMBRYONIC EPITHELIUM	up	0.008590626379864724	GO_BP_RNA
Liao2023	MULTI MULTICELLULAR ORGANISM PROCESS	up	0.005954265585629202	GO_BP_RNA
Liao2023	MUSCLE CELL DEVELOPMENT	up	0.0014060597412755146	GO_BP_RNA
Liao2023	MUSCLE CELL DIFFERENTIATION	up	1.1365120967333244e-5	GO_BP_RNA
Liao2023	MUSCLE CONTRACTION	up	0.0017908166697492309	GO_BP_RNA
Liao2023	MUSCLE ORGAN DEVELOPMENT	up	2.0053748138045657e-5	GO_BP_RNA
Liao2023	MUSCLE ORGAN MORPHOGENESIS	up	0.009301894246062932	GO_BP_RNA
Liao2023	MUSCLE SYSTEM PROCESS	up	5.266221361030998e-4	GO_BP_RNA
Liao2023	MUSCLE TISSUE DEVELOPMENT	up	8.369514352775103e-6	GO_BP_RNA
Liao2023	MYELOID CELL DIFFERENTIATION	up	0.019607826607765427	GO_BP_RNA
Liao2023	MYELOID LEUKOCYTE ACTIVATION	up	0.028285029426282422	GO_BP_RNA
Liao2023	MYELOID LEUKOCYTE DIFFERENTIATION	up	0.00851360793719232	GO_BP_RNA
Liao2023	MYELOID LEUKOCYTE MIGRATION	up	0.009301894246062932	GO_BP_RNA
Liao2023	MYOFIBRIL ASSEMBLY	up	0.027828098136490627	GO_BP_RNA
Liao2023	NEGATIVE REGULATION OF CANONICAL WNT SIGNALING PATHWAY	up	0.01174703006697858	GO_BP_RNA
Liao2023	NEGATIVE REGULATION OF CELLULAR RESPONSE TO GROWTH FACTOR STIMULUS	up	0.013409050415913948	GO_BP_RNA
Liao2023	NEGATIVE REGULATION OF COAGULATION	up	0.034661734038517106	GO_BP_RNA
Liao2023	NEGATIVE REGULATION OF CYTOKINE PRODUCTION	up	0.040609301343604444	GO_BP_RNA
Liao2023	NEGATIVE REGULATION OF ENDOTHELIAL CELL PROLIFERATION	up	0.046111547410019486	GO_BP_RNA
Liao2023	NEGATIVE REGULATION OF EPITHELIAL CELL PROLIFERATION	up	0.01463961593131248	GO_BP_RNA
Liao2023	NEGATIVE REGULATION OF EXTRINSIC APOPTOTIC SIGNALING PATHWAY VIA DEATH DOMAIN RECEPTORS	up	0.045088171975028346	GO_BP_RNA
Liao2023	NEGATIVE REGULATION OF RESPONSE TO EXTERNAL STIMULUS	up	0.00680309795062554	GO_BP_RNA
Liao2023	NEGATIVE REGULATION OF RESPONSE TO WOUNDING	up	0.010167704569285735	GO_BP_RNA
Liao2023	NEGATIVE REGULATION OF SYSTEMIC ARTERIAL BLOOD PRESSURE	up	0.034661734038517106	GO_BP_RNA
Liao2023	NEGATIVE REGULATION OF TRANSMEMBRANE RECEPTOR PROTEIN SERINE THREONINE KINASE SIGNALING PATHWAY	up	0.04950393514445306	GO_BP_RNA
Liao2023	NEGATIVE REGULATION OF TYPE II INTERFERON PRODUCTION	up	0.03520592038390553	GO_BP_RNA
Liao2023	NEGATIVE REGULATION OF VASCULATURE DEVELOPMENT	up	0.011127666989082189	GO_BP_RNA
Liao2023	NEGATIVE REGULATION OF WNT SIGNALING PATHWAY	up	0.00454916007168685	GO_BP_RNA
Liao2023	NEGATIVE REGULATION OF WOUND HEALING	up	0.017449266804704457	GO_BP_RNA
Liao2023	NEURAL TUBE DEVELOPMENT	up	0.040609301343604444	GO_BP_RNA
Liao2023	NOTCH SIGNALING PATHWAY	up	0.028565483510893278	GO_BP_RNA
Liao2023	ODONTOGENESIS	up	0.0055296876240082185	GO_BP_RNA
Liao2023	ORGANIC HYDROXY COMPOUND TRANSPORT	up	0.016790158354552654	GO_BP_RNA
Liao2023	OSSIFICATION	up	3.666870509628575e-7	GO_BP_RNA
Liao2023	OSTEOBLAST DIFFERENTIATION	up	3.614988891490157e-4	GO_BP_RNA
Liao2023	OUTFLOW TRACT MORPHOGENESIS	up	0.012949951197064232	GO_BP_RNA
Liao2023	P38MAPK CASCADE	up	0.041874844540651365	GO_BP_RNA
Liao2023	PATTERN SPECIFICATION PROCESS	up	0.003919612383848041	GO_BP_RNA
Liao2023	PHOSPHATIDYLINOSITOL 3 KINASE PROTEIN KINASE B SIGNAL TRANSDUCTION	up	0.028856526214950082	GO_BP_RNA
Liao2023	PLACENTA DEVELOPMENT	up	0.010659009210436799	GO_BP_RNA
Liao2023	PLASMA MEMBRANE ORGANIZATION	up	0.006789305772376411	GO_BP_RNA
Liao2023	PLATELET ACTIVATION	up	0.009060873639741675	GO_BP_RNA
Liao2023	POSITIVE REGULATION OF BLOOD VESSEL ENDOTHELIAL CELL MIGRATION	up	0.04057985153726522	GO_BP_RNA
Liao2023	POSITIVE REGULATION OF CELL ACTIVATION	up	0.021536953136176287	GO_BP_RNA
Liao2023	POSITIVE REGULATION OF CELL ADHESION	up	1.1365120967333244e-5	GO_BP_RNA
Liao2023	POSITIVE REGULATION OF CELL ADHESION MEDIATED BY INTEGRIN	up	0.048430498871290646	GO_BP_RNA
Liao2023	POSITIVE REGULATION OF CELL DEVELOPMENT	up	0.013348174993448196	GO_BP_RNA
Liao2023	POSITIVE REGULATION OF CELL SUBSTRATE ADHESION	up	0.006603321283692415	GO_BP_RNA
Liao2023	POSITIVE REGULATION OF CHEMOTAXIS	up	0.007831846972119583	GO_BP_RNA
Liao2023	POSITIVE REGULATION OF COAGULATION	up	0.04719750764351644	GO_BP_RNA
Liao2023	POSITIVE REGULATION OF ENDOCYTOSIS	up	0.042982806838697755	GO_BP_RNA
Liao2023	POSITIVE REGULATION OF ENDOTHELIAL CELL MIGRATION	up	0.006322273773524472	GO_BP_RNA
Liao2023	POSITIVE REGULATION OF EPITHELIAL CELL PROLIFERATION	up	0.006532192737946424	GO_BP_RNA
Liao2023	POSITIVE REGULATION OF EPITHELIAL TO MESENCHYMAL TRANSITION	up	0.01881668450471065	GO_BP_RNA
Liao2023	POSITIVE REGULATION OF FIBROBLAST PROLIFERATION	up	0.03390859557477818	GO_BP_RNA
Liao2023	POSITIVE REGULATION OF HEMOPOIESIS	up	0.006743496872845643	GO_BP_RNA
Liao2023	POSITIVE REGULATION OF LEUKOCYTE CHEMOTAXIS	up	0.04885540035978384	GO_BP_RNA
Liao2023	POSITIVE REGULATION OF LEUKOCYTE MIGRATION	up	0.010004135716317922	GO_BP_RNA
Liao2023	POSITIVE REGULATION OF LIPID TRANSPORT	up	0.04843033383341091	GO_BP_RNA
Liao2023	POSITIVE REGULATION OF MAPK CASCADE	up	0.004092336987486196	GO_BP_RNA
Liao2023	POSITIVE REGULATION OF MYELOID CELL DIFFERENTIATION	up	0.02585765305115491	GO_BP_RNA
Liao2023	POSITIVE REGULATION OF MYELOID LEUKOCYTE DIFFERENTIATION	up	0.04786078456204941	GO_BP_RNA
Liao2023	POSITIVE REGULATION OF PHOSPHATIDYLINOSITOL 3 KINASE PROTEIN KINASE B SIGNAL TRANSDUCTION	up	0.0028553699781379165	GO_BP_RNA
Liao2023	POSITIVE REGULATION OF RESPONSE TO WOUNDING	up	0.017889311153475026	GO_BP_RNA
Liao2023	POSITIVE REGULATION OF SECRETION	up	0.01262219436276984	GO_BP_RNA
Liao2023	POSITIVE REGULATION OF TRANSMEMBRANE RECEPTOR PROTEIN SERINE THREONINE KINASE SIGNALING PATHWAY	up	0.017409150473801007	GO_BP_RNA
Liao2023	POSITIVE REGULATION OF VASCULATURE DEVELOPMENT	up	1.2744196961496926e-4	GO_BP_RNA
Liao2023	PROTEIN MATURATION	up	0.03772403633548219	GO_BP_RNA
Liao2023	PROTEIN PROCESSING	up	0.012776802499912903	GO_BP_RNA
Liao2023	REACTIVE OXYGEN SPECIES METABOLIC PROCESS	up	0.02788011057265249	GO_BP_RNA
Liao2023	REGULATION OF ANATOMICAL STRUCTURE SIZE	up	0.01881668450471065	GO_BP_RNA
Liao2023	REGULATION OF BLOOD CIRCULATION	up	0.01157528905527493	GO_BP_RNA
Liao2023	REGULATION OF BLOOD PRESSURE	up	2.2205442651738007e-4	GO_BP_RNA
Liao2023	REGULATION OF BODY FLUID LEVELS	up	4.814161694091247e-7	GO_BP_RNA
Liao2023	REGULATION OF B CELL ACTIVATION	up	0.018148795008979632	GO_BP_RNA
Liao2023	REGULATION OF CANONICAL WNT SIGNALING PATHWAY	up	0.0030235347951785723	GO_BP_RNA
Liao2023	REGULATION OF CARTILAGE DEVELOPMENT	up	0.009301894246062932	GO_BP_RNA
Liao2023	REGULATION OF CELLULAR RESPONSE TO GROWTH FACTOR STIMULUS	up	0.003410483034162974	GO_BP_RNA
Liao2023	REGULATION OF CELL ACTIVATION	up	5.236258191483307e-4	GO_BP_RNA
Liao2023	REGULATION OF CELL ADHESION MEDIATED BY INTEGRIN	up	0.03174694754546502	GO_BP_RNA
Liao2023	REGULATION OF CELL GROWTH	up	0.014013306011222701	GO_BP_RNA
Liao2023	REGULATION OF CELL MATRIX ADHESION	up	0.03753119064045877	GO_BP_RNA
Liao2023	REGULATION OF CELL SHAPE	up	0.03412092153493461	GO_BP_RNA
Liao2023	REGULATION OF CHEMOTAXIS	up	0.004092336987486196	GO_BP_RNA
Liao2023	REGULATION OF CHONDROCYTE DIFFERENTIATION	up	0.01881668450471065	GO_BP_RNA
Liao2023	REGULATION OF COAGULATION	up	0.010152573327064962	GO_BP_RNA
Liao2023	REGULATION OF ENDOCYTOSIS	up	0.02117634596400474	GO_BP_RNA
Liao2023	REGULATION OF ENDOTHELIAL CELL MIGRATION	up	0.0028954269776096313	GO_BP_RNA
Liao2023	REGULATION OF EPITHELIAL CELL DIFFERENTIATION	up	0.010014110275129532	GO_BP_RNA
Liao2023	REGULATION OF EPITHELIAL TO MESENCHYMAL TRANSITION	up	0.0033872411951356243	GO_BP_RNA
Liao2023	REGULATION OF EXTRACELLULAR MATRIX ORGANIZATION	up	0.010486649038756212	GO_BP_RNA
Liao2023	REGULATION OF EXTRINSIC APOPTOTIC SIGNALING PATHWAY VIA DEATH DOMAIN RECEPTORS	up	0.01881668450471065	GO_BP_RNA
Liao2023	REGULATION OF FIBRINOLYSIS	up	0.027442625372343796	GO_BP_RNA
Liao2023	REGULATION OF HEART CONTRACTION	up	0.01721623277064023	GO_BP_RNA
Liao2023	REGULATION OF HEART RATE	up	0.04786078456204941	GO_BP_RNA
Liao2023	REGULATION OF HEMOPOIESIS	up	0.012776802499912903	GO_BP_RNA
Liao2023	REGULATION OF INFLAMMATORY RESPONSE	up	0.02941516780990788	GO_BP_RNA
Liao2023	REGULATION OF LEUKOCYTE CHEMOTAXIS	up	0.010014110275129532	GO_BP_RNA
Liao2023	REGULATION OF LEUKOCYTE DIFFERENTIATION	up	0.0041844999706401025	GO_BP_RNA
Liao2023	REGULATION OF LEUKOCYTE MIGRATION	up	3.2527937496873416e-4	GO_BP_RNA
Liao2023	REGULATION OF LIPID LOCALIZATION	up	0.030233099032692275	GO_BP_RNA
Liao2023	REGULATION OF LIPID TRANSPORT	up	0.03412092153493461	GO_BP_RNA
Liao2023	REGULATION OF LYMPHOCYTE ACTIVATION	up	0.047678360893098556	GO_BP_RNA
Liao2023	REGULATION OF LYMPHOCYTE DIFFERENTIATION	up	0.03294330974434284	GO_BP_RNA
Liao2023	REGULATION OF MACROPHAGE MIGRATION	up	0.04640379553274494	GO_BP_RNA
Liao2023	REGULATION OF MONONUCLEAR CELL MIGRATION	up	0.0160885248689614	GO_BP_RNA
Liao2023	REGULATION OF MUSCLE CONTRACTION	up	0.025006513544762035	GO_BP_RNA
Liao2023	REGULATION OF MUSCLE SYSTEM PROCESS	up	0.02941516780990788	GO_BP_RNA
Liao2023	REGULATION OF MYELOID CELL DIFFERENTIATION	up	0.04834275196932345	GO_BP_RNA
Liao2023	REGULATION OF MYELOID LEUKOCYTE DIFFERENTIATION	up	0.036504815323963775	GO_BP_RNA
Liao2023	REGULATION OF OSSIFICATION	up	0.034813640375506084	GO_BP_RNA
Liao2023	REGULATION OF OSTEOBLAST DIFFERENTIATION	up	0.04137328585398611	GO_BP_RNA
Liao2023	REGULATION OF PLATELET ACTIVATION	up	0.04786078456204941	GO_BP_RNA
Liao2023	REGULATION OF PROTEIN MATURATION	up	0.04689456013282555	GO_BP_RNA
Liao2023	REGULATION OF REACTIVE OXYGEN SPECIES METABOLIC PROCESS	up	0.02941516780990788	GO_BP_RNA
Liao2023	REGULATION OF REPRODUCTIVE PROCESS	up	0.004779526808649536	GO_BP_RNA
Liao2023	REGULATION OF RESPONSE TO WOUNDING	up	3.3984751434010577e-4	GO_BP_RNA
Liao2023	REGULATION OF SMAD PROTEIN SIGNAL TRANSDUCTION	up	0.03772517472375131	GO_BP_RNA
Liao2023	REGULATION OF STEM CELL PROLIFERATION	up	0.046111547410019486	GO_BP_RNA
Liao2023	REGULATION OF SYSTEMIC ARTERIAL BLOOD PRESSURE	up	0.010029978308086883	GO_BP_RNA
Liao2023	REGULATION OF SYSTEM PROCESS	up	0.0026544667796873146	GO_BP_RNA
Liao2023	REGULATION OF TRANSMEMBRANE RECEPTOR PROTEIN SERINE THREONINE KINASE SIGNALING PATHWAY	up	0.008861857393884471	GO_BP_RNA
Liao2023	REGULATION OF TUBE SIZE	up	0.006603321283692415	GO_BP_RNA
Liao2023	REGULATION OF VASCULATURE DEVELOPMENT	up	2.58894995110032e-7	GO_BP_RNA
Liao2023	REGULATION OF WNT SIGNALING PATHWAY	up	2.933252171943322e-4	GO_BP_RNA
Liao2023	REGULATION OF WOUND HEALING	up	3.0501981376837177e-4	GO_BP_RNA
Liao2023	RESPIRATORY SYSTEM DEVELOPMENT	up	7.072575136307528e-5	GO_BP_RNA
Liao2023	RESPONSE TO BACTERIUM	up	0.02941516780990788	GO_BP_RNA
Liao2023	RESPONSE TO CORTICOSTEROID	up	0.021568171075919886	GO_BP_RNA
Liao2023	RESPONSE TO ESTROGEN	up	0.0379740467786629	GO_BP_RNA
Liao2023	RESPONSE TO FIBROBLAST GROWTH FACTOR	up	0.018775295554753976	GO_BP_RNA
Liao2023	RESPONSE TO MECHANICAL STIMULUS	up	0.002191347511029447	GO_BP_RNA
Liao2023	RESPONSE TO MOLECULE OF BACTERIAL ORIGIN	up	0.034661734038517106	GO_BP_RNA
Liao2023	RESPONSE TO OXYGEN LEVELS	up	0.002500942864953924	GO_BP_RNA
Liao2023	RESPONSE TO RETINOIC ACID	up	0.04518455640110463	GO_BP_RNA
Liao2023	RESPONSE TO STEROID HORMONE	up	6.166865784957192e-4	GO_BP_RNA
Liao2023	RESPONSE TO TRANSFORMING GROWTH FACTOR BETA	up	2.6581553823487784e-5	GO_BP_RNA
Liao2023	RESPONSE TO TUMOR NECROSIS FACTOR	up	0.0047413649899615395	GO_BP_RNA
Liao2023	RESPONSE TO WOUNDING	up	5.161989537351125e-14	GO_BP_RNA
Liao2023	RESPONSE TO XENOBIOTIC STIMULUS	up	0.046862714805432026	GO_BP_RNA
Liao2023	SENSORY ORGAN MORPHOGENESIS	up	0.03412092153493461	GO_BP_RNA
Liao2023	SENSORY SYSTEM DEVELOPMENT	up	0.022388193206709255	GO_BP_RNA
Liao2023	SKELETAL SYSTEM DEVELOPMENT	up	1.0961344954102705e-10	GO_BP_RNA
Liao2023	SKELETAL SYSTEM MORPHOGENESIS	up	6.166865784957192e-4	GO_BP_RNA
Liao2023	SKIN DEVELOPMENT	up	0.03753119064045877	GO_BP_RNA
Liao2023	SKIN EPIDERMIS DEVELOPMENT	up	0.04610231878682673	GO_BP_RNA
Liao2023	SMAD PROTEIN SIGNAL TRANSDUCTION	up	0.016790158354552654	GO_BP_RNA
Liao2023	SPROUTING ANGIOGENESIS	up	0.0013541641479641513	GO_BP_RNA
Liao2023	STEM CELL PROLIFERATION	up	0.0149132451478751	GO_BP_RNA
Liao2023	STRIATED MUSCLE CELL DIFFERENTIATION	up	7.072575136307528e-5	GO_BP_RNA
Liao2023	SYMBIONT ENTRY INTO HOST	up	0.021327113881077758	GO_BP_RNA
Liao2023	TAXIS	up	1.1365120967333244e-5	GO_BP_RNA
Liao2023	TISSUE HOMEOSTASIS	up	0.005954265585629202	GO_BP_RNA
Liao2023	TISSUE REMODELING	up	0.003954257646866323	GO_BP_RNA
Liao2023	TRABECULA MORPHOGENESIS	up	0.0448423609471851	GO_BP_RNA
Liao2023	TRANSFORMING GROWTH FACTOR BETA PRODUCTION	up	0.047305554435917566	GO_BP_RNA
Liao2023	TRANSFORMING GROWTH FACTOR BETA RECEPTOR SIGNALING PATHWAY	up	0.007542473182934862	GO_BP_RNA
Liao2023	TUBE FORMATION	up	0.011283890630019036	GO_BP_RNA
Liao2023	VASCULAR PROCESS IN CIRCULATORY SYSTEM	up	0.010486649038756212	GO_BP_RNA
Liao2023	VASCULOGENESIS	up	0.025006513544762035	GO_BP_RNA
Liao2023	VENTRICULAR CARDIAC MUSCLE TISSUE DEVELOPMENT	up	0.037798441183878796	GO_BP_RNA
Liao2023	VIRAL LIFE CYCLE	up	0.017409150473801007	GO_BP_RNA
Liao2023	WNT SIGNALING PATHWAY	up	2.6645464181083226e-5	GO_BP_RNA
Liao2023	WOUND HEALING	up	3.5523721354676756e-12	GO_BP_RNA
Liao2023	ZYMOGEN ACTIVATION	up	0.037834721326761064	GO_BP_RNA
Deneault2018	CELLULAR RESPONSE TO METAL ION	up	0.007272330152608473	GO_BP_RNA
Deneault2018	CYTOPLASMIC TRANSLATION	up	9.387461524623931e-6	GO_BP_RNA
Deneault2018	FERTILIZATION	up	0.03966142654011309	GO_BP_RNA
Deneault2018	NEGATIVE REGULATION OF MEGAKARYOCYTE DIFFERENTIATION	down	0.005309924842676663	GO_BP_RNA
Deneault2018	NUCLEOSOME ORGANIZATION	down	3.5251517810596684e-6	GO_BP_RNA
Deneault2018	PROTEIN DNA COMPLEX ORGANIZATION	down	0.022159086913662286	GO_BP_RNA
Deneault2018	PROTEIN LOCALIZATION TO CENP A CONTAINING CHROMATIN	down	4.7379090085284764e-4	GO_BP_RNA
Deneault2018	PROTEIN LOCALIZATION TO CHROMOSOME CENTROMERIC REGION	down	0.005309924842676663	GO_BP_RNA
Deneault2018	REGULATION OF REPRODUCTIVE PROCESS	up	0.03861357551640152	GO_BP_RNA
Deneault2018	RESPONSE TO LEPTIN	up	0.005309924842676663	GO_BP_RNA
