cell	UMAP1	UMAP2	cell_type	cluster	genotype	Scn2a	dataset	organism	channel	expr	sample
01_01_21	7.5599128019012	-3.956138092687818	Oligodendrocytes	1	cKO	0	Bae2025	mouse	SCN2A	0	PN36_1_cKO
01_01_82	9.320158125082353	-0.671527463606092	Oligodendrocytes	5	cKO	0.7926920516144031	Bae2025	mouse	SCN2A	0.7926920516144031	PN36_1_cKO
01_01_86	-1.6123549927078695	6.783752482721117	Neurons	8	cKO	2.088361779232016	Bae2025	mouse	SCN2A	2.088361779232016	PN36_1_cKO
01_01_88	-2.1266176689468836	9.559361975976731	Neurons	8	cKO	1.8188170418770544	Bae2025	mouse	SCN2A	1.8188170418770544	PN36_1_cKO
01_02_02	-3.457662462075851	9.314977210351731	Neurons	8	cKO	1.148013686233329	Bae2025	mouse	SCN2A	1.148013686233329	PN36_1_cKO
01_02_42	-0.44624195788582305	8.869087737390307	Neurons	8	cKO	1.6866597437659954	Bae2025	mouse	SCN2A	1.6866597437659954	PN36_1_cKO
01_02_81	3.861088396231034	6.536970179864672	Neurons	9	cKO	0.9571390355052888	Bae2025	mouse	SCN2A	0.9571390355052888	PN36_1_cKO
01_03_60	-3.4058829534851527	9.648732703515796	Neurons	8	cKO	0	Bae2025	mouse	SCN2A	0	PN36_1_cKO
01_04_19	3.5331250440276647	5.80844978649309	Neurons	9	cKO	0.9447148563042724	Bae2025	mouse	SCN2A	0.9447148563042724	PN36_1_cKO
01_04_21	-2.046111701806686	7.31521658260515	Neurons	8	cKO	2.157161443931655	Bae2025	mouse	SCN2A	2.157161443931655	PN36_1_cKO
01_04_31	-5.643207906564376	-12.32739587467024	Astrocytes	4	cKO	0	Bae2025	mouse	SCN2A	0	PN36_1_cKO
01_04_77	1.2154462348617103	8.60076860744646	Neurons	8	cKO	1.306111446219844	Bae2025	mouse	SCN2A	1.306111446219844	PN36_1_cKO
01_05_04	-2.8032704580627894	8.203666251489429	Neurons	8	cKO	1.4049556452783722	Bae2025	mouse	SCN2A	1.4049556452783722	PN36_1_cKO
01_05_55	-0.6486272949778054	7.792134326288012	Neurons	8	cKO	1.5573556218717006	Bae2025	mouse	SCN2A	1.5573556218717006	PN36_1_cKO
01_05_61	-3.622058032830856	8.937321227380542	Neurons	8	cKO	1.2655880571295717	Bae2025	mouse	SCN2A	1.2655880571295717	PN36_1_cKO
01_06_77	-0.3865565944515679	7.727790873834398	Neurons	8	cKO	1.1844019010729792	Bae2025	mouse	SCN2A	1.1844019010729792	PN36_1_cKO
01_07_05	2.8387886296905065	-2.5302834097654547	Oligodendrocytes	5	cKO	0	Bae2025	mouse	SCN2A	0	PN36_1_cKO
01_07_36	3.3102740060485387	-5.060132462194654	Oligodendrocytes	6	cKO	0	Bae2025	mouse	SCN2A	0	PN36_1_cKO
01_07_44	-1.7683595407806847	7.820875209161547	Neurons	8	cKO	1.5378834533590509	Bae2025	mouse	SCN2A	1.5378834533590509	PN36_1_cKO
01_07_79	-1.9745185364090416	7.653881114312914	Neurons	8	cKO	1.8015483881157932	Bae2025	mouse	SCN2A	1.8015483881157932	PN36_1_cKO
01_07_83	-6.165289281686446	-11.627280670812818	Astrocytes	4	cKO	0	Bae2025	mouse	SCN2A	0	PN36_1_cKO
01_08_25	0.4279799472487952	5.0031137879579335	Neurons	8	cKO	1.3760622670903582	Bae2025	mouse	SCN2A	1.3760622670903582	PN36_1_cKO
01_08_63	-10.449732660134933	2.5712488110749994	Neurons	2	cKO	0	Bae2025	mouse	SCN2A	0	PN36_1_cKO
01_08_65	1.1056238423980262	1.8616612370698724	Neurons	7	cKO	0	Bae2025	mouse	SCN2A	0	PN36_1_cKO
01_08_93	-0.9420366872154686	8.583001654931811	Neurons	8	cKO	0.6136161307572535	Bae2025	mouse	SCN2A	0.6136161307572535	PN36_1_cKO
01_09_08	8.411440015951493	-3.215525347402784	Oligodendrocytes	1	cKO	0	Bae2025	mouse	SCN2A	0	PN36_1_cKO
01_09_62	8.242255331198075	-1.473187047651502	Oligodendrocytes	5	cKO	0	Bae2025	mouse	SCN2A	0	PN36_1_cKO
01_09_75	-3.4251691091858363	7.610240023919848	Neurons	8	cKO	0	Bae2025	mouse	SCN2A	0	PN36_1_cKO
01_09_84	6.1742273580230265	-11.791004616430492	Endothelial cells	4	cKO	0	Bae2025	mouse	SCN2A	0	PN36_1_cKO
01_10_34	-3.685941575845382	8.834683936425952	Neurons	8	cKO	1.7647772093211231	Bae2025	mouse	SCN2A	1.7647772093211231	PN36_1_cKO
01_10_88	9.711485983053544	-0.732353228738996	Oligodendrocytes	5	cKO	0	Bae2025	mouse	SCN2A	0	PN36_1_cKO
01_11_29	-2.5372048605286097	8.518657248803882	Neurons	8	cKO	2.149943828349839	Bae2025	mouse	SCN2A	2.149943828349839	PN36_1_cKO
01_11_48	1.6505726586974647	-5.1548051420957774	Neurons	3	cKO	1.5467482324819124	Bae2025	mouse	SCN2A	1.5467482324819124	PN36_1_cKO
01_11_81	-2.514261363824508	6.856325190851	Neurons	8	cKO	1.5023039450069404	Bae2025	mouse	SCN2A	1.5023039450069404	PN36_1_cKO
01_12_04	9.20717251412044	-2.477065760305616	Oligodendrocytes	5	cKO	0	Bae2025	mouse	SCN2A	0	PN36_1_cKO
01_12_06	-2.8837529409729457	9.214788955041676	Neurons	8	cKO	2.1890883396603207	Bae2025	mouse	SCN2A	2.1890883396603207	PN36_1_cKO
01_12_22	-5.502170919259688	-11.421835381201	Astrocytes	4	cKO	0	Bae2025	mouse	SCN2A	0	PN36_1_cKO
01_12_51	-0.6581876564823601	3.843588870355395	Neurons	7	cKO	1.283456407796294	Bae2025	mouse	SCN2A	1.283456407796294	PN36_1_cKO
01_12_71	-5.840490697702071	-12.72897763889143	Astrocytes	4	cKO	0	Bae2025	mouse	SCN2A	0	PN36_1_cKO
01_13_42	-3.0717478979431605	8.157646697351245	Neurons	8	cKO	0.9528609090739664	Bae2025	mouse	SCN2A	0.9528609090739664	PN36_1_cKO
01_13_83	-3.765380500634811	-6.607046562841627	Neurons	10	cKO	0	Bae2025	mouse	SCN2A	0	PN36_1_cKO
01_13_89	6.584138990560868	-4.110419232061598	Oligodendrocytes	6	cKO	1.1500746456757782	Bae2025	mouse	SCN2A	1.1500746456757782	PN36_1_cKO
01_14_19	9.204015852133134	-1.2179166857511723	Oligodendrocytes	5	cKO	0	Bae2025	mouse	SCN2A	0	PN36_1_cKO
01_14_38	9.655333639303544	-1.855386215856763	Oligodendrocytes	5	cKO	0	Bae2025	mouse	SCN2A	0	PN36_1_cKO
01_14_78	-1.547190069039962	8.576246779748706	Neurons	8	cKO	1.582370397963958	Bae2025	mouse	SCN2A	1.582370397963958	PN36_1_cKO
01_14_94	-0.6739605654083702	7.695589583703783	Neurons	8	cKO	1.8254556669494448	Bae2025	mouse	SCN2A	1.8254556669494448	PN36_1_cKO
01_15_16	-4.5803140390717	-11.086750466039868	Astrocytes	4	cKO	1.6602752017167202	Bae2025	mouse	SCN2A	1.6602752017167202	PN36_1_cKO
01_15_60	6.52790653816829	-4.890845257452223	Oligodendrocytes	6	cKO	1.257065284037428	Bae2025	mouse	SCN2A	1.257065284037428	PN36_1_cKO
01_15_74	1.409551740805009	4.251629393884447	Neurons	7	cKO	0.8397357028803993	Bae2025	mouse	SCN2A	0.8397357028803993	PN36_1_cKO
01_15_79	-3.8713294256531214	-6.64525123279402	Neurons	10	cKO	0	Bae2025	mouse	SCN2A	0	PN36_1_cKO
01_16_01	0.42948031536708137	4.237642329522875	Neurons	7	cKO	1.4167432746427708	Bae2025	mouse	SCN2A	1.4167432746427708	PN36_1_cKO
01_16_85	9.760671735922196	-1.0980827395231452	Oligodendrocytes	5	cKO	0	Bae2025	mouse	SCN2A	0	PN36_1_cKO
01_16_96	0.06977731100688239	7.750632804223803	Neurons	8	cKO	1.5379643279276631	Bae2025	mouse	SCN2A	1.5379643279276631	PN36_1_cKO
01_17_28	-2.6157900083862757	10.066740554162768	Neurons	8	cKO	2.3248447239832775	Bae2025	mouse	SCN2A	2.3248447239832775	PN36_1_cKO
01_17_43	9.341159940878253	-2.6732835356504645	Oligodendrocytes	5	cKO	0	Bae2025	mouse	SCN2A	0	PN36_1_cKO
01_17_47	8.441643835226396	-3.4777149740965094	Oligodendrocytes	1	cKO	0	Bae2025	mouse	SCN2A	0	PN36_1_cKO
01_17_79	3.549553514639237	6.901743453332689	Neurons	9	cKO	1.161181393440569	Bae2025	mouse	SCN2A	1.161181393440569	PN36_1_cKO
01_17_83	-0.7299635399185631	3.826001208612231	Neurons	7	cKO	1.2852353431170105	Bae2025	mouse	SCN2A	1.2852353431170105	PN36_1_cKO
01_18_01	7.743433118978837	-3.6173419539243903	Oligodendrocytes	1	cKO	0	Bae2025	mouse	SCN2A	0	PN36_1_cKO
01_18_57	-2.170145748933456	4.808095496484545	Neurons	8	cKO	1.5013319413000643	Bae2025	mouse	SCN2A	1.5013319413000643	PN36_1_cKO
01_18_65	-3.186920284112594	6.46270422298601	Neurons	8	cKO	1.7383222971589063	Bae2025	mouse	SCN2A	1.7383222971589063	PN36_1_cKO
01_18_93	8.123632551351884	-1.6174495999128546	Oligodendrocytes	5	cKO	0	Bae2025	mouse	SCN2A	0	PN36_1_cKO
01_19_58	8.033583761373857	-2.1175380532057013	Oligodendrocytes	1	cKO	0	Bae2025	mouse	SCN2A	0	PN36_1_cKO
01_19_86	-10.772899507363936	0.4980032857148919	Neurons	4	cKO	2.645394722680276	Bae2025	mouse	SCN2A	2.645394722680276	PN36_1_cKO
01_20_21	-11.91421878226628	-0.8868317190916266	Fibroblasts	4	cKO	0	Bae2025	mouse	SCN2A	0	PN36_1_cKO
01_20_44	-5.570090173562667	-12.05054040592024	Astrocytes	4	cKO	0	Bae2025	mouse	SCN2A	0	PN36_1_cKO
01_20_70	7.489523054281571	-4.281446415594313	Oligodendrocytes	1	cKO	0	Bae2025	mouse	SCN2A	0	PN36_1_cKO
01_20_75	-6.200741170724532	-12.003283936193675	Astrocytes	4	cKO	0	Bae2025	mouse	SCN2A	0	PN36_1_cKO
01_21_35	-5.650033353646895	-12.124417740514966	Astrocytes	4	cKO	0	Bae2025	mouse	SCN2A	0	PN36_1_cKO
01_21_43	1.001831413427689	8.471011679956225	Neurons	8	cKO	1.451940453703796	Bae2025	mouse	SCN2A	1.451940453703796	PN36_1_cKO
01_21_44	-5.803730367501876	-11.24945111911604	Astrocytes	4	cKO	0	Bae2025	mouse	SCN2A	0	PN36_1_cKO
01_21_94	-1.16093361266484	7.784130614587572	Neurons	8	cKO	1.4771130351379187	Bae2025	mouse	SCN2A	1.4771130351379187	PN36_1_cKO
01_22_17	-1.539916275819442	7.760789912530687	Neurons	8	cKO	1.0386795900073809	Bae2025	mouse	SCN2A	1.0386795900073809	PN36_1_cKO
01_22_23	9.539031149069167	-1.979719955137464	Oligodendrocytes	5	cKO	0	Bae2025	mouse	SCN2A	0	PN36_1_cKO
01_22_35	-0.2564600396954034	7.083014529535082	Neurons	8	cKO	1.7344020640675883	Bae2025	mouse	SCN2A	1.7344020640675883	PN36_1_cKO
01_22_90	2.095402599493363	-0.28206222098180916	Neurons	7	cKO	1.8216810185251393	Bae2025	mouse	SCN2A	1.8216810185251393	PN36_1_cKO
01_23_10	8.086847425619462	-4.067680317571852	Oligodendrocytes	1	cKO	0	Bae2025	mouse	SCN2A	0	PN36_1_cKO
01_23_28	-3.20985996611943	6.514514487573412	Neurons	8	cKO	0.6840723500836513	Bae2025	mouse	SCN2A	0.6840723500836513	PN36_1_cKO
01_23_73	-2.9210823763214564	8.182636779138354	Neurons	8	cKO	1.92956415298411	Bae2025	mouse	SCN2A	1.92956415298411	PN36_1_cKO
01_23_81	-5.518541692575118	-11.449441391638013	Astrocytes	4	cKO	0	Bae2025	mouse	SCN2A	0	PN36_1_cKO
01_23_86	3.714501024404862	-4.984862763097975	Oligodendrocytes	6	cKO	0	Bae2025	mouse	SCN2A	0	PN36_1_cKO
01_24_02	-1.983322619279525	8.05313734371355	Neurons	8	cKO	1.4597057447580457	Bae2025	mouse	SCN2A	1.4597057447580457	PN36_1_cKO
01_24_78	-4.677104352792403	-1.707941371610853	Neurons	2	cKO	2.4796369868220323	Bae2025	mouse	SCN2A	2.4796369868220323	PN36_1_cKO
01_24_81	6.331692815939286	-12.001013237646314	Astrocytes	4	cKO	0	Bae2025	mouse	SCN2A	0	PN36_1_cKO
01_24_83	-2.5270913828217005	8.812010329553393	Neurons	8	cKO	2.042019812937571	Bae2025	mouse	SCN2A	2.042019812937571	PN36_1_cKO
01_25_21	-3.828409789880416	-7.291482407263014	Neurons	10	cKO	0	Bae2025	mouse	SCN2A	0	PN36_1_cKO
01_26_10	-6.210124372323653	-12.283234078100415	Astrocytes	4	cKO	0	Bae2025	mouse	SCN2A	0	PN36_1_cKO
01_26_26	0.738916994253495	4.111015361139086	Neurons	7	cKO	1.5171426615789614	Bae2025	mouse	SCN2A	1.5171426615789614	PN36_1_cKO
01_26_27	7.8647204648650675	-1.9203636233122077	Oligodendrocytes	5	cKO	0	Bae2025	mouse	SCN2A	0	PN36_1_cKO
01_26_41	-2.6279937017761683	3.2612018998353753	Neurons	8	cKO	0.9681946514857852	Bae2025	mouse	SCN2A	0.9681946514857852	PN36_1_cKO
01_26_46	3.609523416677811	5.928339999505785	Neurons	9	cKO	1.2479623618682172	Bae2025	mouse	SCN2A	1.2479623618682172	PN36_1_cKO
01_26_55	-0.0749201167427514	8.165731948205737	Neurons	8	cKO	0.7278138821058812	Bae2025	mouse	SCN2A	0.7278138821058812	PN36_1_cKO
01_26_84	-10.5700920809113	2.7608108933656488	Neurons	2	cKO	1.9629008490507585	Bae2025	mouse	SCN2A	1.9629008490507585	PN36_1_cKO
01_26_86	1.956380726019242	4.82436661083391	Neurons	9	cKO	1.453897834473992	Bae2025	mouse	SCN2A	1.453897834473992	PN36_1_cKO
01_29_36	0.03069296590457221	-6.46167607944319	Neurons	3	cKO	0	Bae2025	mouse	SCN2A	0	PN36_1_cKO
01_29_41	-5.8142627466522665	-11.461376625707835	Astrocytes	4	cKO	0	Bae2025	mouse	SCN2A	0	PN36_1_cKO
01_29_72	9.5168858777679	-2.497385698965284	Oligodendrocytes	1	cKO	0	Bae2025	mouse	SCN2A	0	PN36_1_cKO
01_29_94	-5.854295133432052	-12.269312340429517	Astrocytes	4	cKO	0	Bae2025	mouse	SCN2A	0	PN36_1_cKO
01_29_96	-1.0519098628365011	7.950529616662768	Neurons	8	cKO	1.9629627386675277	Bae2025	mouse	SCN2A	1.9629627386675277	PN36_1_cKO
01_30_20	-6.06004512198796	-11.6286282126219	Astrocytes	4	cKO	0	Bae2025	mouse	SCN2A	0	PN36_1_cKO
01_31_03	-1.3812777984940026	5.295455020257738	Neurons	8	cKO	1.429321148386664	Bae2025	mouse	SCN2A	1.429321148386664	PN36_1_cKO
01_31_24	4.995759130636552	-5.1541738096983165	Oligodendrocytes	6	cKO	0	Bae2025	mouse	SCN2A	0	PN36_1_cKO
01_31_27	-10.912145494302411	0.3556074913232598	Astrocytes	4	cKO	0	Bae2025	mouse	SCN2A	0	PN36_1_cKO
01_31_40	3.538116336981156	5.919096034356859	Neurons	9	cKO	1.1730528565325002	Bae2025	mouse	SCN2A	1.1730528565325002	PN36_1_cKO
01_31_96	-3.7022579897247767	8.408119719812182	Neurons	8	cKO	2.497528027122371	Bae2025	mouse	SCN2A	2.497528027122371	PN36_1_cKO
01_32_71	-2.245223759492538	4.837186377832201	Neurons	8	cKO	1.4941894589850178	Bae2025	mouse	SCN2A	1.4941894589850178	PN36_1_cKO
01_32_83	-3.3534439791046595	8.452140372583179	Neurons	8	cKO	2.189299540280447	Bae2025	mouse	SCN2A	2.189299540280447	PN36_1_cKO
01_32_88	7.825436712423661	-3.480422932317945	Oligodendrocytes	1	cKO	0	Bae2025	mouse	SCN2A	0	PN36_1_cKO
01_33_18	8.236923338095048	-4.040098864248487	Oligodendrocytes	1	cKO	0	Bae2025	mouse	SCN2A	0	PN36_1_cKO
01_33_77	6.970349432150224	-5.016817051580641	Oligodendrocytes	6	cKO	1.877962578752632	Bae2025	mouse	SCN2A	1.877962578752632	PN36_1_cKO
01_33_89	1.5339076530135658	4.396616023370531	Neurons	7	cKO	1.4917973073389188	Bae2025	mouse	SCN2A	1.4917973073389188	PN36_1_cKO
01_33_94	-1.2035665500961754	5.759638350793627	Neurons	8	cKO	1.3083138469905105	Bae2025	mouse	SCN2A	1.3083138469905105	PN36_1_cKO
01_34_17	9.285941244284013	-3.020748573950025	Oligodendrocytes	1	cKO	0	Bae2025	mouse	SCN2A	0	PN36_1_cKO
01_34_28	-0.4701227273844693	7.798170607873705	Neurons	8	cKO	1.1771996913954996	Bae2025	mouse	SCN2A	1.1771996913954996	PN36_1_cKO
01_34_38	-5.917459367593429	-12.591080147436353	Astrocytes	4	cKO	0	Bae2025	mouse	SCN2A	0	PN36_1_cKO
01_34_39	-1.9340068090759728	7.037579577752855	Neurons	8	cKO	1.117542298734502	Bae2025	mouse	SCN2A	1.117542298734502	PN36_1_cKO
01_34_46	6.883185506979325	-3.995950657537671	Oligodendrocytes	6	cKO	1.4333802215107896	Bae2025	mouse	SCN2A	1.4333802215107896	PN36_1_cKO
01_35_13	2.2051497708953405	6.58979801494768	Neurons	9	cKO	1.597387663559581	Bae2025	mouse	SCN2A	1.597387663559581	PN36_1_cKO
01_35_32	1.040064693609574	8.535489600488452	Neurons	8	cKO	1.5797898875978285	Bae2025	mouse	SCN2A	1.5797898875978285	PN36_1_cKO
01_35_58	1.6189256917632606	-3.1003694121153083	Astrocytes	5	cKO	0	Bae2025	mouse	SCN2A	0	PN36_1_cKO
01_35_80	-5.652470468362472	-12.623860794714185	Astrocytes	4	cKO	0	Bae2025	mouse	SCN2A	0	PN36_1_cKO
01_35_90	-5.554230569680831	-11.892410713842605	Astrocytes	4	cKO	0	Bae2025	mouse	SCN2A	0	PN36_1_cKO
01_36_11	-2.963517307122848	6.716867965051439	Neurons	8	cKO	1.5104087580598349	Bae2025	mouse	SCN2A	1.5104087580598349	PN36_1_cKO
01_36_58	8.085718275228837	-2.948546368292066	Oligodendrocytes	1	cKO	0	Bae2025	mouse	SCN2A	0	PN36_1_cKO
01_37_57	-1.450760721048019	7.869778197595385	Neurons	8	cKO	2.111606767898325	Bae2025	mouse	SCN2A	2.111606767898325	PN36_1_cKO
01_38_12	1.10046935192714	6.466585677453783	Neurons	8	cKO	1.0613807740707628	Bae2025	mouse	SCN2A	1.0613807740707628	PN36_1_cKO
01_38_68	-6.93666112311711	-11.469255882909986	Astrocytes	4	cKO	0	Bae2025	mouse	SCN2A	0	PN36_1_cKO
01_38_79	-4.4067944277130575	-12.187960106542798	Astrocytes	4	cKO	0	Bae2025	mouse	SCN2A	0	PN36_1_cKO
01_39_13	6.279746175924638	-11.774004418066236	Endothelial cells	4	cKO	0	Bae2025	mouse	SCN2A	0	PN36_1_cKO
01_39_22	-3.6092940557800746	-7.149776417425367	Neurons	10	cKO	0	Bae2025	mouse	SCN2A	0	PN36_1_cKO
01_39_26	6.216885210195878	-11.881217438390944	Endothelial cells	4	cKO	0	Bae2025	mouse	SCN2A	0	PN36_1_cKO
01_39_69	-6.9528430689178915	-12.505404907873364	Astrocytes	4	cKO	0	Bae2025	mouse	SCN2A	0	PN36_1_cKO
01_39_76	-3.548480628808639	8.488950293847827	Neurons	8	cKO	2.2164155711065043	Bae2025	mouse	SCN2A	2.2164155711065043	PN36_1_cKO
01_40_08	-3.633601068338058	7.99462560970476	Neurons	8	cKO	2.0130059316072173	Bae2025	mouse	SCN2A	2.0130059316072173	PN36_1_cKO
01_41_23	9.681279302755692	-1.496270853689405	Oligodendrocytes	5	cKO	0	Bae2025	mouse	SCN2A	0	PN36_1_cKO
01_41_27	8.511469007650712	-3.5209848467619147	Oligodendrocytes	1	cKO	0	Bae2025	mouse	SCN2A	0	PN36_1_cKO
01_41_38	-9.597166894754071	2.529988091775683	Neurons	2	cKO	0	Bae2025	mouse	SCN2A	0	PN36_1_cKO
01_42_59	6.214623571554521	-11.754080254247876	Endothelial cells	4	cKO	0.7172384894546515	Bae2025	mouse	SCN2A	0.7172384894546515	PN36_1_cKO
01_42_76	-1.707926391442916	8.309403937646655	Neurons	8	cKO	0.7324385162090133	Bae2025	mouse	SCN2A	0.7324385162090133	PN36_1_cKO
01_42_78	-1.982621072610519	4.712545913049486	Neurons	8	cKO	1.8238744461711256	Bae2025	mouse	SCN2A	1.8238744461711256	PN36_1_cKO
01_42_89	4.99897587410579	-5.142056900671217	Oligodendrocytes	6	cKO	0	Bae2025	mouse	SCN2A	0	PN36_1_cKO
01_43_14	-3.3283613909088587	7.407864611932543	Neurons	8	cKO	1.6398796706597996	Bae2025	mouse	SCN2A	1.6398796706597996	PN36_1_cKO
01_43_18	-1.28546655066838	9.063484710046556	Neurons	8	cKO	1.9403228608169103	Bae2025	mouse	SCN2A	1.9403228608169103	PN36_1_cKO
01_44_14	1.1425700198806312	3.7021205838411126	Neurons	7	cKO	1.5386055952260884	Bae2025	mouse	SCN2A	1.5386055952260884	PN36_1_cKO
01_44_19	-2.878490327676437	5.400629084893969	Neurons	2	cKO	1.6081591398813233	Bae2025	mouse	SCN2A	1.6081591398813233	PN36_1_cKO
01_44_48	0.605123163381913	5.026266616174486	Neurons	8	cKO	0.9602462847823728	Bae2025	mouse	SCN2A	0.9602462847823728	PN36_1_cKO
01_44_62	3.1312967549956823	6.469769519159105	Neurons	9	cKO	0.9138825158556372	Bae2025	mouse	SCN2A	0.9138825158556372	PN36_1_cKO
01_45_01	8.58143723122249	-1.9826421324522223	Oligodendrocytes	5	cKO	1.2594096597517597	Bae2025	mouse	SCN2A	1.2594096597517597	PN36_1_cKO
01_45_10	0.8984909068740394	2.3473906930177484	Neurons	7	cKO	0.7858699524153029	Bae2025	mouse	SCN2A	0.7858699524153029	PN36_1_cKO
01_45_39	-1.518632172425887	6.946743529626635	Neurons	8	cKO	1.5250084624207725	Bae2025	mouse	SCN2A	1.5250084624207725	PN36_1_cKO
01_45_59	-5.112749933084151	-11.4124998633177	Astrocytes	4	cKO	0	Bae2025	mouse	SCN2A	0	PN36_1_cKO
01_45_60	-0.07871898897518853	7.447331469842699	Neurons	8	cKO	2.133000146557149	Bae2025	mouse	SCN2A	2.133000146557149	PN36_1_cKO
01_45_94	3.2522970449126745	5.793332141229418	Neurons	9	cKO	1.055604512316835	Bae2025	mouse	SCN2A	1.055604512316835	PN36_1_cKO
01_46_12	-2.2432525146805262	6.719940226861742	Neurons	8	cKO	0	Bae2025	mouse	SCN2A	0	PN36_1_cKO
01_46_17	-5.069645284494063	-10.958819824865552	Astrocytes	4	cKO	0	Bae2025	mouse	SCN2A	0	PN36_1_cKO
01_46_33	7.248039365927079	-3.9713420454771247	Oligodendrocytes	1	cKO	0	Bae2025	mouse	SCN2A	0	PN36_1_cKO
01_46_52	8.773242117086747	-3.3957233015806403	Oligodendrocytes	1	cKO	0	Bae2025	mouse	SCN2A	0	PN36_1_cKO
01_47_20	-1.9804776895843956	7.079485457727221	Neurons	8	cKO	1.8599987611767068	Bae2025	mouse	SCN2A	1.8599987611767068	PN36_1_cKO
01_47_46	-1.3135884393059227	7.279835265466478	Neurons	8	cKO	1.8180700762778836	Bae2025	mouse	SCN2A	1.8180700762778836	PN36_1_cKO
01_47_68	-3.208407281716964	6.449297469445971	Neurons	8	cKO	0.8659320610064425	Bae2025	mouse	SCN2A	0.8659320610064425	PN36_1_cKO
01_47_89	3.7848154317534943	6.667835753747728	Neurons	9	cKO	1.896176143381175	Bae2025	mouse	SCN2A	1.896176143381175	PN36_1_cKO
01_48_23	-9.612348436196944	2.6376886780946527	Neurons	2	cKO	2.522805001297813	Bae2025	mouse	SCN2A	2.522805001297813	PN36_1_cKO
01_48_24	-1.6306664932571862	8.344786208459643	Neurons	8	cKO	1.6320230342168398	Bae2025	mouse	SCN2A	1.6320230342168398	PN36_1_cKO
01_48_33	-3.456329463800094	9.452708762475757	Neurons	8	cKO	1.3021995009624563	Bae2025	mouse	SCN2A	1.3021995009624563	PN36_1_cKO
01_48_47	-5.089184640725753	-12.068839508703444	Astrocytes	4	cKO	0	Bae2025	mouse	SCN2A	0	PN36_1_cKO
01_49_02	-2.0149905670486903	8.067143958398608	Neurons	8	cKO	1.8611572500449836	Bae2025	mouse	SCN2A	1.8611572500449836	PN36_1_cKO
01_49_10	1.566619754949906	-3.035157162359449	Astrocytes	4	cKO	0	Bae2025	mouse	SCN2A	0	PN36_1_cKO
01_49_27	6.9575268041289835	-4.857892471960279	Oligodendrocytes	6	cKO	0	Bae2025	mouse	SCN2A	0	PN36_1_cKO
01_49_30	-4.100493549188277	-6.877409416845533	Neurons	10	cKO	0	Bae2025	mouse	SCN2A	0	PN36_1_cKO
01_49_43	-1.7731773842178795	7.568887275048998	Neurons	8	cKO	1.7677519582146997	Bae2025	mouse	SCN2A	1.7677519582146997	PN36_1_cKO
01_49_51	-0.9618166077934716	7.047223609277514	Neurons	8	cKO	1.4108634903192514	Bae2025	mouse	SCN2A	1.4108634903192514	PN36_1_cKO
01_49_56	-2.1875733126007533	8.056381743737964	Neurons	8	cKO	1.1141847089729937	Bae2025	mouse	SCN2A	1.1141847089729937	PN36_1_cKO
01_49_57	-3.570770620187423	8.988430541345386	Neurons	8	cKO	1.879371849448831	Bae2025	mouse	SCN2A	1.879371849448831	PN36_1_cKO
01_49_67	9.162304044882156	-2.689303595236036	Oligodendrocytes	5	cKO	1.567587558846832	Bae2025	mouse	SCN2A	1.567587558846832	PN36_1_cKO
01_49_75	8.243382574240067	-3.577680069616529	Oligodendrocytes	1	cKO	0	Bae2025	mouse	SCN2A	0	PN36_1_cKO
01_50_24	7.7353965055144815	-3.4556891505033698	Oligodendrocytes	1	cKO	0	Bae2025	mouse	SCN2A	0	PN36_1_cKO
01_50_67	-3.910855649789474	-1.4422752444059577	Neurons	2	cKO	1.8836159404848372	Bae2025	mouse	SCN2A	1.8836159404848372	PN36_1_cKO
01_51_22	-2.443193672975204	8.210700553247241	Neurons	8	cKO	1.5096760052415348	Bae2025	mouse	SCN2A	1.5096760052415348	PN36_1_cKO
01_51_24	2.51690948120723	-3.420376497915479	Neurons	3	cKO	0	Bae2025	mouse	SCN2A	0	PN36_1_cKO
01_51_63	2.9940806638396764	-5.0053395811826915	Oligodendrocytes	6	cKO	0	Bae2025	mouse	SCN2A	0	PN36_1_cKO
01_51_76	-3.7575196016632537	8.572542708703784	Neurons	2	cKO	1.498694689722236	Bae2025	mouse	SCN2A	1.498694689722236	PN36_1_cKO
01_52_40	-1.529528378327987	5.9753098901002675	Neurons	8	cKO	1.3286255504864033	Bae2025	mouse	SCN2A	1.3286255504864033	PN36_1_cKO
01_53_09	-9.688952325662276	2.033656876870898	Neurons	2	cKO	0	Bae2025	mouse	SCN2A	0	PN36_1_cKO
01_53_16	9.219799162069656	-3.2174281660825934	Oligodendrocytes	1	cKO	0	Bae2025	mouse	SCN2A	0	PN36_1_cKO
01_53_35	-10.419562219461104	2.8608780320375242	Neurons	2	cKO	0	Bae2025	mouse	SCN2A	0	PN36_1_cKO
01_53_80	-1.7720335710846398	4.578539889642504	Neurons	8	cKO	1.9370484687053595	Bae2025	mouse	SCN2A	1.9370484687053595	PN36_1_cKO
01_53_87	8.24678909889827	-3.758764702490064	Oligodendrocytes	1	cKO	0	Bae2025	mouse	SCN2A	0	PN36_1_cKO
01_54_10	-2.872894643624923	7.17464212734392	Neurons	8	cKO	1.5494204125001936	Bae2025	mouse	SCN2A	1.5494204125001936	PN36_1_cKO
01_54_17	-9.424033998330732	1.986382525750903	Neurons	2	cKO	1.90764955184506	Bae2025	mouse	SCN2A	1.90764955184506	PN36_1_cKO
01_54_33	-0.2997322071396325	7.279631655999926	Neurons	8	cKO	1.365303011905712	Bae2025	mouse	SCN2A	1.365303011905712	PN36_1_cKO
01_54_85	-3.159343599160812	6.89007763225725	Neurons	8	cKO	1.807770597479194	Bae2025	mouse	SCN2A	1.807770597479194	PN36_1_cKO
01_55_42	1.234439135710099	6.38529304821184	Neurons	8	cKO	1.5127394231908793	Bae2025	mouse	SCN2A	1.5127394231908793	PN36_1_cKO
01_55_53	3.4291304361022497	5.72663597423723	Neurons	9	cKO	1.2117125142607426	Bae2025	mouse	SCN2A	1.2117125142607426	PN36_1_cKO
01_55_69	1.0955600749648595	1.984732907602099	Neurons	7	cKO	0.7651390367826956	Bae2025	mouse	SCN2A	0.7651390367826956	PN36_1_cKO
01_56_13	3.345492244879105	7.260432284662035	Neurons	9	cKO	1.5452469288652315	Bae2025	mouse	SCN2A	1.5452469288652315	PN36_1_cKO
01_56_16	-3.529641507943771	-6.760836559942457	Neurons	10	cKO	0	Bae2025	mouse	SCN2A	0	PN36_1_cKO
01_56_66	8.229530454794267	-3.586290318182203	Oligodendrocytes	1	cKO	0	Bae2025	mouse	SCN2A	0	PN36_1_cKO
01_56_87	-1.5009696472488854	5.93238834697893	Neurons	8	cKO	1.651799739957089	Bae2025	mouse	SCN2A	1.651799739957089	PN36_1_cKO
01_57_01	-0.4820200920157645	7.883953612634447	Neurons	8	cKO	1.3679232005534565	Bae2025	mouse	SCN2A	1.3679232005534565	PN36_1_cKO
01_57_62	7.930993200460771	-2.9477917734892096	Oligodendrocytes	1	cKO	0	Bae2025	mouse	SCN2A	0	PN36_1_cKO
01_57_73	3.1231273423827672	7.22114281017473	Neurons	9	cKO	1.0889727052438394	Bae2025	mouse	SCN2A	1.0889727052438394	PN36_1_cKO
01_59_29	-7.093706487496993	-11.554763275793286	Astrocytes	4	cKO	0	Bae2025	mouse	SCN2A	0	PN36_1_cKO
01_60_25	2.431504846731522	-5.313332039526197	Oligodendrocytes	3	cKO	0	Bae2025	mouse	SCN2A	0	PN36_1_cKO
01_60_83	-3.6704884756409144	-6.553672749212477	Neurons	10	cKO	2.422340729530659	Bae2025	mouse	SCN2A	2.422340729530659	PN36_1_cKO
01_60_95	-0.12009540089001396	8.092751067468432	Neurons	8	cKO	1.8560027376060313	Bae2025	mouse	SCN2A	1.8560027376060313	PN36_1_cKO
01_61_50	-0.06700497754444817	7.286597293206957	Neurons	8	cKO	1.4901637822126037	Bae2025	mouse	SCN2A	1.4901637822126037	PN36_1_cKO
01_61_71	-0.5233022112452004	-6.533993679693434	Neurons	10	cKO	1.718965557710202	Bae2025	mouse	SCN2A	1.718965557710202	PN36_1_cKO
01_62_04	-4.704290269693038	-1.8240061585218632	Neurons	2	cKO	0	Bae2025	mouse	SCN2A	0	PN36_1_cKO
01_62_22	7.5535422574676065	-3.6336624209196295	Oligodendrocytes	1	cKO	0	Bae2025	mouse	SCN2A	0	PN36_1_cKO
01_62_70	-5.690005658944747	-11.597689110449048	Astrocytes	4	cKO	0	Bae2025	mouse	SCN2A	0	PN36_1_cKO
01_62_92	-3.0933896292053675	8.99981359798601	Neurons	8	cKO	1.6757187537382707	Bae2025	mouse	SCN2A	1.6757187537382707	PN36_1_cKO
01_63_35	-1.1257565010391686	6.9642625268190175	Neurons	8	cKO	1.3294702679768382	Bae2025	mouse	SCN2A	1.3294702679768382	PN36_1_cKO
01_63_36	0.926273943106034	3.983648341485766	Neurons	7	cKO	1.199919363162406	Bae2025	mouse	SCN2A	1.199919363162406	PN36_1_cKO
01_63_37	-1.0228255379997704	7.609165232965258	Neurons	8	cKO	1.2200049745602783	Bae2025	mouse	SCN2A	1.2200049745602783	PN36_1_cKO
01_63_46	-3.1053167570435023	9.781556647607593	Neurons	8	cKO	2.4551351182991477	Bae2025	mouse	SCN2A	2.4551351182991477	PN36_1_cKO
01_63_75	1.6048172723449257	6.278250735589769	Neurons	9	cKO	1.2985884569360338	Bae2025	mouse	SCN2A	1.2985884569360338	PN36_1_cKO
01_64_11	-0.36187139787306527	8.14599279720476	Neurons	8	cKO	1.967650135691719	Bae2025	mouse	SCN2A	1.967650135691719	PN36_1_cKO
01_64_16	-4.022774337609908	-6.944263893774244	Neurons	10	cKO	0	Bae2025	mouse	SCN2A	0	PN36_1_cKO
01_64_19	8.383525968710282	-4.295388180425856	Oligodendrocytes	1	cKO	0	Bae2025	mouse	SCN2A	0	PN36_1_cKO
01_64_24	2.347581268469193	-2.5367519442350592	Neurons	10	cKO	0.6339874526901217	Bae2025	mouse	SCN2A	0.6339874526901217	PN36_1_cKO
01_64_52	-3.3485957372986292	8.240458052942065	Neurons	8	cKO	0	Bae2025	mouse	SCN2A	0	PN36_1_cKO
01_64_54	-2.162694929917953	5.058170836755541	Neurons	8	cKO	1.9354619116912464	Bae2025	mouse	SCN2A	1.9354619116912464	PN36_1_cKO
01_64_56	-5.172023176034591	-11.556597191503736	Astrocytes	4	cKO	0	Bae2025	mouse	SCN2A	0	PN36_1_cKO
01_65_03	-5.21196687110295	-11.320820290258618	Astrocytes	4	cKO	0	Bae2025	mouse	SCN2A	0	PN36_1_cKO
01_65_09	-6.689603685220382	-12.28783460300276	Astrocytes	4	cKO	1.0720046190623955	Bae2025	mouse	SCN2A	1.0720046190623955	PN36_1_cKO
01_65_39	2.5265373002685094	-5.156903702429029	Oligodendrocytes	3	cKO	0	Bae2025	mouse	SCN2A	0	PN36_1_cKO
01_65_73	1.1535830508864906	8.630951445886401	Neurons	8	cKO	0.7830851959841728	Bae2025	mouse	SCN2A	0.7830851959841728	PN36_1_cKO
01_66_09	0.15233081690440436	7.760880511590746	Neurons	8	cKO	1.3086685934294016	Bae2025	mouse	SCN2A	1.3086685934294016	PN36_1_cKO
01_67_56	8.145759702841142	-2.100074607542249	Oligodendrocytes	1	cKO	0	Bae2025	mouse	SCN2A	0	PN36_1_cKO
01_67_58	0.5541232835448768	6.477705043145922	Neurons	8	cKO	1.7245623610459062	Bae2025	mouse	SCN2A	1.7245623610459062	PN36_1_cKO
01_68_30	-9.752233384927411	1.799896400758532	Neurons	2	cKO	0	Bae2025	mouse	SCN2A	0	PN36_1_cKO
01_68_33	9.66765320412288	-0.6770759407789435	Oligodendrocytes	5	cKO	0	Bae2025	mouse	SCN2A	0	PN36_1_cKO
01_68_69	0.5396672498382118	4.455704730340746	Neurons	8	cKO	1.4266900594929364	Bae2025	mouse	SCN2A	1.4266900594929364	PN36_1_cKO
01_68_80	-10.810882448037765	0.5089272077768121	Neurons	4	cKO	0	Bae2025	mouse	SCN2A	0	PN36_1_cKO
01_69_84	-2.4312757242523646	7.768748801538256	Neurons	8	cKO	2.258088280856166	Bae2025	mouse	SCN2A	2.258088280856166	PN36_1_cKO
01_70_14	2.657243133703568	-2.5247971598417487	Oligodendrocytes	6	cKO	0	Bae2025	mouse	SCN2A	0	PN36_1_cKO
01_71_12	-1.6644617307983849	8.353228133508471	Neurons	8	cKO	1.7273460055871157	Bae2025	mouse	SCN2A	1.7273460055871157	PN36_1_cKO
01_71_26	-3.6446751345001673	-1.5194704119474616	Neurons	2	cKO	2.6100512635291575	Bae2025	mouse	SCN2A	2.6100512635291575	PN36_1_cKO
01_71_43	7.679075361410478	-4.064597803762648	Oligodendrocytes	1	cKO	0	Bae2025	mouse	SCN2A	0	PN36_1_cKO
01_72_28	2.8048855077422643	-2.4652645174772467	Oligodendrocytes	10	cKO	0	Bae2025	mouse	SCN2A	0	PN36_1_cKO
01_72_34	-2.5289646375977015	8.236387770959643	Neurons	8	cKO	1.2777793368720949	Bae2025	mouse	SCN2A	1.2777793368720949	PN36_1_cKO
01_73_74	8.784809232870439	-4.160418945959303	Oligodendrocytes	1	cKO	0	Bae2025	mouse	SCN2A	0	PN36_1_cKO
01_73_90	0.28315681330333015	-6.323020893743727	Neurons	3	cKO	0	Bae2025	mouse	SCN2A	0	PN36_1_cKO
01_73_92	9.045595289388991	-3.2060927931577887	Oligodendrocytes	1	cKO	0	Bae2025	mouse	SCN2A	0	PN36_1_cKO
01_74_59	-3.239421962579391	-6.771737534216139	Neurons	10	cKO	0	Bae2025	mouse	SCN2A	0	PN36_1_cKO
01_74_63	-4.834705232461593	-12.268681008032056	Astrocytes	4	cKO	0	Bae2025	mouse	SCN2A	0	PN36_1_cKO
01_74_96	-5.734637140115401	-11.880702454260083	Astrocytes	4	cKO	0	Bae2025	mouse	SCN2A	0	PN36_1_cKO
01_75_35	2.048170686880448	-3.383499581030103	Astrocytes	6	cKO	0	Bae2025	mouse	SCN2A	0	PN36_1_cKO
01_75_45	0.20798158756861945	3.830719035455493	Neurons	7	cKO	1.3191557379105734	Bae2025	mouse	SCN2A	1.3191557379105734	PN36_1_cKO
01_75_46	3.382664800802567	5.728141825982836	Neurons	9	cKO	1.7491069261629044	Bae2025	mouse	SCN2A	1.7491069261629044	PN36_1_cKO
01_75_51	-2.3368206013046717	6.837972682306078	Neurons	8	cKO	1.96040629212483	Bae2025	mouse	SCN2A	1.96040629212483	PN36_1_cKO
01_76_14	-6.339580415567061	-11.393514115026685	Astrocytes	4	cKO	0	Bae2025	mouse	SCN2A	0	PN36_1_cKO
01_76_24	9.553839803854324	-0.5663242522985663	Oligodendrocytes	5	cKO	0	Bae2025	mouse	SCN2A	0	PN36_1_cKO
01_76_30	-5.988656400521895	-11.564410645178052	Astrocytes	4	cKO	0	Bae2025	mouse	SCN2A	0	PN36_1_cKO
01_76_34	0.501501918951371	8.566847365686206	Neurons	8	cKO	2.1105019981336435	Bae2025	mouse	SCN2A	2.1105019981336435	PN36_1_cKO
01_76_56	-6.251479505380294	-11.997464615514966	Astrocytes	4	cKO	0	Bae2025	mouse	SCN2A	0	PN36_1_cKO
01_76_63	-0.1929202068649743	8.701942008325366	Neurons	8	cKO	1.8796657879303995	Bae2025	mouse	SCN2A	1.8796657879303995	PN36_1_cKO
01_76_72	-3.476428150018356	-6.819177109411451	Neurons	10	cKO	1.5162087510197193	Bae2025	mouse	SCN2A	1.5162087510197193	PN36_1_cKO
01_76_79	6.095986963430741	-5.031867462805006	Oligodendrocytes	6	cKO	0	Bae2025	mouse	SCN2A	0	PN36_1_cKO
01_76_86	-4.407086490472457	-11.964177567175122	Astrocytes	4	cKO	0	Bae2025	mouse	SCN2A	0	PN36_1_cKO
01_77_07	8.524405599752763	-4.2666239325315685	Oligodendrocytes	1	cKO	0	Bae2025	mouse	SCN2A	0	PN36_1_cKO
01_77_13	6.6852256070769815	-4.36118550937483	Oligodendrocytes	6	cKO	1.3783226295765696	Bae2025	mouse	SCN2A	1.3783226295765696	PN36_1_cKO
01_77_37	8.585000158468583	-4.34656091373274	Oligodendrocytes	1	cKO	0	Bae2025	mouse	SCN2A	0	PN36_1_cKO
01_77_73	-6.172560094674727	-11.5517820898802	Astrocytes	4	cKO	0	Bae2025	mouse	SCN2A	0	PN36_1_cKO
01_78_15	-0.3120582092606042	-6.488134342840406	Neurons	10	cKO	0	Bae2025	mouse	SCN2A	0	PN36_1_cKO
01_78_37	-0.05104637034764031	8.160961669275073	Neurons	8	cKO	1.632056132471697	Bae2025	mouse	SCN2A	1.632056132471697	PN36_1_cKO
01_78_41	7.552868963400224	-2.9181963984281745	Neurons	5	cKO	0	Bae2025	mouse	SCN2A	0	PN36_1_cKO
01_78_51	-0.44208542239447574	7.507457774469164	Neurons	8	cKO	0.4743797387725221	Bae2025	mouse	SCN2A	0.4743797387725221	PN36_1_cKO
01_78_55	6.05091679207454	-12.627917725256175	Endothelial cells	4	cKO	0	Bae2025	mouse	SCN2A	0	PN36_1_cKO
01_78_63	-1.47649860270848	7.324546378442553	Neurons	8	cKO	2.053484681794404	Bae2025	mouse	SCN2A	2.053484681794404	PN36_1_cKO
01_79_14	-0.4852489929698918	6.177052539178637	Neurons	8	cKO	1.0285855465925846	Bae2025	mouse	SCN2A	1.0285855465925846	PN36_1_cKO
01_79_30	8.544772268453935	-3.7514113966734137	Oligodendrocytes	1	cKO	0	Bae2025	mouse	SCN2A	0	PN36_1_cKO
01_79_71	-2.0741935957275843	4.75994543392351	Neurons	8	cKO	1.4985597408437026	Bae2025	mouse	SCN2A	1.4985597408437026	PN36_1_cKO
01_80_18	0.9648032199538734	4.162500899621752	Neurons	7	cKO	0.7450184438408366	Bae2025	mouse	SCN2A	0.7450184438408366	PN36_1_cKO
01_80_58	-1.1125752318703148	7.702689212152269	Neurons	8	cKO	1.7739017048669434	Bae2025	mouse	SCN2A	1.7739017048669434	PN36_1_cKO
01_81_17	3.186944128195145	7.175528567621019	Neurons	9	cKO	2.2381520417092555	Bae2025	mouse	SCN2A	2.2381520417092555	PN36_1_cKO
01_81_81	2.8971098672545934	6.79430822689226	Neurons	9	cKO	1.56119119340401	Bae2025	mouse	SCN2A	1.56119119340401	PN36_1_cKO
01_82_33	-4.66631257422795	-12.714874703100415	Astrocytes	4	cKO	0	Bae2025	mouse	SCN2A	0	PN36_1_cKO
01_82_42	-0.2591356325947259	7.332273524591234	Neurons	8	cKO	1.4750512989960645	Bae2025	mouse	SCN2A	1.4750512989960645	PN36_1_cKO
01_82_46	-3.4555934656464076	9.022407096215993	Neurons	8	cKO	1.8282265911408673	Bae2025	mouse	SCN2A	1.8282265911408673	PN36_1_cKO
01_82_95	8.892017484823564	-3.4892296377927985	Oligodendrocytes	1	cKO	0	Bae2025	mouse	SCN2A	0	PN36_1_cKO
01_83_10	9.73102390877376	-1.4318030659467902	Oligodendrocytes	5	cKO	0	Bae2025	mouse	SCN2A	0	PN36_1_cKO
01_83_82	1.4566534768737345	5.176074069330004	Neurons	9	cKO	0.6909295808870213	Bae2025	mouse	SCN2A	0.6909295808870213	PN36_1_cKO
01_83_85	-3.485741018136642	9.592525046655444	Neurons	8	cKO	1.6498307928160327	Bae2025	mouse	SCN2A	1.6498307928160327	PN36_1_cKO
01_84_21	7.260951162496903	-3.644293505361768	Oligodendrocytes	1	cKO	0	Bae2025	mouse	SCN2A	0	PN36_1_cKO
01_84_37	7.4708334218658	-2.931272942236158	Oligodendrocytes	1	cKO	0	Bae2025	mouse	SCN2A	0	PN36_1_cKO
01_84_56	0.3830294024146582	5.083300631830004	Neurons	8	cKO	1.7679559246480343	Bae2025	mouse	SCN2A	1.7679559246480343	PN36_1_cKO
01_84_59	-6.23393428214421	-11.409343201330396	Astrocytes	4	cKO	0	Bae2025	mouse	SCN2A	0	PN36_1_cKO
01_84_94	-0.3901688519917939	7.368011515924242	Neurons	8	cKO	2.139845606073252	Bae2025	mouse	SCN2A	2.139845606073252	PN36_1_cKO
01_85_56	-2.948091386636398	7.704618018457201	Neurons	8	cKO	1.5867883125599482	Bae2025	mouse	SCN2A	1.5867883125599482	PN36_1_cKO
01_86_85	-1.6135697353683922	8.64657167751482	Neurons	8	cKO	1.2617034393062996	Bae2025	mouse	SCN2A	1.2617034393062996	PN36_1_cKO
01_87_74	0.10086131207118292	3.5084703381746087	Neurons	7	cKO	1.800448415831623	Bae2025	mouse	SCN2A	1.800448415831623	PN36_1_cKO
01_88_48	-2.6881676901184535	8.361678641626147	Neurons	8	cKO	2.23146916860995	Bae2025	mouse	SCN2A	2.23146916860995	PN36_1_cKO
01_88_49	9.618215681234696	-2.880227047613355	Oligodendrocytes	1	cKO	0	Bae2025	mouse	SCN2A	0	PN36_1_cKO
01_88_88	-4.803079484780929	-12.179794747045728	Astrocytes	4	cKO	0	Bae2025	mouse	SCN2A	0	PN36_1_cKO
01_89_17	-1.9841929663025353	8.047175925561694	Neurons	8	cKO	1.219668591909466	Bae2025	mouse	SCN2A	1.219668591909466	PN36_1_cKO
01_89_56	-3.753023027261398	8.094315093347339	Neurons	8	cKO	2.3463465514338564	Bae2025	mouse	SCN2A	2.3463465514338564	PN36_1_cKO
01_89_68	9.608620763937331	-2.3416585509092536	Oligodendrocytes	5	cKO	0	Bae2025	mouse	SCN2A	0	PN36_1_cKO
01_89_74	-6.032058595498702	-11.433978516271802	Astrocytes	4	cKO	0	Bae2025	mouse	SCN2A	0	PN36_1_cKO
01_89_89	7.773423315206864	-2.186886030843946	Oligodendrocytes	1	cKO	0	Bae2025	mouse	SCN2A	0	PN36_1_cKO
01_90_03	3.2494426976836706	7.28692821819475	Neurons	9	cKO	0	Bae2025	mouse	SCN2A	0	PN36_1_cKO
01_90_12	8.591190458456376	-4.217779118231031	Oligodendrocytes	1	cKO	0	Bae2025	mouse	SCN2A	0	PN36_1_cKO
01_90_45	8.401004911581376	-2.9434480253965583	Oligodendrocytes	5	cKO	0	Bae2025	mouse	SCN2A	0	PN36_1_cKO
01_90_82	5.17146647087703	-5.134445625951979	Oligodendrocytes	6	cKO	0	Bae2025	mouse	SCN2A	0	PN36_1_cKO
01_91_12	-1.8103245485626671	7.020041507074144	Neurons	8	cKO	1.769607443554486	Bae2025	mouse	SCN2A	1.769607443554486	PN36_1_cKO
01_92_93	0.8545087587035682	6.528705161401537	Neurons	8	cKO	1.6841299130555485	Bae2025	mouse	SCN2A	1.6841299130555485	PN36_1_cKO
01_93_17	1.9341527234710243	-0.41342513602087166	Neurons	7	cKO	1.9526604157671796	Bae2025	mouse	SCN2A	1.9526604157671796	PN36_1_cKO
01_93_19	1.7031823407805946	-3.0633806769163336	Astrocytes	5	cKO	0	Bae2025	mouse	SCN2A	0	PN36_1_cKO
01_93_30	7.374473692098954	-2.649873215368482	Oligodendrocytes	5	cKO	0.9533505562580972	Bae2025	mouse	SCN2A	0.9533505562580972	PN36_1_cKO
01_93_69	-3.0783613909088587	7.680616420099047	Neurons	8	cKO	1.697722978992568	Bae2025	mouse	SCN2A	1.697722978992568	PN36_1_cKO
01_94_31	6.945237280050614	-4.97565837543318	Oligodendrocytes	6	cKO	0	Bae2025	mouse	SCN2A	0	PN36_1_cKO
01_95_12	-6.96268880256047	-11.903337914159986	Astrocytes	4	cKO	0	Bae2025	mouse	SCN2A	0	PN36_1_cKO
01_95_65	-1.4204599250160668	5.262026351281908	Neurons	8	cKO	1.811901278897144	Bae2025	mouse	SCN2A	1.811901278897144	PN36_1_cKO
01_95_69	-6.397743104776046	-12.635377365759108	Astrocytes	4	cKO	0	Bae2025	mouse	SCN2A	0	PN36_1_cKO
01_96_60	-2.8976539362274623	7.0046701844423085	Neurons	8	cKO	2.642100420233102	Bae2025	mouse	SCN2A	2.642100420233102	PN36_1_cKO
01_96_82	3.391242624441483	6.87580875713518	Neurons	9	cKO	1.8956952480088607	Bae2025	mouse	SCN2A	1.8956952480088607	PN36_1_cKO
01_96_86	7.840336919943192	-2.030405360868665	Oligodendrocytes	1	cKO	0	Bae2025	mouse	SCN2A	0	PN36_1_cKO
02_01_11	-3.5542563188873744	8.922737639734057	Neurons	8	cKO	1.6117351981073846	Bae2025	mouse	SCN2A	1.6117351981073846	PN36_1_cKO
02_01_36	7.694358946005204	-4.152441937139723	Oligodendrocytes	1	cKO	0	Bae2025	mouse	SCN2A	0	PN36_1_cKO
02_01_68	-11.11309230216374	-0.05939318578550484	Microglia	4	cKO	0	Bae2025	mouse	SCN2A	0	PN36_1_cKO
02_02_40	4.114742399374345	-5.042900997808668	Oligodendrocytes	6	cKO	0.5775553249421027	Bae2025	mouse	SCN2A	0.5775553249421027	PN36_1_cKO
02_02_48	-6.778743623574874	-12.202119309118482	Astrocytes	4	cKO	1.8377871195179225	Bae2025	mouse	SCN2A	1.8377871195179225	PN36_1_cKO
02_02_54	-9.703090547403	2.527094167062548	Neurons	2	cKO	1.7391728066723022	Bae2025	mouse	SCN2A	1.7391728066723022	PN36_1_cKO
02_02_56	-10.144790529092452	2.7269268449037347	Neurons	2	cKO	1.8001417479808597	Bae2025	mouse	SCN2A	1.8001417479808597	PN36_1_cKO
02_02_58	-6.667734025796554	-12.315261322668286	Astrocytes	4	cKO	0	Bae2025	mouse	SCN2A	0	PN36_1_cKO
02_02_82	9.830289007345536	-1.1020313088209357	Oligodendrocytes	5	cKO	0	Bae2025	mouse	SCN2A	0	PN36_1_cKO
02_03_76	-3.640347598870895	-1.5383303944380011	Neurons	2	cKO	1.6078398297927543	Bae2025	mouse	SCN2A	1.6078398297927543	PN36_1_cKO
02_04_08	-1.9951158750854945	9.399358313867358	Neurons	8	cKO	0.9890806019038224	Bae2025	mouse	SCN2A	0.9890806019038224	PN36_1_cKO
02_04_12	8.795154691854814	-2.636067349127027	Oligodendrocytes	5	cKO	0	Bae2025	mouse	SCN2A	0	PN36_1_cKO
02_04_21	9.406017423788407	-0.6971533481390204	Oligodendrocytes	5	cKO	0.9731856931669696	Bae2025	mouse	SCN2A	0.9731856931669696	PN36_1_cKO
02_04_50	-3.5793873060547328	-1.4243564192564215	Neurons	2	cKO	2.3056508283157737	Bae2025	mouse	SCN2A	2.3056508283157737	PN36_1_cKO
02_04_95	-2.1927505720459437	7.034249823877123	Neurons	8	cKO	1.2973468751033943	Bae2025	mouse	SCN2A	1.2973468751033943	PN36_1_cKO
02_05_35	-2.1099044073425746	5.0568271096437245	Neurons	8	cKO	0.4926320907932765	Bae2025	mouse	SCN2A	0.4926320907932765	PN36_1_cKO
02_05_72	-10.042030214151046	2.620181601831225	Neurons	2	cKO	0	Bae2025	mouse	SCN2A	0	PN36_1_cKO
02_05_92	-1.7590841043793175	7.367981475183275	Neurons	8	cKO	1.8978544405519784	Bae2025	mouse	SCN2A	1.8978544405519784	PN36_1_cKO
02_06_51	1.275521875540116	3.006903212854174	Neurons	7	cKO	1.3735901237645751	Bae2025	mouse	SCN2A	1.3735901237645751	PN36_1_cKO
02_07_02	4.622105241934159	-5.103817898443434	Oligodendrocytes	6	cKO	0	Bae2025	mouse	SCN2A	0	PN36_1_cKO
02_07_55	-1.631852029641769	8.736397307702807	Neurons	8	cKO	1.4926948049382904	Bae2025	mouse	SCN2A	1.4926948049382904	PN36_1_cKO
02_07_62	6.192296625295976	-11.78666921298811	Endothelial cells	4	cKO	0	Bae2025	mouse	SCN2A	0	PN36_1_cKO
02_07_95	-1.824740527948043	8.677377265283374	Neurons	8	cKO	1.3336125456029355	Bae2025	mouse	SCN2A	1.3336125456029355	PN36_1_cKO
02_08_24	9.702251554647782	-2.4649984423429694	Oligodendrocytes	5	cKO	0	Bae2025	mouse	SCN2A	0	PN36_1_cKO
02_08_63	-9.566447137673997	2.8383629735200677	Neurons	2	cKO	1.4041825640804562	Bae2025	mouse	SCN2A	1.4041825640804562	PN36_1_cKO
02_08_73	-10.034906267007493	2.8598447259156976	Neurons	2	cKO	0	Bae2025	mouse	SCN2A	0	PN36_1_cKO
02_09_05	1.6602023851073768	-2.906813580206129	Astrocytes	5	cKO	0	Bae2025	mouse	SCN2A	0	PN36_1_cKO
02_09_18	-10.317127107461593	2.610524218866137	Neurons	2	cKO	1.9032654463573768	Bae2025	mouse	SCN2A	1.9032654463573768	PN36_1_cKO
02_09_47	0.16994720808635017	-6.358954865148756	Oligodendrocytes	3	cKO	0	Bae2025	mouse	SCN2A	0	PN36_1_cKO
02_09_67	0.9077239047683264	3.8739738877504144	Neurons	7	cKO	1.5106837574139445	Bae2025	mouse	SCN2A	1.5106837574139445	PN36_1_cKO
02_09_76	6.08527433983455	-12.677645165136548	Endothelial cells	4	cKO	0	Bae2025	mouse	SCN2A	0	PN36_1_cKO
02_10_17	8.941758276144364	-3.164415556600782	Oligodendrocytes	1	cKO	0	Bae2025	mouse	SCN2A	0	PN36_1_cKO
02_10_19	2.8376430284179235	-2.424226481130811	Neurons	7	cKO	0	Bae2025	mouse	SCN2A	0	PN36_1_cKO
02_10_26	6.246872545400956	-11.98686166446516	Endothelial cells	4	cKO	0	Bae2025	mouse	SCN2A	0	PN36_1_cKO
02_10_36	7.4725343000091105	-4.2858290259153575	Oligodendrocytes	1	cKO	0	Bae2025	mouse	SCN2A	0	PN36_1_cKO
02_10_79	-2.4265463341080165	8.506786864587573	Neurons	8	cKO	1.6255506428632427	Bae2025	mouse	SCN2A	1.6255506428632427	PN36_1_cKO
02_10_86	-1.901938794931075	7.048100989648607	Neurons	8	cKO	1.3548858146399985	Bae2025	mouse	SCN2A	1.3548858146399985	PN36_1_cKO
02_11_04	8.363771558920243	-4.373136955908033	Oligodendrocytes	1	cKO	0	Bae2025	mouse	SCN2A	0	PN36_1_cKO
02_11_66	8.027456403890946	-4.271418530157301	Oligodendrocytes	1	cKO	0	Bae2025	mouse	SCN2A	0	PN36_1_cKO
02_12_38	1.012024642149308	2.1078043397157464	Neurons	7	cKO	0.7816684386742556	Bae2025	mouse	SCN2A	0.7816684386742556	PN36_1_cKO
02_12_62	-2.1131349790894007	8.27381662685564	Neurons	8	cKO	1.2269469809759534	Bae2025	mouse	SCN2A	1.2269469809759534	PN36_1_cKO
02_12_63	-1.229909180482528	7.286472838708666	Neurons	8	cKO	1.6078398297927543	Bae2025	mouse	SCN2A	1.6078398297927543	PN36_1_cKO
02_12_94	0.0755378615058448	6.581963103601244	Neurons	8	cKO	1.4687192233866535	Bae2025	mouse	SCN2A	1.4687192233866535	PN36_1_cKO
02_13_14	-9.804940103372235	2.59569458324602	Neurons	2	cKO	1.7583877715237723	Bae2025	mouse	SCN2A	1.7583877715237723	PN36_1_cKO
02_13_41	-2.6040619600616908	7.429682772943285	Neurons	8	cKO	0.881379204776512	Bae2025	mouse	SCN2A	0.881379204776512	PN36_1_cKO
02_13_49	1.803297401586869	-3.0797736231596202	Astrocytes	5	cKO	0	Bae2025	mouse	SCN2A	0	PN36_1_cKO
02_14_06	-10.389691232522628	2.2728746350496087	Neurons	2	cKO	0	Bae2025	mouse	SCN2A	0	PN36_1_cKO
02_14_52	-9.441889642556808	2.803482335397509	Neurons	2	cKO	1.547475918747013	Bae2025	mouse	SCN2A	1.547475918747013	PN36_1_cKO
02_14_77	-1.7099910963379357	9.067727607080249	Neurons	8	cKO	0.948381377095422	Bae2025	mouse	SCN2A	0.948381377095422	PN36_1_cKO
02_14_78	-10.642820237954757	3.1955216344087396	Neurons	2	cKO	0	Bae2025	mouse	SCN2A	0	PN36_1_cKO
02_15_15	-11.08444583304753	-1.6382826153547492	Epithelial cells	4	cKO	0	Bae2025	mouse	SCN2A	0	PN36_1_cKO
02_15_23	8.826877714315751	-1.320881802252027	Oligodendrocytes	5	cKO	0	Bae2025	mouse	SCN2A	0	PN36_1_cKO
02_15_26	-1.8291490066849203	6.979177993127611	Neurons	8	cKO	0.8308795811402501	Bae2025	mouse	SCN2A	0.8308795811402501	PN36_1_cKO
02_15_64	-2.623470662912033	11.719517272302417	Neurons	8	cKO	0.9742110951692482	Bae2025	mouse	SCN2A	0.9742110951692482	PN36_1_cKO
02_15_68	-11.637038110574386	-0.7443435971052375	Astrocytes	4	cKO	0	Bae2025	mouse	SCN2A	0	PN36_1_cKO
02_15_73	9.206367612997392	-2.436048466375562	Oligodendrocytes	5	cKO	0	Bae2025	mouse	SCN2A	0	PN36_1_cKO
02_16_14	-3.701155303796432	-6.744068581274244	Neurons	10	cKO	0	Bae2025	mouse	SCN2A	0	PN36_1_cKO
02_16_24	-5.622682927926681	-12.281299072912429	Astrocytes	4	cKO	0	Bae2025	mouse	SCN2A	0	PN36_1_cKO
02_16_56	-0.49854951985707024	7.09639505703142	Neurons	8	cKO	2.015002074576321	Bae2025	mouse	SCN2A	2.015002074576321	PN36_1_cKO
02_16_68	-3.2248774755798792	5.472197573968676	Neurons	8	cKO	1.6005376629638364	Bae2025	mouse	SCN2A	1.6005376629638364	PN36_1_cKO
02_16_75	8.494746328512528	-4.044811445883009	Oligodendrocytes	1	cKO	0	Bae2025	mouse	SCN2A	0	PN36_1_cKO
02_17_28	8.5485020887054	-1.3284937922270026	Oligodendrocytes	5	cKO	0.7003236403282164	Bae2025	mouse	SCN2A	0.7003236403282164	PN36_1_cKO
02_17_36	-10.51914584525456	3.2779968198030267	Neurons	2	cKO	1.7200938734983298	Bae2025	mouse	SCN2A	1.7200938734983298	PN36_1_cKO
02_17_49	-4.816383241494796	-11.882243591955396	Astrocytes	4	cKO	0	Bae2025	mouse	SCN2A	0	PN36_1_cKO
02_17_51	8.662418485800126	-3.695360142400953	Oligodendrocytes	1	cKO	0	Bae2025	mouse	SCN2A	0	PN36_1_cKO
02_17_69	-5.13926875480046	-11.717125374487134	Astrocytes	4	cKO	0	Bae2025	mouse	SCN2A	0	PN36_1_cKO
02_18_16	3.5813728582061315	6.119882148095873	Neurons	9	cKO	1.526874650167291	Bae2025	mouse	SCN2A	1.526874650167291	PN36_1_cKO
02_18_41	-4.702971814950606	-12.374304253271314	Astrocytes	4	cKO	0	Bae2025	mouse	SCN2A	0	PN36_1_cKO
02_18_46	-4.512315152963302	-9.603536087682937	Astrocytes	10	cKO	0.8905934487031726	Bae2025	mouse	SCN2A	0.8905934487031726	PN36_1_cKO
02_19_03	1.1276333343184974	4.458119433709887	Neurons	7	cKO	1.1944826606725194	Bae2025	mouse	SCN2A	1.1944826606725194	PN36_1_cKO
02_19_23	-9.749589799722337	2.2832222398011957	Neurons	2	cKO	0	Bae2025	mouse	SCN2A	0	PN36_1_cKO
02_19_28	9.084243894735671	-2.1472892348081793	Oligodendrocytes	5	cKO	0	Bae2025	mouse	SCN2A	0	PN36_1_cKO
02_19_36	-1.5344589937530968	8.306902449914721	Neurons	8	cKO	1.6679562120252576	Bae2025	mouse	SCN2A	1.6679562120252576	PN36_1_cKO
02_19_43	-4.091570018609664	-6.976059872320387	Neurons	10	cKO	0	Bae2025	mouse	SCN2A	0	PN36_1_cKO
02_19_44	3.2604032766021276	7.169669669458178	Neurons	9	cKO	0.9468338607466572	Bae2025	mouse	SCN2A	0.9468338607466572	PN36_1_cKO
02_21_21	-4.726688741525313	-11.097553688696118	Astrocytes	4	cKO	0	Bae2025	mouse	SCN2A	0	PN36_1_cKO
02_21_36	1.3857104789413002	6.08905748684099	Neurons	8	cKO	1.631995955037385	Bae2025	mouse	SCN2A	1.631995955037385	PN36_1_cKO
02_21_55	7.542539716879228	-3.904410320928785	Oligodendrocytes	1	cKO	0	Bae2025	mouse	SCN2A	0	PN36_1_cKO
02_21_60	-4.3896669138275595	-10.253559548071118	Neurons	2	cKO	1.739946893415401	Bae2025	mouse	SCN2A	1.739946893415401	PN36_1_cKO
02_21_77	9.61433518044124	-1.32439978759596	Oligodendrocytes	5	cKO	0	Bae2025	mouse	SCN2A	0	PN36_1_cKO
02_22_35	-10.637311815103194	2.8030531819551263	Neurons	2	cKO	0	Bae2025	mouse	SCN2A	0	PN36_1_cKO
02_22_44	1.1982926141418009	2.936721366235522	Neurons	7	cKO	1.4340057436858042	Bae2025	mouse	SCN2A	1.4340057436858042	PN36_1_cKO
02_22_59	-2.4345557678543543	9.826159995385911	Neurons	8	cKO	1.843136935157257	Bae2025	mouse	SCN2A	1.843136935157257	PN36_1_cKO
02_22_91	-10.670902131875655	2.9573264535157953	Neurons	2	cKO	2.295015237581517	Bae2025	mouse	SCN2A	2.295015237581517	PN36_1_cKO
02_23_40	-3.528658746560714	8.009423774072436	Neurons	8	cKO	1.2354473556353804	Bae2025	mouse	SCN2A	1.2354473556353804	PN36_1_cKO
02_23_87	9.645076872030597	-1.9557102505476205	Oligodendrocytes	5	cKO	0	Bae2025	mouse	SCN2A	0	PN36_1_cKO
02_24_35	-0.730808644374511	6.943387072870043	Neurons	8	cKO	1.139020074771888	Bae2025	mouse	SCN2A	1.139020074771888	PN36_1_cKO
02_24_70	-2.2983589161240077	8.423627417871264	Neurons	8	cKO	1.294326783171626	Bae2025	mouse	SCN2A	1.294326783171626	PN36_1_cKO
02_24_73	8.727628828207353	-3.381895500829908	Oligodendrocytes	1	cKO	0	Bae2025	mouse	SCN2A	0	PN36_1_cKO
02_24_75	0.4626772414840247	4.778889697381762	Neurons	8	cKO	1.279793884954181	Bae2025	mouse	SCN2A	1.279793884954181	PN36_1_cKO
02_24_81	-6.199444650491378	-11.983283478430003	Astrocytes	4	cKO	0	Bae2025	mouse	SCN2A	0	PN36_1_cKO
02_25_32	-3.5971473444305873	-6.637034374883863	Neurons	10	cKO	0	Bae2025	mouse	SCN2A	0	PN36_1_cKO
02_25_59	3.421255470434525	6.385752242395189	Neurons	9	cKO	1.2601933135555952	Bae2025	mouse	SCN2A	1.2601933135555952	PN36_1_cKO
02_25_62	9.633628011862138	-0.9515149180204596	Oligodendrocytes	5	cKO	0	Bae2025	mouse	SCN2A	0	PN36_1_cKO
02_25_66	8.907325864950517	-4.046309429815504	Oligodendrocytes	1	cKO	0	Bae2025	mouse	SCN2A	0	PN36_1_cKO
02_25_69	-2.6826578367554164	3.2078576501100335	Neurons	8	cKO	1.1561577743147102	Bae2025	mouse	SCN2A	1.1561577743147102	PN36_1_cKO
02_26_26	-9.99311625846257	2.483455937692431	Neurons	2	cKO	0	Bae2025	mouse	SCN2A	0	PN36_1_cKO
02_26_84	-9.930994867166184	3.1816692765443597	Neurons	2	cKO	0	Bae2025	mouse	SCN2A	0	PN36_1_cKO
02_27_47	-2.8982795465790248	9.782962363549975	Neurons	8	cKO	0.9773013268838906	Bae2025	mouse	SCN2A	0.9773013268838906	PN36_1_cKO
02_27_80	-5.745966314157149	-11.6182465140135	Astrocytes	4	cKO	0	Bae2025	mouse	SCN2A	0	PN36_1_cKO
02_28_11	-10.512442468484542	1.4995803054063592	Neurons	2	cKO	1.9110774246025224	Bae2025	mouse	SCN2A	1.9110774246025224	PN36_1_cKO
02_28_25	-3.016169189294479	9.69538359005144	Neurons	8	cKO	1.9816752597743368	Bae2025	mouse	SCN2A	1.9816752597743368	PN36_1_cKO
02_28_87	-10.464038728555344	3.3099620755403314	Neurons	2	cKO	2.371940710472097	Bae2025	mouse	SCN2A	2.371940710472097	PN36_1_cKO
02_29_40	-10.774892686685224	0.4721638377397332	Neurons	4	cKO	0	Bae2025	mouse	SCN2A	0	PN36_1_cKO
02_29_52	-0.9706181872688744	6.971544783899096	Neurons	8	cKO	1.7648058634440216	Bae2025	mouse	SCN2A	1.7648058634440216	PN36_1_cKO
02_29_91	-2.5707143534027552	6.708978694268969	Neurons	8	cKO	1.5934190221069673	Bae2025	mouse	SCN2A	1.5934190221069673	PN36_1_cKO
02_30_61	-3.510565637429855	8.354743521997241	Neurons	8	cKO	1.602434859780391	Bae2025	mouse	SCN2A	1.602434859780391	PN36_1_cKO
02_30_82	-1.991422771295211	6.7870798524110585	Neurons	8	cKO	1.2741497780929203	Bae2025	mouse	SCN2A	1.2741497780929203	PN36_1_cKO
02_30_86	1.9886840593017128	-0.44752376120397713	Neurons	7	cKO	1.9184765875116407	Bae2025	mouse	SCN2A	1.9184765875116407	PN36_1_cKO
02_31_08	-4.141462682565352	-6.93907447498152	Neurons	10	cKO	0	Bae2025	mouse	SCN2A	0	PN36_1_cKO
02_31_81	-2.0671490419708705	7.393762629815844	Neurons	8	cKO	0.9147784046238194	Bae2025	mouse	SCN2A	0.9147784046238194	PN36_1_cKO
02_32_12	-10.259852289041184	2.762203496286181	Neurons	2	cKO	2.3463465514338564	Bae2025	mouse	SCN2A	2.3463465514338564	PN36_1_cKO
02_32_24	-1.952258943399093	5.021410029718187	Neurons	8	cKO	1.186097361345545	Bae2025	mouse	SCN2A	1.186097361345545	PN36_1_cKO
02_32_30	7.0317832242644815	-3.495956141164991	Oligodendrocytes	6	cKO	0.9170714423603156	Bae2025	mouse	SCN2A	0.9170714423603156	PN36_1_cKO
02_32_37	1.6473051320708778	-3.0273370329649176	Astrocytes	5	cKO	0	Bae2025	mouse	SCN2A	0	PN36_1_cKO
02_32_67	8.641232610861161	-2.6189579550535407	Oligodendrocytes	5	cKO	0	Bae2025	mouse	SCN2A	0	PN36_1_cKO
02_32_85	-10.691588281472823	3.1043982918947015	Neurons	2	cKO	0	Bae2025	mouse	SCN2A	0	PN36_1_cKO
02_33_22	-2.2849490631424403	7.909085791894701	Neurons	8	cKO	0.87770898255349	Bae2025	mouse	SCN2A	0.87770898255349	PN36_1_cKO
02_33_38	-2.0944479692779994	8.677995246240405	Neurons	8	cKO	1.900034611170866	Bae2025	mouse	SCN2A	1.900034611170866	PN36_1_cKO
02_34_21	-10.623943208535811	2.8203380521028314	Neurons	2	cKO	0	Bae2025	mouse	SCN2A	0	PN36_1_cKO
02_34_30	-2.842118619760177	8.223722976037768	Neurons	8	cKO	1.2350725154722062	Bae2025	mouse	SCN2A	1.2350725154722062	PN36_1_cKO
02_34_34	8.547134519735673	-2.9308306757719245	Oligodendrocytes	1	cKO	0	Bae2025	mouse	SCN2A	0	PN36_1_cKO
02_34_85	-10.508862375100753	3.1342747624604974	Neurons	2	cKO	0	Bae2025	mouse	SCN2A	0	PN36_1_cKO
02_35_68	8.45210087410579	-4.146239000967237	Oligodendrocytes	1	cKO	0	Bae2025	mouse	SCN2A	0	PN36_1_cKO
02_35_79	-0.938112019380233	8.624836486169604	Neurons	8	cKO	1.826183828139644	Bae2025	mouse	SCN2A	1.826183828139644	PN36_1_cKO
02_36_89	9.51898205391536	-3.1757206503660407	Oligodendrocytes	1	cKO	0	Bae2025	mouse	SCN2A	0	PN36_1_cKO
02_37_15	8.14998734108577	-3.928378779104444	Oligodendrocytes	1	cKO	1.319213101419748	Bae2025	mouse	SCN2A	1.319213101419748	PN36_1_cKO
02_37_37	1.5970650922454384	2.736620705911425	Neurons	7	cKO	2.267399499097029	Bae2025	mouse	SCN2A	2.267399499097029	PN36_1_cKO
02_37_46	-10.308019517739911	2.767250817605761	Neurons	2	cKO	0	Bae2025	mouse	SCN2A	0	PN36_1_cKO
02_37_75	-5.21981656440129	-12.672983605077954	Astrocytes	4	cKO	0	Bae2025	mouse	SCN2A	0	PN36_1_cKO
02_38_08	9.261774183431962	-2.558882195165846	Oligodendrocytes	5	cKO	0	Bae2025	mouse	SCN2A	0	PN36_1_cKO
02_38_17	-10.021903871377608	2.1363296921937738	Neurons	2	cKO	1.8869339039614144	Bae2025	mouse	SCN2A	1.8869339039614144	PN36_1_cKO
02_38_47	8.312710882345536	-1.721637326887342	Oligodendrocytes	5	cKO	0	Bae2025	mouse	SCN2A	0	PN36_1_cKO
02_38_50	-1.5796245325409386	7.223577063867357	Neurons	8	cKO	1.097480238204268	Bae2025	mouse	SCN2A	1.097480238204268	PN36_1_cKO
02_38_60	0.31737381331095954	5.555926364251879	Neurons	8	cKO	1.3724578107411525	Bae2025	mouse	SCN2A	1.3724578107411525	PN36_1_cKO
02_38_74	0.8969683658278969	8.49511675197771	Neurons	8	cKO	1.079645075193188	Bae2025	mouse	SCN2A	1.079645075193188	PN36_1_cKO
02_39_19	8.99406635872493	-2.554887730291578	Oligodendrocytes	5	cKO	0	Bae2025	mouse	SCN2A	0	PN36_1_cKO
02_39_21	1.2899512063659218	2.776173156091479	Neurons	7	cKO	1.7699306331437683	Bae2025	mouse	SCN2A	1.7699306331437683	PN36_1_cKO
02_39_24	-2.1040374029480433	8.60075239498308	Neurons	8	cKO	1.5991970862369358	Bae2025	mouse	SCN2A	1.5991970862369358	PN36_1_cKO
02_39_45	7.758779646078446	-2.5551707331449713	Oligodendrocytes	1	cKO	0	Bae2025	mouse	SCN2A	0	PN36_1_cKO
02_39_71	6.285449625173905	-5.0888099257261485	Oligodendrocytes	6	cKO	0	Bae2025	mouse	SCN2A	0	PN36_1_cKO
02_39_87	1.088804722944596	4.824712317773607	Neurons	7	cKO	2.0748468121253927	Bae2025	mouse	SCN2A	2.0748468121253927	PN36_1_cKO
02_40_45	-10.406682847818038	3.024525922128466	Neurons	2	cKO	2.327345391297117	Bae2025	mouse	SCN2A	2.327345391297117	PN36_1_cKO
02_40_51	6.076402784506181	-12.222551781347486	Endothelial cells	4	cKO	0	Bae2025	mouse	SCN2A	0	PN36_1_cKO
02_40_57	-4.8021424997650595	-11.279874283483716	Astrocytes	4	cKO	0	Bae2025	mouse	SCN2A	0	PN36_1_cKO
02_41_30	-0.7312736500107262	8.067417662927417	Neurons	8	cKO	1.79656727129408	Bae2025	mouse	SCN2A	1.79656727129408	PN36_1_cKO
02_41_38	-9.054900049050948	2.604241650888232	Neurons	8	cKO	1.596288687371265	Bae2025	mouse	SCN2A	1.596288687371265	PN36_1_cKO
02_41_40	-10.632326005777022	3.0257046635835443	Neurons	2	cKO	1.9086273288620228	Bae2025	mouse	SCN2A	1.9086273288620228	PN36_1_cKO
02_41_76	-0.7454450417362664	8.459971946069507	Neurons	8	cKO	0.7176413747364371	Bae2025	mouse	SCN2A	0.7176413747364371	PN36_1_cKO
02_42_39	-3.4708472479187464	-7.028517681768629	Neurons	10	cKO	1.958965842020656	Bae2025	mouse	SCN2A	1.958965842020656	PN36_1_cKO
02_42_47	8.736961485067704	-3.690377670934888	Oligodendrocytes	1	cKO	0	Bae2025	mouse	SCN2A	0	PN36_1_cKO
02_42_51	-1.5764203060471031	6.938633960077074	Neurons	8	cKO	1.9543683397671712	Bae2025	mouse	SCN2A	1.9543683397671712	PN36_1_cKO
02_42_86	-3.333524583657882	-0.9267168227941718	Neurons	2	cKO	2.733619775951714	Bae2025	mouse	SCN2A	2.733619775951714	PN36_1_cKO
02_42_87	-5.627496122201583	-13.025927979162429	Astrocytes	4	cKO	0	Bae2025	mouse	SCN2A	0	PN36_1_cKO
02_42_90	-1.5602893818222496	7.993332427331713	Neurons	8	cKO	1.1949642902663244	Bae2025	mouse	SCN2A	1.1949642902663244	PN36_1_cKO
02_43_28	-2.2834743250214076	9.571517508813647	Neurons	8	cKO	1.1254016422745614	Bae2025	mouse	SCN2A	1.1254016422745614	PN36_1_cKO
02_43_41	-10.49677550681462	3.0304804261415277	Neurons	2	cKO	0	Bae2025	mouse	SCN2A	0	PN36_1_cKO
02_43_56	-0.8940018404327843	8.501657050439624	Neurons	8	cKO	1.8379775069050437	Bae2025	mouse	SCN2A	1.8379775069050437	PN36_1_cKO
02_43_79	-3.3628052461945033	-7.0522803847105235	Neurons	10	cKO	1.530233314059274	Bae2025	mouse	SCN2A	1.530233314059274	PN36_1_cKO
02_44_49	-5.60995328315129	-12.094536263159007	Astrocytes	4	cKO	0	Bae2025	mouse	SCN2A	0	PN36_1_cKO
02_44_61	-3.5239993322693324	-6.6557888571531505	Neurons	10	cKO	0	Bae2025	mouse	SCN2A	0	PN36_1_cKO
02_44_65	8.268563390890458	-1.8246340338499272	Oligodendrocytes	5	cKO	0	Bae2025	mouse	SCN2A	0	PN36_1_cKO
02_45_18	-1.2754297841392968	5.196117919275072	Neurons	2	cKO	1.225585489246236	Bae2025	mouse	SCN2A	1.225585489246236	PN36_1_cKO
02_46_09	-1.6343712795578451	8.158171218225268	Neurons	8	cKO	1.3990665399221909	Bae2025	mouse	SCN2A	1.3990665399221909	PN36_1_cKO
02_46_40	-1.4144816983543846	7.594351809808519	Neurons	8	cKO	1.709262772592952	Bae2025	mouse	SCN2A	1.709262772592952	PN36_1_cKO
02_46_75	-1.311415551980636	5.97218326885393	Neurons	8	cKO	2.1380033532181986	Bae2025	mouse	SCN2A	2.1380033532181986	PN36_1_cKO
02_47_11	-3.69151222594609	-1.0102706138403144	Neurons	2	cKO	1.6846899687792862	Bae2025	mouse	SCN2A	1.6846899687792862	PN36_1_cKO
02_47_29	0.8113743077910927	4.389790576288012	Neurons	8	cKO	1.0816812452298823	Bae2025	mouse	SCN2A	1.0816812452298823	PN36_1_cKO
02_47_36	-0.8719902325474236	7.111156504937914	Neurons	8	cKO	1.5149891489677838	Bae2025	mouse	SCN2A	1.5149891489677838	PN36_1_cKO
02_47_69	-4.446170924981734	-12.14442296665022	Astrocytes	4	cKO	0	Bae2025	mouse	SCN2A	0	PN36_1_cKO
02_48_23	0.32719725481639167	4.388734381982592	Neurons	7	cKO	1.517654527794824	Bae2025	mouse	SCN2A	1.517654527794824	PN36_1_cKO
02_48_46	-1.3997381318413231	8.072269957849292	Neurons	8	cKO	1.6234505372961472	Bae2025	mouse	SCN2A	1.6234505372961472	PN36_1_cKO
02_48_67	-6.1031187761627645	-11.756803948095532	Astrocytes	4	cKO	0	Bae2025	mouse	SCN2A	0	PN36_1_cKO
02_49_15	-9.4863518465363	1.900515836068896	Neurons	2	cKO	2.447039461718972	Bae2025	mouse	SCN2A	2.447039461718972	PN36_1_cKO
02_49_36	-1.0161164391838524	6.908402484246996	Neurons	8	cKO	1.085681499474591	Bae2025	mouse	SCN2A	1.085681499474591	PN36_1_cKO
02_49_54	-3.5738342989288783	8.986861747094897	Neurons	8	cKO	1.6016964172111778	Bae2025	mouse	SCN2A	1.6016964172111778	PN36_1_cKO
02_49_59	-6.87112271674504	-11.70261045139143	Astrocytes	4	cKO	0	Bae2025	mouse	SCN2A	0	PN36_1_cKO
02_50_95	-3.021711706002853	-7.084714371374342	Neurons	10	cKO	2.121643413698038	Bae2025	mouse	SCN2A	2.121643413698038	PN36_1_cKO
02_51_26	9.74355995766292	-1.2615994993955817	Oligodendrocytes	5	cKO	1.7170890871329736	Bae2025	mouse	SCN2A	1.7170890871329736	PN36_1_cKO
02_51_36	-3.8899358499847865	-1.6416960541517462	Neurons	2	cKO	2.150278942640017	Bae2025	mouse	SCN2A	2.150278942640017	PN36_1_cKO
02_52_44	0.14713078848490974	7.737599414178637	Neurons	8	cKO	1.275217604043272	Bae2025	mouse	SCN2A	1.275217604043272	PN36_1_cKO
02_52_70	1.5194960843719032	-5.781973797491285	Oligodendrocytes	3	cKO	0	Bae2025	mouse	SCN2A	0	PN36_1_cKO
02_53_09	-9.522838472207686	2.0338504727571283	Neurons	7	cKO	0	Bae2025	mouse	SCN2A	0	PN36_1_cKO
02_53_22	-4.522915719827315	-11.904016930273269	Astrocytes	4	cKO	0	Bae2025	mouse	SCN2A	0	PN36_1_cKO
02_53_26	-2.398873328050277	10.345788520166186	Neurons	8	cKO	2.3991689728868653	Bae2025	mouse	SCN2A	2.3991689728868653	PN36_1_cKO
02_53_44	-0.32562990375389794	7.351794284173754	Neurons	8	cKO	1.81724930736508	Bae2025	mouse	SCN2A	1.81724930736508	PN36_1_cKO
02_54_17	-9.402274965127608	2.0592699464051996	Neurons	2	cKO	0	Bae2025	mouse	SCN2A	0	PN36_1_cKO
02_54_65	-2.608158468087814	9.017146628686694	Neurons	8	cKO	1.4769391540352048	Bae2025	mouse	SCN2A	1.4769391540352048	PN36_1_cKO
02_54_76	8.64850151650081	-3.6665184084684577	Oligodendrocytes	1	cKO	0	Bae2025	mouse	SCN2A	0	PN36_1_cKO
02_55_01	0.9860808860457924	2.4846022542207513	Neurons	7	cKO	0.9367168432498696	Bae2025	mouse	SCN2A	0.9367168432498696	PN36_1_cKO
02_55_42	-10.191665529092452	3.1075778420656	Neurons	2	cKO	0	Bae2025	mouse	SCN2A	0	PN36_1_cKO
02_55_52	-0.9440765369736168	8.821133178064136	Neurons	8	cKO	1.6534937134401866	Bae2025	mouse	SCN2A	1.6534937134401866	PN36_1_cKO
02_55_67	-5.114838956674239	-11.499019104650708	Astrocytes	4	cKO	0	Bae2025	mouse	SCN2A	0	PN36_1_cKO
02_55_92	7.306726099172929	-4.788745838812086	Oligodendrocytes	1	cKO	0	Bae2025	mouse	SCN2A	0	PN36_1_cKO
02_56_01	-6.0771483171783895	-11.572047669103831	Astrocytes	4	cKO	0	Bae2025	mouse	SCN2A	0	PN36_1_cKO
02_56_21	-1.3051032412849877	5.371079486200121	Neurons	10	cKO	0	Bae2025	mouse	SCN2A	0	PN36_1_cKO
02_56_28	1.6030746709502723	6.315541785547045	Neurons	9	cKO	1.3470343723568434	Bae2025	mouse	SCN2A	1.3470343723568434	PN36_1_cKO
02_56_38	-2.4075183857285	7.742027800866869	Neurons	8	cKO	1.731925132516404	Bae2025	mouse	SCN2A	1.731925132516404	PN36_1_cKO
02_56_70	9.755147100607257	-0.915018457582685	Oligodendrocytes	5	cKO	0	Bae2025	mouse	SCN2A	0	PN36_1_cKO
02_57_19	2.137712360540726	-0.14925049863615897	Neurons	7	cKO	1.143187913256814	Bae2025	mouse	SCN2A	1.143187913256814	PN36_1_cKO
02_57_49	0.5851887475646522	8.297730964013843	Neurons	8	cKO	1.8380536758531696	Bae2025	mouse	SCN2A	1.8380536758531696	PN36_1_cKO
02_57_50	-2.3541614998184657	8.36909250576189	Neurons	8	cKO	1.3021995009624563	Bae2025	mouse	SCN2A	1.3021995009624563	PN36_1_cKO
02_57_65	3.344350696722367	6.305527728387621	Neurons	9	cKO	1.2456069431859786	Bae2025	mouse	SCN2A	1.2456069431859786	PN36_1_cKO
02_58_14	-3.879279970010421	-7.099027115514967	Neurons	10	cKO	1.305130954012684	Bae2025	mouse	SCN2A	1.305130954012684	PN36_1_cKO
02_58_21	1.0527601253188636	3.2209854539125242	Neurons	7	cKO	1.4707481919584031	Bae2025	mouse	SCN2A	1.4707481919584031	PN36_1_cKO
02_58_51	2.775996566931107	-2.553739744833204	Oligodendrocytes	5	cKO	0.7729028206270896	Bae2025	mouse	SCN2A	0.7729028206270896	PN36_1_cKO
02_58_65	-3.976975559075973	-7.07963843982527	Neurons	10	cKO	0	Bae2025	mouse	SCN2A	0	PN36_1_cKO
02_58_74	-9.672738908609054	2.9756796773164544	Neurons	2	cKO	1.7769150600795225	Bae2025	mouse	SCN2A	1.7769150600795225	PN36_1_cKO
02_58_96	-10.25219428428044	2.554282229730395	Neurons	2	cKO	1.934005246548995	Bae2025	mouse	SCN2A	1.934005246548995	PN36_1_cKO
02_59_50	2.154907108465531	5.006201785394457	Neurons	9	cKO	1.80862327528006	Bae2025	mouse	SCN2A	1.80862327528006	PN36_1_cKO
02_60_10	3.768174768606522	6.731317561456469	Neurons	9	cKO	2.0572204416075865	Bae2025	mouse	SCN2A	2.0572204416075865	PN36_1_cKO
02_60_20	-0.7945291388832543	6.985917609521654	Neurons	8	cKO	1.6320324906949608	Bae2025	mouse	SCN2A	1.6320324906949608	PN36_1_cKO
02_60_23	1.3032330285705116	2.7801726277559076	Neurons	7	cKO	1.3045826097791502	Bae2025	mouse	SCN2A	1.3045826097791502	PN36_1_cKO
02_60_34	2.1747030030883336	-5.401225048711988	Oligodendrocytes	3	cKO	1.1174961537131138	Bae2025	mouse	SCN2A	1.1174961537131138	PN36_1_cKO
02_60_94	-2.0697538841568446	7.404420893976	Neurons	8	cKO	1.2530011147659323	Bae2025	mouse	SCN2A	1.2530011147659323	PN36_1_cKO
02_61_13	-1.1592087734543297	7.314775031396654	Neurons	8	cKO	1.6693069963502312	Bae2025	mouse	SCN2A	1.6693069963502312	PN36_1_cKO
02_61_51	3.405015112081864	7.020000499078539	Neurons	9	cKO	1.5437008333521065	Bae2025	mouse	SCN2A	1.5437008333521065	PN36_1_cKO
02_61_54	-9.46448790915837	1.90778855640581	Neurons	7	cKO	0	Bae2025	mouse	SCN2A	0	PN36_1_cKO
02_61_61	9.748674513021806	-1.0547852699072089	Oligodendrocytes	5	cKO	0	Bae2025	mouse	SCN2A	0	PN36_1_cKO
02_62_02	-3.2856906641327357	-6.462594467809889	Neurons	10	cKO	0	Bae2025	mouse	SCN2A	0	PN36_1_cKO
02_62_22	3.676316858450272	6.521436255761889	Neurons	9	cKO	2.1688383399368427	Bae2025	mouse	SCN2A	2.1688383399368427	PN36_1_cKO
02_62_33	-1.014485834916732	6.916440051385668	Neurons	8	cKO	1.106270528434434	Bae2025	mouse	SCN2A	1.106270528434434	PN36_1_cKO
02_62_55	-5.4936074007355185	-11.845107514074536	Astrocytes	4	cKO	0	Bae2025	mouse	SCN2A	0	PN36_1_cKO
02_62_87	-2.7841972101532435	-6.9279164854795665	Neurons	10	cKO	0	Bae2025	mouse	SCN2A	0	PN36_1_cKO
02_63_35	-10.589470743020676	3.0270622189729486	Neurons	2	cKO	0	Bae2025	mouse	SCN2A	0	PN36_1_cKO
02_63_61	-10.528874276956222	2.354511779138354	Neurons	2	cKO	1.7900947443555022	Bae2025	mouse	SCN2A	1.7900947443555022	PN36_1_cKO
02_63_75	-10.199639200051925	3.00800566036394	Neurons	2	cKO	2.433175574940355	Bae2025	mouse	SCN2A	2.433175574940355	PN36_1_cKO
02_64_32	8.973251463095048	-2.4688012186796393	Oligodendrocytes	5	cKO	0	Bae2025	mouse	SCN2A	0	PN36_1_cKO
02_64_46	9.499438406149247	-1.586420375517103	Oligodendrocytes	5	cKO	0	Bae2025	mouse	SCN2A	0	PN36_1_cKO
02_64_53	-2.7092174280487513	9.602995436975268	Neurons	8	cKO	2.463456187096026	Bae2025	mouse	SCN2A	2.463456187096026	PN36_1_cKO
02_65_07	8.868630529562333	-2.582485396078321	Oligodendrocytes	5	cKO	0	Bae2025	mouse	SCN2A	0	PN36_1_cKO
02_65_14	-4.148890136560103	-7.210761982610914	Neurons	10	cKO	1.6290837933034763	Bae2025	mouse	SCN2A	1.6290837933034763	PN36_1_cKO
02_65_74	6.867801309744218	-4.429079014471266	Oligodendrocytes	6	cKO	1.3753328022225932	Bae2025	mouse	SCN2A	1.3753328022225932	PN36_1_cKO
02_65_80	-4.5864771593414755	-11.85932012241194	Astrocytes	4	cKO	1.2411008226796716	Bae2025	mouse	SCN2A	1.2411008226796716	PN36_1_cKO
02_67_14	6.383659959951737	-4.951814610174391	Oligodendrocytes	6	cKO	0	Bae2025	mouse	SCN2A	0	PN36_1_cKO
02_67_18	-4.416025756677291	-11.892534691503736	Astrocytes	4	cKO	0	Bae2025	mouse	SCN2A	0	PN36_1_cKO
02_67_41	-0.17885199077954034	7.172179263421801	Neurons	8	cKO	1.6084281513250784	Bae2025	mouse	SCN2A	1.6084281513250784	PN36_1_cKO
02_67_48	2.9284311544097448	6.154700320550707	Neurons	9	cKO	1.9549471862753447	Bae2025	mouse	SCN2A	1.9549471862753447	PN36_1_cKO
02_67_51	-3.467658399423263	8.47316507656267	Neurons	8	cKO	1.9765962037984477	Bae2025	mouse	SCN2A	1.9765962037984477	PN36_1_cKO
02_67_72	6.25398075691829	-11.798033196142407	Endothelial cells	4	cKO	0	Bae2025	mouse	SCN2A	0	PN36_1_cKO
02_67_81	0.07379579655299445	6.651397746392992	Neurons	8	cKO	1.2534126988801249	Bae2025	mouse	SCN2A	1.2534126988801249	PN36_1_cKO
02_68_01	8.37442696205745	-4.382925945928785	Oligodendrocytes	1	cKO	0	Bae2025	mouse	SCN2A	0	PN36_1_cKO
02_68_02	6.065071226278642	-5.154530007055494	Oligodendrocytes	6	cKO	0	Bae2025	mouse	SCN2A	0	PN36_1_cKO
02_68_11	8.10890019051204	-4.251029926946852	Oligodendrocytes	1	cKO	0	Bae2025	mouse	SCN2A	0	PN36_1_cKO
02_68_30	-10.315995096048018	2.6095998700349603	Neurons	2	cKO	1.961324378736942	Bae2025	mouse	SCN2A	1.961324378736942	PN36_1_cKO
02_68_69	-10.437838434060714	2.613028806039599	Neurons	2	cKO	0	Bae2025	mouse	SCN2A	0	PN36_1_cKO
02_68_78	0.9798200141585852	8.468968909570483	Neurons	8	cKO	0.4849076116942988	Bae2025	mouse	SCN2A	0.4849076116942988	PN36_1_cKO
02_68_90	5.4300633680022745	-5.140982586553785	Oligodendrocytes	6	cKO	0	Bae2025	mouse	SCN2A	0	PN36_1_cKO
02_69_10	-0.7574892628990624	4.183127921411303	Neurons	7	cKO	1.6283701885221231	Bae2025	mouse	SCN2A	1.6283701885221231	PN36_1_cKO
02_69_20	-10.855360864480636	3.1116173680513177	Neurons	2	cKO	0	Bae2025	mouse	SCN2A	0	PN36_1_cKO
02_69_61	2.7645860921538854	-5.180465180090162	Oligodendrocytes	3	cKO	0	Bae2025	mouse	SCN2A	0	PN36_1_cKO
02_69_80	-4.347491859277389	-10.106927353552075	Neurons	2	cKO	1.3105445022523414	Bae2025	mouse	SCN2A	1.3105445022523414	PN36_1_cKO
02_70_04	7.96455204598079	-3.583070475271436	Oligodendrocytes	1	cKO	1.2017258347507913	Bae2025	mouse	SCN2A	1.2017258347507913	PN36_1_cKO
02_70_62	6.619857908407548	-4.815070110967848	Oligodendrocytes	6	cKO	0	Bae2025	mouse	SCN2A	0	PN36_1_cKO
02_70_82	7.133157373586991	-3.789097506216261	Oligodendrocytes	6	cKO	0	Bae2025	mouse	SCN2A	0	PN36_1_cKO
02_70_86	0.8266979467071083	-5.986056286504957	Astrocytes	3	cKO	0	Bae2025	mouse	SCN2A	0	PN36_1_cKO
02_71_17	-2.019487618287704	4.637862723657396	Neurons	8	cKO	1.5192679608049964	Bae2025	mouse	SCN2A	1.5192679608049964	PN36_1_cKO
02_71_31	0.837854982534745	4.237358611413744	Neurons	7	cKO	1.248708931214762	Bae2025	mouse	SCN2A	1.248708931214762	PN36_1_cKO
02_71_49	-4.001843332132003	-1.2686507288725104	Neurons	2	cKO	1.374119006559272	Bae2025	mouse	SCN2A	1.374119006559272	PN36_1_cKO
02_71_77	-3.611409066995285	-1.5119009796888556	Neurons	2	cKO	2.3954745502413024	Bae2025	mouse	SCN2A	2.3954745502413024	PN36_1_cKO
02_72_02	9.599295736471513	-2.8190564696104254	Oligodendrocytes	1	cKO	0	Bae2025	mouse	SCN2A	0	PN36_1_cKO
02_72_17	-3.0164734114014125	6.455794375726488	Neurons	8	cKO	1.949624824294217	Bae2025	mouse	SCN2A	1.949624824294217	PN36_1_cKO
02_72_30	1.1262167703307655	2.9835677560060296	Neurons	7	cKO	1.3548146757612978	Bae2025	mouse	SCN2A	1.3548146757612978	PN36_1_cKO
02_72_45	-4.528363107522628	-11.655725914648269	Astrocytes	4	cKO	1.4845477697547902	Bae2025	mouse	SCN2A	1.4845477697547902	PN36_1_cKO
02_72_47	3.355058551946976	-5.0367655340940685	Oligodendrocytes	6	cKO	0.9232467556879372	Bae2025	mouse	SCN2A	0.9232467556879372	PN36_1_cKO
02_72_55	9.646732450643876	-1.2191735092909064	Oligodendrocytes	5	cKO	0	Bae2025	mouse	SCN2A	0	PN36_1_cKO
02_72_58	-5.512430070718429	-12.013721901586743	Astrocytes	4	cKO	0	Bae2025	mouse	SCN2A	0	PN36_1_cKO
02_72_90	-5.694465040048263	-11.45697351138899	Astrocytes	4	cKO	0	Bae2025	mouse	SCN2A	0	PN36_1_cKO
02_72_94	8.376410604635575	-3.8923041407377448	Oligodendrocytes	1	cKO	0	Bae2025	mouse	SCN2A	0	PN36_1_cKO
02_72_96	9.69875443092952	-0.689130264929029	Oligodendrocytes	5	cKO	0.5648185275880537	Bae2025	mouse	SCN2A	0.5648185275880537	PN36_1_cKO
02_73_22	6.1302186261809855	-12.43335290592024	Endothelial cells	4	cKO	0	Bae2025	mouse	SCN2A	0	PN36_1_cKO
02_73_28	3.477491737524369	7.053912680932787	Neurons	9	cKO	2.118482090883436	Bae2025	mouse	SCN2A	2.118482090883436	PN36_1_cKO
02_73_71	-3.0861006964050746	6.617515605279711	Neurons	8	cKO	1.7266490527899507	Bae2025	mouse	SCN2A	1.7266490527899507	PN36_1_cKO
02_73_88	-4.775896905740401	-10.748115975073071	Astrocytes	4	cKO	0	Bae2025	mouse	SCN2A	0	PN36_1_cKO
02_74_04	9.70162022225032	-0.9000763479978766	Oligodendrocytes	5	cKO	1.6630414903143549	Bae2025	mouse	SCN2A	1.6630414903143549	PN36_1_cKO
02_74_22	6.408280969778398	-4.869768101385328	Oligodendrocytes	6	cKO	0	Bae2025	mouse	SCN2A	0	PN36_1_cKO
02_74_41	2.8719400178588415	-2.5361141745359626	Oligodendrocytes	5	cKO	0.9065623362498656	Bae2025	mouse	SCN2A	0.9065623362498656	PN36_1_cKO
02_75_04	3.191171289602616	7.132274669000414	Neurons	9	cKO	0.9017948392692487	Bae2025	mouse	SCN2A	0.9017948392692487	PN36_1_cKO
02_75_44	-5.387557863076827	-11.16001649539778	Astrocytes	4	cKO	0	Bae2025	mouse	SCN2A	0	PN36_1_cKO
02_75_46	7.73336422554622	-3.0540182177335944	Oligodendrocytes	1	cKO	0	Bae2025	mouse	SCN2A	0	PN36_1_cKO
02_76_32	1.1544563781417396	4.114102881738451	Neurons	7	cKO	1.0784060620887903	Bae2025	mouse	SCN2A	1.0784060620887903	PN36_1_cKO
02_76_33	8.365135313192704	-4.159119803121778	Oligodendrocytes	1	cKO	1.1785684649523307	Bae2025	mouse	SCN2A	1.1785684649523307	PN36_1_cKO
02_76_58	-1.817845462640426	4.952333014795092	Neurons	8	cKO	1.39020708243973	Bae2025	mouse	SCN2A	1.39020708243973	PN36_1_cKO
02_77_13	-0.6172257948719475	7.762413066217211	Neurons	8	cKO	1.3768258441172798	Bae2025	mouse	SCN2A	1.3768258441172798	PN36_1_cKO
02_77_17	-0.00537466891636589	-6.33282275836775	Neurons	3	cKO	0	Bae2025	mouse	SCN2A	0	PN36_1_cKO
02_77_69	9.602663160482743	-0.7872458879263129	Oligodendrocytes	5	cKO	0	Bae2025	mouse	SCN2A	0	PN36_1_cKO
02_78_13	-6.8958104837738485	-12.036778885534495	Astrocytes	4	cKO	0	Bae2025	mouse	SCN2A	0	PN36_1_cKO
02_78_14	-5.985752939065597	-11.267906624487134	Astrocytes	4	cKO	0	Bae2025	mouse	SCN2A	0	PN36_1_cKO
02_78_21	8.060605169454911	-3.8313176218778815	Oligodendrocytes	1	cKO	0	Bae2025	mouse	SCN2A	0	PN36_1_cKO
02_78_36	-2.8678151357971644	7.933947127649096	Neurons	8	cKO	1.7594818527198726	Bae2025	mouse	SCN2A	1.7594818527198726	PN36_1_cKO
02_78_41	-10.42552363761296	2.449705642053393	Neurons	2	cKO	1.935018278274633	Bae2025	mouse	SCN2A	1.935018278274633	PN36_1_cKO
02_78_47	1.1236517440475011	6.259920161554125	Neurons	8	cKO	1.765069014640549	Bae2025	mouse	SCN2A	1.765069014640549	PN36_1_cKO
02_78_53	6.134957910696366	-12.617971855810376	Endothelial cells	4	cKO	0	Bae2025	mouse	SCN2A	0	PN36_1_cKO
02_78_58	-10.624797700723311	2.892170947381762	Neurons	2	cKO	0	Bae2025	mouse	SCN2A	0	PN36_1_cKO
02_78_63	-10.330983995278975	2.90488271076372	Neurons	2	cKO	0	Bae2025	mouse	SCN2A	0	PN36_1_cKO
02_78_88	-2.3345164049469447	-6.889161068609449	Neurons	10	cKO	2.0568485310217315	Bae2025	mouse	SCN2A	2.0568485310217315	PN36_1_cKO
02_79_15	0.33412307612071296	2.457811396905688	Neurons	7	cKO	0.9557822967654672	Bae2025	mouse	SCN2A	0.9557822967654672	PN36_1_cKO
02_79_26	6.295716406027177	-11.97001882236311	Endothelial cells	4	cKO	0	Bae2025	mouse	SCN2A	0	PN36_1_cKO
02_79_76	-3.3417726744019007	-6.7990703169615	Neurons	10	cKO	0	Bae2025	mouse	SCN2A	0	PN36_1_cKO
02_79_77	-5.091887830575606	-13.133178192785474	Astrocytes	4	cKO	0	Bae2025	mouse	SCN2A	0	PN36_1_cKO
02_80_15	-3.791131852944992	8.58712057430437	Neurons	8	cKO	0	Bae2025	mouse	SCN2A	0	PN36_1_cKO
02_80_19	-10.70225703605046	3.0352333005159173	Neurons	2	cKO	0	Bae2025	mouse	SCN2A	0	PN36_1_cKO
02_80_35	1.7297552835143593	5.213099044153002	Neurons	9	cKO	1.470685483459078	Bae2025	mouse	SCN2A	1.470685483459078	PN36_1_cKO
02_80_75	-3.310589431604049	8.35767893154314	Neurons	8	cKO	1.7691027546508635	Bae2025	mouse	SCN2A	1.7691027546508635	PN36_1_cKO
02_81_22	-3.732609628518722	-6.76196618717024	Neurons	10	cKO	0	Bae2025	mouse	SCN2A	0	PN36_1_cKO
02_81_39	-4.718737481912276	-1.792628604582044	Neurons	2	cKO	1.8862216523735504	Bae2025	mouse	SCN2A	1.8862216523735504	PN36_1_cKO
02_81_54	-0.23888759203781823	7.286410373040941	Neurons	8	cKO	1.485406215369942	Bae2025	mouse	SCN2A	1.485406215369942	PN36_1_cKO
02_82_21	6.307983995596269	-11.661879975012036	Endothelial cells	4	cKO	0	Bae2025	mouse	SCN2A	0	PN36_1_cKO
02_82_41	0.7488142263091591	4.568115275689867	Neurons	7	cKO	1.5799723332223174	Bae2025	mouse	SCN2A	1.5799723332223174	PN36_1_cKO
02_82_49	8.569831014791825	-3.843463379553053	Oligodendrocytes	1	cKO	0	Bae2025	mouse	SCN2A	0	PN36_1_cKO
02_82_63	-3.8751515138946986	8.105484526941089	Neurons	2	cKO	0	Bae2025	mouse	SCN2A	0	PN36_1_cKO
02_83_51	3.298813701788285	7.199758094140795	Neurons	9	cKO	1.2111604894174424	Bae2025	mouse	SCN2A	1.2111604894174424	PN36_1_cKO
02_83_77	-1.5722339142166588	9.093658965417651	Neurons	8	cKO	1.8194761936078343	Bae2025	mouse	SCN2A	1.8194761936078343	PN36_1_cKO
02_84_19	2.342862487951615	-5.304850536993238	Oligodendrocytes	3	cKO	0	Bae2025	mouse	SCN2A	0	PN36_1_cKO
02_84_56	-10.512286065896651	2.7994356568544183	Neurons	2	cKO	2.5277396826661125	Bae2025	mouse	SCN2A	2.5277396826661125	PN36_1_cKO
02_84_60	7.682644964376786	-3.2794262949735846	Oligodendrocytes	1	cKO	0	Bae2025	mouse	SCN2A	0	PN36_1_cKO
02_84_76	1.6589266072906044	4.647206824609545	Neurons	7	cKO	1.393879541674363	Bae2025	mouse	SCN2A	1.393879541674363	PN36_1_cKO
02_84_87	9.007360578695634	-2.6852275912077155	Oligodendrocytes	1	cKO	0	Bae2025	mouse	SCN2A	0	PN36_1_cKO
02_85_20	-5.193301557382247	-11.4557184759886	Astrocytes	4	cKO	0	Bae2025	mouse	SCN2A	0	PN36_1_cKO
02_85_83	-1.9328711021744225	7.411818068811205	Neurons	8	cKO	1.4301469431673663	Bae2025	mouse	SCN2A	1.4301469431673663	PN36_1_cKO
02_85_94	1.1315579425490885	2.175197642633227	Neurons	7	cKO	0.6009359547947786	Bae2025	mouse	SCN2A	0.6009359547947786	PN36_1_cKO
02_86_01	-2.258857129892013	9.98098043758562	Neurons	8	cKO	1.3449111434377914	Bae2025	mouse	SCN2A	1.3449111434377914	PN36_1_cKO
02_86_04	-0.2157492775522683	7.488381903955248	Neurons	8	cKO	1.5360729500648114	Bae2025	mouse	SCN2A	1.5360729500648114	PN36_1_cKO
02_86_85	1.027572394529679	6.4605160172670155	Neurons	8	cKO	1.3897040251285604	Bae2025	mouse	SCN2A	1.3897040251285604	PN36_1_cKO
02_86_94	-1.8182383764587853	7.528467696496752	Neurons	8	cKO	1.552152517525107	Bae2025	mouse	SCN2A	1.552152517525107	PN36_1_cKO
02_87_44	6.736753107229569	-4.732540089300367	Oligodendrocytes	6	cKO	0	Bae2025	mouse	SCN2A	0	PN36_1_cKO
02_87_72	-2.171856044610641	9.45513300258806	Neurons	8	cKO	1.3545159861326568	Bae2025	mouse	SCN2A	1.3545159861326568	PN36_1_cKO
02_87_91	3.571870924154618	-5.021309811285231	Oligodendrocytes	6	cKO	0.9888155087325184	Bae2025	mouse	SCN2A	0.9888155087325184	PN36_1_cKO
02_88_01	-3.900471805413864	-6.681709248235914	Neurons	10	cKO	1.6703568623472915	Bae2025	mouse	SCN2A	1.6703568623472915	PN36_1_cKO
02_88_09	-0.7639727581345055	4.85553697902849	Neurons	8	cKO	1.3206706079590025	Bae2025	mouse	SCN2A	1.3206706079590025	PN36_1_cKO
02_88_22	9.043589712301593	-3.667246061971875	Oligodendrocytes	1	cKO	0	Bae2025	mouse	SCN2A	0	PN36_1_cKO
02_88_30	7.644103170553544	-3.031502443960401	Oligodendrocytes	1	cKO	0	Bae2025	mouse	SCN2A	0	PN36_1_cKO
02_88_46	-0.8081394124828789	7.543191474267748	Neurons	8	cKO	1.7296636180171174	Bae2025	mouse	SCN2A	1.7296636180171174	PN36_1_cKO
02_88_47	-10.818754075845382	0.46620915491273734	Astrocytes	4	cKO	0	Bae2025	mouse	SCN2A	0	PN36_1_cKO
02_88_59	8.126401067892411	-4.020899254492018	Oligodendrocytes	1	cKO	0	Bae2025	mouse	SCN2A	0	PN36_1_cKO
02_88_61	7.129636884847978	-5.294003922155592	Oligodendrocytes	6	cKO	0	Bae2025	mouse	SCN2A	0	PN36_1_cKO
02_88_71	2.711876512686112	-2.5275034491331305	Oligodendrocytes	5	cKO	0	Bae2025	mouse	SCN2A	0	PN36_1_cKO
02_88_75	-2.2001186598144984	7.4492206986635	Neurons	8	cKO	1.257425316000634	Bae2025	mouse	SCN2A	1.257425316000634	PN36_1_cKO
02_89_24	9.682332159201003	-1.5235175673277106	Oligodendrocytes	5	cKO	0	Bae2025	mouse	SCN2A	0	PN36_1_cKO
02_89_45	-5.36216390021672	-11.909792381933425	Astrocytes	4	cKO	0	Bae2025	mouse	SCN2A	0	PN36_1_cKO
02_89_52	2.081913829962113	-0.23430227082082897	Neurons	7	cKO	1.4215807859633216	Bae2025	mouse	SCN2A	1.4215807859633216	PN36_1_cKO
02_89_68	2.9128764878905797	-2.481692988088819	Oligodendrocytes	5	cKO	1.548447437802191	Bae2025	mouse	SCN2A	1.548447437802191	PN36_1_cKO
02_89_87	-5.495490430673263	-11.58323903720686	Astrocytes	4	cKO	0	Bae2025	mouse	SCN2A	0	PN36_1_cKO
02_89_89	-0.7022887904249642	8.426640075036792	Neurons	8	cKO	0.5473103571003972	Bae2025	mouse	SCN2A	0.5473103571003972	PN36_1_cKO
02_90_08	1.165663362661698	4.69108967144182	Neurons	7	cKO	1.022334409745524	Bae2025	mouse	SCN2A	1.022334409745524	PN36_1_cKO
02_90_42	3.650043607870438	6.801514190027025	Neurons	9	cKO	1.777017086166702	Bae2025	mouse	SCN2A	1.777017086166702	PN36_1_cKO
02_90_62	-3.8540381182037806	-7.269894558599684	Neurons	10	cKO	0	Bae2025	mouse	SCN2A	0	PN36_1_cKO
02_90_66	-4.655131696542403	-10.479993302038404	Astrocytes	4	cKO	0	Bae2025	mouse	SCN2A	0	PN36_1_cKO
02_90_67	9.206601263204911	-1.4249757115156378	Oligodendrocytes	5	cKO	0	Bae2025	mouse	SCN2A	0	PN36_1_cKO
02_91_14	-2.533482431253097	6.785391848871019	Neurons	8	cKO	2.0142619560066963	Bae2025	mouse	SCN2A	2.0142619560066963	PN36_1_cKO
02_91_73	-3.794743417581222	-1.5355072800428595	Neurons	2	cKO	1.469421586970029	Bae2025	mouse	SCN2A	1.469421586970029	PN36_1_cKO
02_91_83	0.4441211830771949	2.69540480930498	Neurons	7	cKO	1.151699732018935	Bae2025	mouse	SCN2A	1.151699732018935	PN36_1_cKO
02_91_84	8.706619383016923	-3.849817473104688	Oligodendrocytes	1	cKO	0	Bae2025	mouse	SCN2A	0	PN36_1_cKO
02_92_05	6.308542848745683	-4.526595551183912	Oligodendrocytes	6	cKO	0	Bae2025	mouse	SCN2A	0	PN36_1_cKO
02_92_10	-4.79277217276921	-10.92427201907942	Astrocytes	4	cKO	0	Bae2025	mouse	SCN2A	0	PN36_1_cKO
02_92_93	-10.287598489602706	2.8938837464540277	Neurons	2	cKO	2.578158237477261	Bae2025	mouse	SCN2A	2.578158237477261	PN36_1_cKO
02_93_08	-2.0647126425110316	8.171555083581714	Neurons	8	cKO	1.632742105539018	Bae2025	mouse	SCN2A	1.632742105539018	PN36_1_cKO
02_93_30	-9.328449128945968	2.1735275204866205	Neurons	2	cKO	1.9793868117379925	Bae2025	mouse	SCN2A	1.9793868117379925	PN36_1_cKO
02_93_53	6.140611292044023	-12.01230283420393	Endothelial cells	4	cKO	0	Bae2025	mouse	SCN2A	0	PN36_1_cKO
02_93_66	8.101032377401689	-4.27086682956526	Oligodendrocytes	1	cKO	0	Bae2025	mouse	SCN2A	0	PN36_1_cKO
02_93_87	0.3902681481040504	3.438350480386523	Neurons	7	cKO	1.2908977737397644	Bae2025	mouse	SCN2A	1.2908977737397644	PN36_1_cKO
02_94_27	-0.10677236207356194	3.0372665341584955	Neurons	7	cKO	1.138753033910585	Bae2025	mouse	SCN2A	1.138753033910585	PN36_1_cKO
02_94_61	-9.91725718863835	2.2402224953859124	Neurons	2	cKO	0	Bae2025	mouse	SCN2A	0	PN36_1_cKO
02_94_83	-1.6507891405426476	7.116466563531664	Neurons	8	cKO	1.5181538294163412	Bae2025	mouse	SCN2A	1.5181538294163412	PN36_1_cKO
02_94_86	4.72105896584163	-5.112145859411451	Oligodendrocytes	6	cKO	0	Bae2025	mouse	SCN2A	0	PN36_1_cKO
02_95_70	-1.9141226995789025	8.83016542751482	Neurons	8	cKO	0.863704098722563	Bae2025	mouse	SCN2A	0.863704098722563	PN36_1_cKO
02_96_09	-3.894480584939621	-1.031768101862165	Neurons	2	cKO	0	Bae2025	mouse	SCN2A	0	PN36_1_cKO
02_96_12	-9.886546968301436	2.142421763726977	Neurons	2	cKO	0	Bae2025	mouse	SCN2A	0	PN36_1_cKO
02_96_22	8.74958908669124	-3.7301613871366706	Oligodendrocytes	1	cKO	2.081939297190636	Bae2025	mouse	SCN2A	2.081939297190636	PN36_1_cKO
02_96_57	-0.8328247059189293	7.309701007196215	Neurons	8	cKO	1.490808110444942	Bae2025	mouse	SCN2A	1.490808110444942	PN36_1_cKO
02_96_72	7.275066019216874	-4.090242106130812	Oligodendrocytes	1	cKO	1.306111446219844	Bae2025	mouse	SCN2A	1.306111446219844	PN36_1_cKO
03_01_29	7.455124975363114	-3.6913880888731208	Oligodendrocytes	1	cKO	1.3068970482960574	Bae2025	mouse	SCN2A	1.3068970482960574	PN36_1_cKO
03_01_56	1.439241291204789	4.881257575341967	Neurons	7	cKO	1.940432254284631	Bae2025	mouse	SCN2A	1.940432254284631	PN36_1_cKO
03_01_64	2.2312213193572545	-2.694630819967481	Astrocytes	7	cKO	0	Bae2025	mouse	SCN2A	0	PN36_1_cKO
03_01_90	1.1706233035720377	1.9096155579774652	Neurons	7	cKO	1.0383848297079166	Bae2025	mouse	SCN2A	1.0383848297079166	PN36_1_cKO
03_02_03	6.251896024862626	-11.800050217321608	Endothelial cells	4	cKO	1.1395617989686155	Bae2025	mouse	SCN2A	1.1395617989686155	PN36_1_cKO
03_04_78	-2.9659649122559046	8.7134128030031	Neurons	8	cKO	1.5964455725038855	Bae2025	mouse	SCN2A	1.5964455725038855	PN36_1_cKO
03_05_77	-5.085831998666427	-11.905935722997876	Astrocytes	4	cKO	0	Bae2025	mouse	SCN2A	0	PN36_1_cKO
03_06_92	-6.6893285501800985	-12.240741211584302	Astrocytes	4	cKO	0	Bae2025	mouse	SCN2A	0	PN36_1_cKO
03_07_06	8.521185995260575	-4.183389622381422	Oligodendrocytes	1	cKO	0	Bae2025	mouse	SCN2A	0	PN36_1_cKO
03_07_10	0.9394494306243446	4.548751395532396	Neurons	7	cKO	1.7166675779222995	Bae2025	mouse	SCN2A	1.7166675779222995	PN36_1_cKO
03_07_63	-7.007306455453536	-11.882142502477857	Astrocytes	4	cKO	0	Bae2025	mouse	SCN2A	0	PN36_1_cKO
03_08_39	-3.546191572030685	-7.289906460455152	Neurons	10	cKO	0	Bae2025	mouse	SCN2A	0	PN36_1_cKO
03_08_63	-0.03319719322552422	4.679245513269213	Neurons	8	cKO	1.7439699902591217	Bae2025	mouse	SCN2A	1.7439699902591217	PN36_1_cKO
03_08_82	-5.7329567659698935	-11.886012512853831	Astrocytes	4	cKO	0	Bae2025	mouse	SCN2A	0	PN36_1_cKO
03_09_33	7.167534471670487	-4.546044785192701	Oligodendrocytes	1	cKO	0	Bae2025	mouse	SCN2A	0	PN36_1_cKO
03_09_44	8.773144842306474	-3.609656054189893	Oligodendrocytes	1	cKO	0	Bae2025	mouse	SCN2A	0	PN36_1_cKO
03_09_71	-3.7955657232605433	8.522617858239917	Neurons	8	cKO	2.607099088779856	Bae2025	mouse	SCN2A	2.607099088779856	PN36_1_cKO
03_09_72	-0.6634900111757729	4.0442891534059315	Neurons	7	cKO	1.3363805909784443	Bae2025	mouse	SCN2A	1.3363805909784443	PN36_1_cKO
03_10_06	6.18543827644954	-11.900348145178052	Endothelial cells	4	cKO	0	Bae2025	mouse	SCN2A	0	PN36_1_cKO
03_10_36	2.7540723096526647	-2.426115948370191	Oligodendrocytes	5	cKO	0	Bae2025	mouse	SCN2A	0	PN36_1_cKO
03_10_42	-3.044288276513717	8.453946631738452	Neurons	8	cKO	0	Bae2025	mouse	SCN2A	0	PN36_1_cKO
03_10_43	-3.635737060388229	7.898532431909349	Neurons	8	cKO	1.8650919671231008	Bae2025	mouse	SCN2A	1.8650919671231008	PN36_1_cKO
03_11_05	8.812084318319657	-3.353631455114576	Oligodendrocytes	1	cKO	0	Bae2025	mouse	SCN2A	0	PN36_1_cKO
03_11_59	-3.0634328115784144	6.5173607285707265	Neurons	9	cKO	1.6549473165630697	Bae2025	mouse	SCN2A	1.6549473165630697	PN36_1_cKO
03_11_64	-4.033254026254317	-7.284040886572096	Neurons	10	cKO	0	Bae2025	mouse	SCN2A	0	PN36_1_cKO
03_12_62	0.05414039007792731	3.191626590081958	Neurons	7	cKO	1.1257767071739757	Bae2025	mouse	SCN2A	1.1257767071739757	PN36_1_cKO
03_13_14	-10.374628900369308	2.7085080559938226	Neurons	2	cKO	1.931983293523616	Bae2025	mouse	SCN2A	1.931983293523616	PN36_1_cKO
03_13_16	6.430956483999589	-4.734059769323561	Oligodendrocytes	6	cKO	0	Bae2025	mouse	SCN2A	0	PN36_1_cKO
03_13_26	7.188689352194169	-3.9661607329160895	Oligodendrocytes	1	cKO	1.7055667578592613	Bae2025	mouse	SCN2A	1.7055667578592613	PN36_1_cKO
03_13_34	9.17739212624202	-2.534117180517408	Oligodendrocytes	5	cKO	0	Bae2025	mouse	SCN2A	0	PN36_1_cKO
03_13_61	-3.6881633985840296	9.228927176782395	Neurons	8	cKO	0	Bae2025	mouse	SCN2A	0	PN36_1_cKO
03_13_62	-0.3827059481345628	7.0441599305360585	Neurons	8	cKO	1.8505578276129369	Bae2025	mouse	SCN2A	1.8505578276129369	PN36_1_cKO
03_14_18	6.3131247769988565	-11.615023094824048	Endothelial cells	4	cKO	0	Bae2025	mouse	SCN2A	0	PN36_1_cKO
03_14_52	-9.526474832376143	2.5593219216554437	Neurons	2	cKO	2.823230419159529	Bae2025	mouse	SCN2A	2.823230419159529	PN36_1_cKO
03_14_78	-10.839149354776046	3.1236899312227044	Neurons	2	cKO	1.967650135691719	Bae2025	mouse	SCN2A	1.967650135691719	PN36_1_cKO
03_14_87	-4.216405509790084	-1.785307842901441	Neurons	2	cKO	2.634919605632496	Bae2025	mouse	SCN2A	2.634919605632496	PN36_1_cKO
03_14_90	-5.283273576577804	-12.825720268896314	Astrocytes	4	cKO	0	Bae2025	mouse	SCN2A	0	PN36_1_cKO
03_15_31	8.784527898947099	-3.8255142752439704	Oligodendrocytes	1	cKO	0	Bae2025	mouse	SCN2A	0	PN36_1_cKO
03_15_43	1.1554391395247965	-5.9804091040403575	Oligodendrocytes	3	cKO	0	Bae2025	mouse	SCN2A	0	PN36_1_cKO
03_15_50	6.136185289541581	-12.482803780248853	Endothelial cells	4	cKO	0	Bae2025	mouse	SCN2A	0	PN36_1_cKO
03_15_60	7.008285642782548	-4.45964332263777	Oligodendrocytes	6	cKO	0	Bae2025	mouse	SCN2A	0	PN36_1_cKO
03_16_24	9.090526701132156	-4.188422638586256	Oligodendrocytes	1	cKO	0	Bae2025	mouse	SCN2A	0	PN36_1_cKO
03_17_27	-3.5862103689514613	8.691751998254565	Neurons	8	cKO	1.035622954517368	Bae2025	mouse	SCN2A	1.035622954517368	PN36_1_cKO
03_17_48	1.7652095567382362	-5.099487263372633	Neurons	3	cKO	1.046287996163692	Bae2025	mouse	SCN2A	1.046287996163692	PN36_1_cKO
03_17_52	9.033368230978349	-3.2755720202238288	Oligodendrocytes	1	cKO	0	Bae2025	mouse	SCN2A	0	PN36_1_cKO
03_17_73	2.133148313680985	6.526850264856127	Neurons	9	cKO	1.2699907043942789	Bae2025	mouse	SCN2A	1.2699907043942789	PN36_1_cKO
03_17_75	7.411982656637528	-4.23804040592024	Oligodendrocytes	1	cKO	0	Bae2025	mouse	SCN2A	0	PN36_1_cKO
03_17_92	-3.074516414483688	8.584785025903491	Neurons	8	cKO	0.8806342806547954	Bae2025	mouse	SCN2A	0.8806342806547954	PN36_1_cKO
03_18_10	9.001898885885575	-2.3636736456663336	Oligodendrocytes	5	cKO	0	Bae2025	mouse	SCN2A	0	PN36_1_cKO
03_18_34	8.83147442452083	-3.3314909521848883	Oligodendrocytes	1	cKO	0	Bae2025	mouse	SCN2A	0	PN36_1_cKO
03_18_91	-3.5700904119812464	7.6643639023988515	Neurons	8	cKO	1.3946395431296392	Bae2025	mouse	SCN2A	1.3946395431296392	PN36_1_cKO
03_19_23	-10.346318124612472	2.2496123727052484	Neurons	2	cKO	1.9634270728463012	Bae2025	mouse	SCN2A	1.9634270728463012	PN36_1_cKO
03_19_65	-3.736518024285934	-1.1635076586515631	Neurons	2	cKO	2.588342237036242	Bae2025	mouse	SCN2A	2.588342237036242	PN36_1_cKO
03_20_24	-2.015205859025619	7.920898955652025	Neurons	8	cKO	1.7072275254933085	Bae2025	mouse	SCN2A	1.7072275254933085	PN36_1_cKO
03_21_07	8.27353870979915	-4.0386783663542	Oligodendrocytes	1	cKO	0	Bae2025	mouse	SCN2A	0	PN36_1_cKO
03_21_08	-3.5790201414429164	-6.4448818747312755	Neurons	10	cKO	1.791759469228055	Bae2025	mouse	SCN2A	1.791759469228055	PN36_1_cKO
03_21_31	-1.4625256050430748	5.80113081295183	Neurons	8	cKO	1.4672351495270932	Bae2025	mouse	SCN2A	1.4672351495270932	PN36_1_cKO
03_21_54	6.946235777059892	-4.362567383459303	Oligodendrocytes	6	cKO	0	Bae2025	mouse	SCN2A	0	PN36_1_cKO
03_21_68	-3.5548249471985316	-1.1804915253431525	Neurons	2	cKO	1.3434022323352577	Bae2025	mouse	SCN2A	1.3434022323352577	PN36_1_cKO
03_22_02	-6.0324305284821005	-11.60539765994856	Astrocytes	4	cKO	0	Bae2025	mouse	SCN2A	0	PN36_1_cKO
03_22_28	9.54547417275081	-2.6494206969053473	Oligodendrocytes	1	cKO	0	Bae2025	mouse	SCN2A	0	PN36_1_cKO
03_22_32	5.509020925680497	-5.116521317175123	Oligodendrocytes	6	cKO	0	Bae2025	mouse	SCN2A	0	PN36_1_cKO
03_22_62	-7.084600328286788	-11.551833588293286	Astrocytes	4	cKO	1.155561158587692	Bae2025	mouse	SCN2A	1.155561158587692	PN36_1_cKO
03_22_83	7.926599622885087	-4.072772700002882	Oligodendrocytes	1	cKO	0	Bae2025	mouse	SCN2A	0	PN36_1_cKO
03_22_91	0.2854275714553382	5.182955306360033	Neurons	8	cKO	1.264116012370697	Bae2025	mouse	SCN2A	1.264116012370697	PN36_1_cKO
03_22_93	-3.7562061537109823	-0.916176516226026	Neurons	2	cKO	1.9694167450350055	Bae2025	mouse	SCN2A	1.9694167450350055	PN36_1_cKO
03_23_08	0.0177363466418769	7.726150077173021	Neurons	8	cKO	1.5195003155390012	Bae2025	mouse	SCN2A	1.5195003155390012	PN36_1_cKO
03_23_29	-5.587878106912276	-11.34306283634016	Astrocytes	4	cKO	0	Bae2025	mouse	SCN2A	0	PN36_1_cKO
03_23_49	-3.772472022851608	-6.425302941015455	Neurons	10	cKO	0	Bae2025	mouse	SCN2A	0	PN36_1_cKO
03_23_55	1.2991815816558387	8.671548407861499	Neurons	8	cKO	0	Bae2025	mouse	SCN2A	0	PN36_1_cKO
03_23_96	1.026895166555741	3.202198546716479	Neurons	7	cKO	1.655061456366047	Bae2025	mouse	SCN2A	1.655061456366047	PN36_1_cKO
03_24_77	7.242128492513993	-4.364952046087477	Oligodendrocytes	1	cKO	0	Bae2025	mouse	SCN2A	0	PN36_1_cKO
03_25_21	8.817039610067704	-2.329231697729322	Oligodendrocytes	5	cKO	0	Bae2025	mouse	SCN2A	0	PN36_1_cKO
03_25_33	-5.9578150499664755	-11.55974336307356	Astrocytes	4	cKO	0	Bae2025	mouse	SCN2A	0	PN36_1_cKO
03_26_05	8.219855428854325	-3.8602230135709967	Oligodendrocytes	1	cKO	0	Bae2025	mouse	SCN2A	0	PN36_1_cKO
03_26_16	-0.6756162483297798	6.930923980066088	Neurons	8	cKO	1.8742760554494355	Bae2025	mouse	SCN2A	1.8742760554494355	PN36_1_cKO
03_26_25	8.83568012825618	-3.2355253283292975	Oligodendrocytes	1	cKO	0	Bae2025	mouse	SCN2A	0	PN36_1_cKO
03_26_33	0.6519310485518959	8.224479239770679	Neurons	8	cKO	1.344904148784937	Bae2025	mouse	SCN2A	1.344904148784937	PN36_1_cKO
03_26_45	-0.21342624612679223	7.1326022561280995	Neurons	8	cKO	1.959106743483649	Bae2025	mouse	SCN2A	1.959106743483649	PN36_1_cKO
03_26_49	8.236835600057939	-2.74461622875044	Oligodendrocytes	1	cKO	0.9330526096031412	Bae2025	mouse	SCN2A	0.9330526096031412	PN36_1_cKO
03_26_65	-6.1867955911957235	-12.042917687109204	Astrocytes	4	cKO	0	Bae2025	mouse	SCN2A	0	PN36_1_cKO
03_26_84	-9.951252816995284	2.734638732263354	Neurons	2	cKO	2.295015237581517	Bae2025	mouse	SCN2A	2.295015237581517	PN36_1_cKO
03_27_20	-2.969536899408004	-7.014453369787428	Neurons	10	cKO	1.3956670676775245	Bae2025	mouse	SCN2A	1.3956670676775245	PN36_1_cKO
03_27_28	-6.827587961038253	-11.534321266821118	Astrocytes	4	cKO	0	Bae2025	mouse	SCN2A	0	PN36_1_cKO
03_28_51	7.565061689535478	-4.131419140508863	Oligodendrocytes	1	cKO	0	Bae2025	mouse	SCN2A	0	PN36_1_cKO
03_28_87	-10.806039689859054	2.9404044564454828	Neurons	2	cKO	0	Bae2025	mouse	SCN2A	0	PN36_1_cKO
03_29_17	1.1467176686919716	8.604275267907886	Neurons	8	cKO	1.292407399810828	Bae2025	mouse	SCN2A	1.292407399810828	PN36_1_cKO
03_29_21	8.688156248251298	-1.1079369370252814	Oligodendrocytes	5	cKO	0	Bae2025	mouse	SCN2A	0	PN36_1_cKO
03_29_50	9.066930891195634	-2.3264820162565436	Oligodendrocytes	5	cKO	0	Bae2025	mouse	SCN2A	0	PN36_1_cKO
03_29_60	3.275392891088822	6.620222132989672	Neurons	9	cKO	1.485868939710673	Bae2025	mouse	SCN2A	1.485868939710673	PN36_1_cKO
03_29_70	3.029709697882035	6.737653773614672	Neurons	9	cKO	1.5210546092091604	Bae2025	mouse	SCN2A	1.5210546092091604	PN36_1_cKO
03_29_79	-2.997217058023117	8.905520003625659	Neurons	8	cKO	2.0892705230654456	Bae2025	mouse	SCN2A	2.0892705230654456	PN36_1_cKO
03_30_17	0.49911081902156135	8.593085807153491	Neurons	8	cKO	1.9235753525305557	Bae2025	mouse	SCN2A	1.9235753525305557	PN36_1_cKO
03_30_21	-5.935078023751876	-12.130207497289868	Astrocytes	4	cKO	0	Bae2025	mouse	SCN2A	0	PN36_1_cKO
03_30_28	-3.2848075617157435	5.4273457940309315	Neurons	2	cKO	2.328737944449888	Bae2025	mouse	SCN2A	2.328737944449888	PN36_1_cKO
03_31_40	6.928920389334062	-3.6964881006986823	Oligodendrocytes	6	cKO	0	Bae2025	mouse	SCN2A	0	PN36_1_cKO
03_31_61	0.4221368443168189	6.579179805108812	Neurons	8	cKO	1.5939398557341926	Bae2025	mouse	SCN2A	1.5939398557341926	PN36_1_cKO
03_32_37	-3.1576241243683314	9.43794302303484	Neurons	8	cKO	1.5779819001942998	Bae2025	mouse	SCN2A	1.5779819001942998	PN36_1_cKO
03_32_58	-2.5621682394348597	9.723193686792165	Neurons	8	cKO	1.9306719528897496	Bae2025	mouse	SCN2A	1.9306719528897496	PN36_1_cKO
03_32_78	-2.4587346304260707	8.473281424829272	Neurons	8	cKO	1.1458145721878294	Bae2025	mouse	SCN2A	1.1458145721878294	PN36_1_cKO
03_33_12	-5.137760042031905	-11.666800934484693	Astrocytes	4	cKO	0	Bae2025	mouse	SCN2A	0	PN36_1_cKO
03_33_15	-5.832422612985274	-13.044965225866529	Astrocytes	4	cKO	0	Bae2025	mouse	SCN2A	0	PN36_1_cKO
03_34_29	7.32185995689998	-4.590915161779615	Oligodendrocytes	1	cKO	0	Bae2025	mouse	SCN2A	0	PN36_1_cKO
03_34_51	1.854108930746415	4.817275565454271	Neurons	7	cKO	0.7085450856228127	Bae2025	mouse	SCN2A	0.7085450856228127	PN36_1_cKO
03_34_63	-3.0681821096741175	8.008665602990893	Neurons	8	cKO	1.8113586638650965	Bae2025	mouse	SCN2A	1.8113586638650965	PN36_1_cKO
03_35_10	-4.508971093972823	-9.584567505529614	Astrocytes	10	cKO	1.0253062797632977	Bae2025	mouse	SCN2A	1.0253062797632977	PN36_1_cKO
03_35_13	-1.1638324249588463	7.690169852563646	Neurons	8	cKO	1.7552145986499816	Bae2025	mouse	SCN2A	1.7552145986499816	PN36_1_cKO
03_35_65	-10.764448045571944	0.5308466370790277	Neurons	2	cKO	1.795519343315237	Bae2025	mouse	SCN2A	1.795519343315237	PN36_1_cKO
03_36_26	-5.256269811471602	-13.102846581152171	Astrocytes	4	cKO	0	Bae2025	mouse	SCN2A	0	PN36_1_cKO
03_36_50	9.037148595968585	-3.3920893255979743	Oligodendrocytes	1	cKO	0	Bae2025	mouse	SCN2A	0	PN36_1_cKO
03_36_70	-3.549920438607834	8.494794410058764	Neurons	8	cKO	1.0937031637766697	Bae2025	mouse	SCN2A	1.0937031637766697	PN36_1_cKO
03_37_11	1.8299785863555456	-3.1106574122221202	Astrocytes	5	cKO	0	Bae2025	mouse	SCN2A	0	PN36_1_cKO
03_38_33	8.463054777304032	-3.5909659449369635	Oligodendrocytes	1	cKO	0	Bae2025	mouse	SCN2A	0	PN36_1_cKO
03_38_45	7.5732518445647745	-4.34272905032942	Oligodendrocytes	1	cKO	0	Bae2025	mouse	SCN2A	0	PN36_1_cKO
03_38_63	8.791644216696122	-2.607308108022901	Oligodendrocytes	5	cKO	0	Bae2025	mouse	SCN2A	0	PN36_1_cKO
03_38_75	-3.60229217894902	-6.442486721685621	Neurons	10	cKO	0	Bae2025	mouse	SCN2A	0	PN36_1_cKO
03_38_90	8.218974233785966	-4.366864163091871	Oligodendrocytes	1	cKO	0	Bae2025	mouse	SCN2A	0	PN36_1_cKO
03_39_01	-3.47723376639714	9.651571791955735	Neurons	8	cKO	1.569392210916289	Bae2025	mouse	SCN2A	1.569392210916289	PN36_1_cKO
03_39_31	-0.10570078976978996	4.1104674752443104	Neurons	7	cKO	0.8331669464088716	Bae2025	mouse	SCN2A	0.8331669464088716	PN36_1_cKO
03_39_49	2.8143411885894323	6.598420661279467	Neurons	9	cKO	1.5350007659796154	Bae2025	mouse	SCN2A	1.5350007659796154	PN36_1_cKO
03_39_66	1.1031972180999303	3.0532386716096673	Neurons	7	cKO	1.4314988080841808	Bae2025	mouse	SCN2A	1.4314988080841808	PN36_1_cKO
03_40_02	-6.583287118753097	-11.867969948461743	Astrocytes	4	cKO	1.7905105618595265	Bae2025	mouse	SCN2A	1.7905105618595265	PN36_1_cKO
03_40_45	-0.8370780635677788	6.7463646348207265	Neurons	8	cKO	1.68808388034986	Bae2025	mouse	SCN2A	1.68808388034986	PN36_1_cKO
03_40_49	0.611269117513993	2.4100735600679193	Neurons	7	cKO	1.5886464877873103	Bae2025	mouse	SCN2A	1.5886464877873103	PN36_1_cKO
03_40_60	5.963786722341874	-5.0285024229795665	Oligodendrocytes	6	cKO	0	Bae2025	mouse	SCN2A	0	PN36_1_cKO
03_41_09	9.56374466530452	-0.6498243693620886	Oligodendrocytes	5	cKO	0	Bae2025	mouse	SCN2A	0	PN36_1_cKO
03_41_38	-9.08996569999089	2.640973847696093	Neurons	8	cKO	1.3850207141973896	Bae2025	mouse	SCN2A	1.3850207141973896	PN36_1_cKO
03_41_40	-0.17233210690846185	7.349440615960863	Neurons	8	cKO	1.5510663362792414	Bae2025	mouse	SCN2A	1.5510663362792414	PN36_1_cKO
03_42_22	7.1638914357818155	-3.80052443187544	Oligodendrocytes	1	cKO	0	Bae2025	mouse	SCN2A	0	PN36_1_cKO
03_43_06	-3.0050247896515345	7.223214190789965	Neurons	8	cKO	2.288752790945594	Bae2025	mouse	SCN2A	2.288752790945594	PN36_1_cKO
03_43_27	0.2510316383040931	7.759668391534594	Neurons	8	cKO	1.8704254482257128	Bae2025	mouse	SCN2A	1.8704254482257128	PN36_1_cKO
03_43_32	9.039209486166335	-1.5001456324369635	Oligodendrocytes	5	cKO	0	Bae2025	mouse	SCN2A	0	PN36_1_cKO
03_43_44	-4.468652128060958	-9.58030458133528	Astrocytes	10	cKO	0	Bae2025	mouse	SCN2A	0	PN36_1_cKO
03_43_62	-6.924956678231856	-12.519282776525708	Astrocytes	4	cKO	0	Bae2025	mouse	SCN2A	0	PN36_1_cKO
03_44_30	0.01066076866755744	4.232623141595629	Neurons	7	cKO	1.7070039155242231	Bae2025	mouse	SCN2A	1.7070039155242231	PN36_1_cKO
03_44_72	-11.37076461203923	-0.8298930112631049	Astrocytes	4	cKO	0	Bae2025	mouse	SCN2A	0	PN36_1_cKO
03_45_13	8.5013190519012	-1.4651650969297614	Oligodendrocytes	5	cKO	0	Bae2025	mouse	SCN2A	0	PN36_1_cKO
03_45_25	-3.341393112023971	7.80393843013933	Neurons	8	cKO	1.9842411425495177	Bae2025	mouse	SCN2A	1.9842411425495177	PN36_1_cKO
03_45_35	-3.0621305692993617	7.805055659601	Neurons	8	cKO	1.6335472411196437	Bae2025	mouse	SCN2A	1.6335472411196437	PN36_1_cKO
03_45_52	0.9745649110473182	2.3832164223878656	Neurons	7	cKO	1.686803220548427	Bae2025	mouse	SCN2A	1.686803220548427	PN36_1_cKO
03_45_90	6.246959329763749	-11.701046425512525	Astrocytes	4	cKO	0	Bae2025	mouse	SCN2A	0	PN36_1_cKO
03_46_58	3.5542093526519323	5.859210532495287	Neurons	9	cKO	1.592300615179306	Bae2025	mouse	SCN2A	1.592300615179306	PN36_1_cKO
03_47_11	1.4793833505309608	3.892453711816577	Neurons	7	cKO	0.7569556752296465	Bae2025	mouse	SCN2A	0.7569556752296465	PN36_1_cKO
03_47_75	8.033594251791337	-5.043984848669264	Oligodendrocytes	1	cKO	0	Bae2025	mouse	SCN2A	0	PN36_1_cKO
03_47_77	-2.3589217651688075	8.338440459558276	Neurons	8	cKO	2.3167010521210347	Bae2025	mouse	SCN2A	2.3167010521210347	PN36_1_cKO
03_47_89	1.3287630092299965	2.77203039486101	Neurons	7	cKO	1.1542956142233154	Bae2025	mouse	SCN2A	1.1542956142233154	PN36_1_cKO
03_48_23	-2.037851809343002	7.274779837915209	Neurons	8	cKO	1.384437239124404	Bae2025	mouse	SCN2A	1.384437239124404	PN36_1_cKO
03_48_26	-1.7970731247269127	4.828963321038988	Neurons	8	cKO	0.8164557490791089	Bae2025	mouse	SCN2A	0.8164557490791089	PN36_1_cKO
03_48_38	-0.8285250950657341	7.258360427209643	Neurons	8	cKO	2.0256191119805527	Bae2025	mouse	SCN2A	2.0256191119805527	PN36_1_cKO
03_48_46	7.803885580221513	-2.6508624140531745	Oligodendrocytes	5	cKO	1.3390233127797748	Bae2025	mouse	SCN2A	1.3390233127797748	PN36_1_cKO
03_49_62	9.529635549703936	-1.6903224770338263	Oligodendrocytes	5	cKO	0	Bae2025	mouse	SCN2A	0	PN36_1_cKO
03_49_70	8.906514288107255	-2.650086838415357	Oligodendrocytes	5	cKO	0	Bae2025	mouse	SCN2A	0	PN36_1_cKO
03_49_76	9.537294508138991	-1.2549175802976813	Oligodendrocytes	5	cKO	0	Bae2025	mouse	SCN2A	0	PN36_1_cKO
03_50_66	-1.9010882366501305	5.699599307367113	Neurons	8	cKO	1.5805808506700696	Bae2025	mouse	SCN2A	1.5805808506700696	PN36_1_cKO
03_50_90	3.364133478323319	5.8345909531801015	Neurons	9	cKO	1.7601125479580089	Bae2025	mouse	SCN2A	1.7601125479580089	PN36_1_cKO
03_51_34	8.214915395895341	-4.083103853872511	Oligodendrocytes	1	cKO	0	Bae2025	mouse	SCN2A	0	PN36_1_cKO
03_51_61	-4.9805825937592	-12.092082459142896	Astrocytes	4	cKO	0	Bae2025	mouse	SCN2A	0	PN36_1_cKO
03_51_73	8.371625066915849	-4.025213915518019	Oligodendrocytes	1	cKO	0	Bae2025	mouse	SCN2A	0	PN36_1_cKO
03_52_40	-4.571328996499679	-11.165064293554517	Astrocytes	4	cKO	0	Bae2025	mouse	SCN2A	0	PN36_1_cKO
03_52_94	-0.6623623360001061	7.912045996972826	Neurons	8	cKO	1.3322762159912585	Bae2025	mouse	SCN2A	1.3322762159912585	PN36_1_cKO
03_53_09	-9.579010843118333	1.9358361180513175	Neurons	2	cKO	0	Bae2025	mouse	SCN2A	0	PN36_1_cKO
03_53_24	-3.9336701620422816	-1.4117738787443366	Neurons	2	cKO	1.533360201976762	Bae2025	mouse	SCN2A	1.533360201976762	PN36_1_cKO
03_53_50	-4.140787242730758	-6.952531773260328	Neurons	10	cKO	0	Bae2025	mouse	SCN2A	0	PN36_1_cKO
03_53_52	1.5733555566466837	3.957444232293871	Neurons	7	cKO	1.0143506574508545	Bae2025	mouse	SCN2A	1.0143506574508545	PN36_1_cKO
03_53_79	-2.0505048025452113	4.553607028314379	Neurons	8	cKO	0.7952825740015933	Bae2025	mouse	SCN2A	0.7952825740015933	PN36_1_cKO
03_54_11	-3.608341573556564	-7.155555683782789	Neurons	10	cKO	2.1062795306656863	Bae2025	mouse	SCN2A	2.1062795306656863	PN36_1_cKO
03_54_12	-1.5056622017227623	6.194375556298998	Neurons	8	cKO	1.999131192747054	Bae2025	mouse	SCN2A	1.999131192747054	PN36_1_cKO
03_54_17	0.5579503785766151	3.4856000359742914	Neurons	7	cKO	1.3285623896692174	Bae2025	mouse	SCN2A	1.3285623896692174	PN36_1_cKO
03_54_42	-2.9739667166077113	7.976107161828783	Neurons	8	cKO	0.7251671036724576	Bae2025	mouse	SCN2A	0.7251671036724576	PN36_1_cKO
03_54_78	-3.6563221205078578	-6.51357169788191	Neurons	10	cKO	0	Bae2025	mouse	SCN2A	0	PN36_1_cKO
03_55_48	-0.5480125237308953	8.887831252404956	Neurons	8	cKO	1.293302306984212	Bae2025	mouse	SCN2A	1.293302306984212	PN36_1_cKO
03_56_28	7.139288068930009	-3.3717491213590827	Oligodendrocytes	1	cKO	0	Bae2025	mouse	SCN2A	0	PN36_1_cKO
03_56_35	1.9584985982574012	-3.0913462225706305	Astrocytes	5	cKO	0	Bae2025	mouse	SCN2A	0	PN36_1_cKO
03_56_50	8.65870773903499	-3.558614212682935	Oligodendrocytes	1	cKO	0	Bae2025	mouse	SCN2A	0	PN36_1_cKO
03_56_61	6.136075616995194	-12.543254334142896	Endothelial cells	4	cKO	0	Bae2025	mouse	SCN2A	0	PN36_1_cKO
03_57_23	-1.6968778360687706	7.5952415879457265	Neurons	8	cKO	1.7004252601733645	Bae2025	mouse	SCN2A	1.7004252601733645	PN36_1_cKO
03_57_71	-3.482264636834762	8.619889777490405	Neurons	8	cKO	2.2404666620128215	Bae2025	mouse	SCN2A	2.2404666620128215	PN36_1_cKO
03_57_88	-5.550572751840255	-11.293537575414868	Astrocytes	4	cKO	0	Bae2025	mouse	SCN2A	0	PN36_1_cKO
03_57_94	-5.383050321420333	-13.08470674197981	Astrocytes	4	cKO	0	Bae2025	mouse	SCN2A	0	PN36_1_cKO
03_58_21	8.677800298849442	-1.698509413412305	Oligodendrocytes	5	cKO	1.1723751357105543	Bae2025	mouse	SCN2A	1.1723751357105543	PN36_1_cKO
03_58_22	-4.890883325418136	-12.188549477270335	Astrocytes	4	cKO	0	Bae2025	mouse	SCN2A	0	PN36_1_cKO
03_58_69	8.31081783882747	-4.1631154600889415	Oligodendrocytes	1	cKO	0	Bae2025	mouse	SCN2A	0	PN36_1_cKO
03_59_36	0.6920014630950477	4.082945864984301	Neurons	7	cKO	1.683754461830148	Bae2025	mouse	SCN2A	1.683754461830148	PN36_1_cKO
03_59_38	-1.7456009376846764	5.123161834069994	Neurons	8	cKO	0.9694118425960712	Bae2025	mouse	SCN2A	0.9694118425960712	PN36_1_cKO
03_59_50	7.825896383444169	-3.472873884847852	Oligodendrocytes	1	cKO	0	Bae2025	mouse	SCN2A	0	PN36_1_cKO
03_60_37	-2.042371867974899	8.19820455867937	Neurons	8	cKO	0.969919979060667	Bae2025	mouse	SCN2A	0.969919979060667	PN36_1_cKO
03_60_89	9.305400968710282	-3.9344148222715583	Oligodendrocytes	1	cKO	0	Bae2025	mouse	SCN2A	0	PN36_1_cKO
03_61_27	5.8103638898528605	-5.069397408178541	Oligodendrocytes	6	cKO	0	Bae2025	mouse	SCN2A	0	PN36_1_cKO
03_61_33	7.609435201803544	-4.172493416479322	Oligodendrocytes	1	cKO	1.2370939096886344	Bae2025	mouse	SCN2A	1.2370939096886344	PN36_1_cKO
03_61_45	-11.076183198770186	-1.6652170006544318	Epithelial cells	4	cKO	0	Bae2025	mouse	SCN2A	0	PN36_1_cKO
03_61_54	-9.728350519021651	1.9540613110749991	Neurons	2	cKO	1.9431722965579743	Bae2025	mouse	SCN2A	1.9431722965579743	PN36_1_cKO
03_62_17	-2.278796790918014	6.869154971429613	Neurons	8	cKO	1.019267963431591	Bae2025	mouse	SCN2A	1.019267963431591	PN36_1_cKO
03_62_34	9.638219953695634	-1.1443316523344245	Oligodendrocytes	5	cKO	0	Bae2025	mouse	SCN2A	0	PN36_1_cKO
03_62_54	-3.281785606225631	7.729053061792162	Neurons	8	cKO	1.4953295496635546	Bae2025	mouse	SCN2A	1.4953295496635546	PN36_1_cKO
03_62_60	3.3814963113463903	7.22002033550432	Neurons	9	cKO	1.9880383384706533	Bae2025	mouse	SCN2A	1.9880383384706533	PN36_1_cKO
03_63_06	-4.45157229789128	-12.259428459814282	Astrocytes	4	cKO	0	Bae2025	mouse	SCN2A	0	PN36_1_cKO
03_63_55	8.857980848471025	-3.732327419927808	Oligodendrocytes	1	cKO	0	Bae2025	mouse	SCN2A	0	PN36_1_cKO
03_63_73	3.359590889135697	6.95640949566057	Neurons	9	cKO	2.587073549011954	Bae2025	mouse	SCN2A	2.587073549011954	PN36_1_cKO
03_63_87	-1.3433457005821678	8.990445655175952	Neurons	8	cKO	1.512888026458429	Bae2025	mouse	SCN2A	1.512888026458429	PN36_1_cKO
03_64_24	-1.906733034928939	5.245853942224291	Neurons	8	cKO	1.1089401757095856	Bae2025	mouse	SCN2A	1.1089401757095856	PN36_1_cKO
03_64_54	8.708686948934892	-3.093955713918897	Oligodendrocytes	1	cKO	0	Bae2025	mouse	SCN2A	0	PN36_1_cKO
03_64_57	-0.7730176437698815	8.085876982995776	Neurons	8	cKO	1.7589843329377142	Bae2025	mouse	SCN2A	1.7589843329377142	PN36_1_cKO
03_65_46	8.59986984840999	-3.4906246248991217	Oligodendrocytes	1	cKO	0	Bae2025	mouse	SCN2A	0	PN36_1_cKO
03_65_75	-0.09856894501080254	7.585573714563158	Neurons	8	cKO	1.739288865223306	Bae2025	mouse	SCN2A	1.739288865223306	PN36_1_cKO
03_65_93	2.2969306718505407	5.177793544122484	Neurons	9	cKO	1.4984248206508155	Bae2025	mouse	SCN2A	1.4984248206508155	PN36_1_cKO
03_66_25	3.333275676885941	5.826335948297289	Neurons	9	cKO	1.739449168142304	Bae2025	mouse	SCN2A	1.739449168142304	PN36_1_cKO
03_66_43	-4.665104268869063	-10.731009918859693	Astrocytes	4	cKO	0	Bae2025	mouse	SCN2A	0	PN36_1_cKO
03_66_70	-5.898867009957931	-11.526995140722486	Astrocytes	4	cKO	0	Bae2025	mouse	SCN2A	0	PN36_1_cKO
03_66_89	0.11012256256709356	3.9616651948182855	Neurons	7	cKO	1.6723560625336704	Bae2025	mouse	SCN2A	1.6723560625336704	PN36_1_cKO
03_67_20	-4.775150655587813	-12.071104485204907	Astrocytes	4	cKO	0	Bae2025	mouse	SCN2A	0	PN36_1_cKO
03_67_61	-1.8703451145493004	8.65505270321062	Neurons	8	cKO	1.6031477071686198	Bae2025	mouse	SCN2A	1.6031477071686198	PN36_1_cKO
03_67_67	-5.4176210153900595	-11.654680687597486	Astrocytes	4	cKO	0	Bae2025	mouse	SCN2A	0	PN36_1_cKO
03_68_03	-3.0914834726654505	-6.869845349004957	Neurons	10	cKO	0	Bae2025	mouse	SCN2A	0	PN36_1_cKO
03_68_07	-1.832318781694076	7.104729216882494	Neurons	8	cKO	1.5741911153371504	Bae2025	mouse	SCN2A	1.5741911153371504	PN36_1_cKO
03_68_10	-3.696155427774093	8.394174140283374	Neurons	8	cKO	1.8726629382345903	Bae2025	mouse	SCN2A	1.8726629382345903	PN36_1_cKO
03_69_02	-1.0005425799690697	8.72841982204607	Neurons	8	cKO	1.923350770089006	Bae2025	mouse	SCN2A	1.923350770089006	PN36_1_cKO
03_69_03	-6.790126680215499	-11.705313164404126	Astrocytes	4	cKO	0	Bae2025	mouse	SCN2A	0	PN36_1_cKO
03_70_06	-3.8489433515869593	-1.3624088351042	Neurons	2	cKO	1.450388978653788	Bae2025	mouse	SCN2A	1.450388978653788	PN36_1_cKO
03_70_79	0.48016953579554816	-6.381170231512281	Oligodendrocytes	3	cKO	0	Bae2025	mouse	SCN2A	0	PN36_1_cKO
03_70_96	-3.261558650811813	8.406131308862475	Neurons	8	cKO	1.2860558485779685	Bae2025	mouse	SCN2A	1.2860558485779685	PN36_1_cKO
03_71_04	-3.341653226693771	5.4635372575013905	Neurons	2	cKO	2.7342927074111145	Bae2025	mouse	SCN2A	2.7342927074111145	PN36_1_cKO
03_71_42	-2.8029049623810267	9.434070151635911	Neurons	8	cKO	1.1760824144865274	Bae2025	mouse	SCN2A	1.1760824144865274	PN36_1_cKO
03_71_52	7.602864385763505	-2.014906722715589	Oligodendrocytes	5	cKO	1.974792392281312	Bae2025	mouse	SCN2A	1.974792392281312	PN36_1_cKO
03_71_73	9.765880705038407	-2.1515446488172736	Oligodendrocytes	5	cKO	0	Bae2025	mouse	SCN2A	0	PN36_1_cKO
03_71_79	3.335801483312943	7.225937884637621	Neurons	9	cKO	1.6013801928409168	Bae2025	mouse	SCN2A	1.6013801928409168	PN36_1_cKO
03_72_22	2.513028265158036	6.6272921975343495	Neurons	9	cKO	1.0298573340592678	Bae2025	mouse	SCN2A	1.0298573340592678	PN36_1_cKO
03_72_33	0.7708338510192421	8.199760955163745	Neurons	8	cKO	1.7690691214988292	Bae2025	mouse	SCN2A	1.7690691214988292	PN36_1_cKO
03_73_53	-1.2849821437202904	8.042726081201343	Neurons	8	cKO	2.123625717617901	Bae2025	mouse	SCN2A	2.123625717617901	PN36_1_cKO
03_73_88	-0.9591276038490746	8.36653665859392	Neurons	8	cKO	2.0765673148287616	Bae2025	mouse	SCN2A	2.0765673148287616	PN36_1_cKO
03_74_15	6.605415464559892	-4.95551152866194	Oligodendrocytes	6	cKO	0	Bae2025	mouse	SCN2A	0	PN36_1_cKO
03_74_38	7.939935804525712	-3.5637116019041266	Oligodendrocytes	1	cKO	0	Bae2025	mouse	SCN2A	0	PN36_1_cKO
03_74_40	8.218626142660478	-4.157224852255079	Oligodendrocytes	1	cKO	0	Bae2025	mouse	SCN2A	0	PN36_1_cKO
03_74_51	0.9558379661239174	1.96368078548601	Neurons	7	cKO	0.46961395851257015	Bae2025	mouse	SCN2A	0.46961395851257015	PN36_1_cKO
03_74_58	-3.4325524557434535	7.670424502679613	Neurons	8	cKO	1.6517023736873442	Bae2025	mouse	SCN2A	1.6517023736873442	PN36_1_cKO
03_75_44	-5.408642648538253	-13.118617493322583	Astrocytes	4	cKO	0	Bae2025	mouse	SCN2A	0	PN36_1_cKO
03_75_55	2.3343454610503698	-5.335695702245924	Oligodendrocytes	3	cKO	0	Bae2025	mouse	SCN2A	0	PN36_1_cKO
03_75_74	-5.549322961648604	-11.987094360998364	Astrocytes	4	cKO	0	Bae2025	mouse	SCN2A	0	PN36_1_cKO
03_76_23	-0.593230484803817	7.582806628534105	Neurons	8	cKO	1.924324449924336	Bae2025	mouse	SCN2A	1.924324449924336	PN36_1_cKO
03_77_62	6.223089338461259	-12.142020661047193	Endothelial cells	4	cKO	0	Bae2025	mouse	SCN2A	0	PN36_1_cKO
03_77_74	-3.817832588037154	8.589861434289721	Neurons	2	cKO	2.11019855401879	Bae2025	mouse	SCN2A	2.11019855401879	PN36_1_cKO
03_78_41	-0.6388282615744088	7.361310046502855	Neurons	8	cKO	1.5558665304078467	Bae2025	mouse	SCN2A	1.5558665304078467	PN36_1_cKO
03_78_65	3.404221416632035	-5.026160198858473	Oligodendrocytes	6	cKO	0	Bae2025	mouse	SCN2A	0	PN36_1_cKO
03_78_86	2.696329237142899	-2.484653193166944	Oligodendrocytes	6	cKO	1.1278445059809783	Bae2025	mouse	SCN2A	1.1278445059809783	PN36_1_cKO
03_79_35	-11.602128862222337	-0.7441374842436042	Fibroblasts	4	cKO	1.6415560262698945	Bae2025	mouse	SCN2A	1.6415560262698945	PN36_1_cKO
03_79_80	-2.7206166971527552	8.27233557064226	Neurons	8	cKO	0	Bae2025	mouse	SCN2A	0	PN36_1_cKO
03_80_10	5.650861383596757	-5.169753510168287	Oligodendrocytes	6	cKO	0	Bae2025	mouse	SCN2A	0	PN36_1_cKO
03_80_37	7.438003183523515	-3.7538449351103034	Oligodendrocytes	1	cKO	0	Bae2025	mouse	SCN2A	0	PN36_1_cKO
03_80_72	-3.88609492667546	-6.48130269687483	Neurons	10	cKO	0	Bae2025	mouse	SCN2A	0	PN36_1_cKO
03_81_58	-3.76536738761296	-6.5363969389707774	Neurons	10	cKO	0	Bae2025	mouse	SCN2A	0	PN36_1_cKO
03_81_59	1.1205624353087928	8.469559233972339	Neurons	8	cKO	1.213940123894204	Bae2025	mouse	SCN2A	1.213940123894204	PN36_1_cKO
03_81_78	-1.88155186065068	6.828450244256762	Neurons	8	cKO	1.0017157375272028	Bae2025	mouse	SCN2A	1.0017157375272028	PN36_1_cKO
03_82_70	6.468589903036454	-4.791772324255201	Oligodendrocytes	6	cKO	0	Bae2025	mouse	SCN2A	0	PN36_1_cKO
03_84_56	-10.814079164346358	2.7589037831514154	Neurons	2	cKO	1.9355253093871887	Bae2025	mouse	SCN2A	1.9355253093871887	PN36_1_cKO
03_85_44	-4.126304744561812	-1.5028422657758918	Neurons	2	cKO	2.8090738407132876	Bae2025	mouse	SCN2A	2.8090738407132876	PN36_1_cKO
03_85_93	6.945637823263505	-4.4983486716062755	Oligodendrocytes	6	cKO	0	Bae2025	mouse	SCN2A	0	PN36_1_cKO
03_86_07	-1.1759276378952477	4.8149705346315175	Neurons	2	cKO	1.088319244507023	Bae2025	mouse	SCN2A	1.088319244507023	PN36_1_cKO
03_86_23	6.792072893301347	-4.540770012548658	Oligodendrocytes	6	cKO	0	Bae2025	mouse	SCN2A	0	PN36_1_cKO
03_86_45	-3.5955067861877894	8.879449408838061	Neurons	8	cKO	1.3456040272024614	Bae2025	mouse	SCN2A	1.3456040272024614	PN36_1_cKO
03_86_73	8.31140148750911	-3.928169924429151	Oligodendrocytes	1	cKO	0	Bae2025	mouse	SCN2A	0	PN36_1_cKO
03_87_20	3.039093614736893	7.08728746730974	Neurons	9	cKO	0.821775545690599	Bae2025	mouse	SCN2A	0.821775545690599	PN36_1_cKO
03_87_72	-5.010504125436446	-10.812854248693675	Astrocytes	4	cKO	0	Bae2025	mouse	SCN2A	0	PN36_1_cKO
03_87_75	-3.7084685552917938	-1.3229547325880255	Neurons	2	cKO	1.3697259347726578	Bae2025	mouse	SCN2A	1.3697259347726578	PN36_1_cKO
03_87_82	-2.678399204095504	9.168600600549487	Neurons	8	cKO	2.236242072016242	Bae2025	mouse	SCN2A	2.236242072016242	PN36_1_cKO
03_88_87	-5.67765176185002	-11.575047928503247	Astrocytes	4	cKO	2.2489911241421283	Bae2025	mouse	SCN2A	2.2489911241421283	PN36_1_cKO
03_89_40	-3.1744586218201136	6.714355986902025	Neurons	8	cKO	1.0311325446530262	Bae2025	mouse	SCN2A	1.0311325446530262	PN36_1_cKO
03_89_54	-6.546237348397872	-11.410477120092605	Astrocytes	4	cKO	0	Bae2025	mouse	SCN2A	0	PN36_1_cKO
03_89_63	-3.0634542692505335	6.8778343613832265	Neurons	8	cKO	1.8544104341897223	Bae2025	mouse	SCN2A	1.8544104341897223	PN36_1_cKO
03_90_16	0.3669761430419471	6.4390035088746815	Neurons	8	cKO	1.4187254721689946	Bae2025	mouse	SCN2A	1.4187254721689946	PN36_1_cKO
03_90_70	2.7454029332793737	-4.977549511602613	Oligodendrocytes	3	cKO	0	Bae2025	mouse	SCN2A	0	PN36_1_cKO
03_90_87	-6.693675397714278	-11.65278764407942	Astrocytes	4	cKO	0	Bae2025	mouse	SCN2A	0	PN36_1_cKO
03_92_43	8.268288732687333	-4.384596306493971	Oligodendrocytes	1	cKO	0	Bae2025	mouse	SCN2A	0	PN36_1_cKO
03_92_66	-4.632781385263106	-11.82186265628645	Astrocytes	4	cKO	0	Bae2025	mouse	SCN2A	0	PN36_1_cKO
03_93_17	1.7923153649962928	-2.9917511526853766	Astrocytes	5	cKO	0	Bae2025	mouse	SCN2A	0	PN36_1_cKO
03_93_30	-9.589885591348311	1.9474463875978263	Neurons	2	cKO	1.697140089553707	Bae2025	mouse	SCN2A	1.697140089553707	PN36_1_cKO
03_93_34	-4.954665063699386	-1.9793031994611945	Neurons	2	cKO	2.3412365796023864	Bae2025	mouse	SCN2A	2.3412365796023864	PN36_1_cKO
03_93_50	-3.014845012506149	6.696576636621264	Neurons	8	cKO	2.135666684336786	Bae2025	mouse	SCN2A	2.135666684336786	PN36_1_cKO
03_94_56	-5.3779295671783895	-11.24588437717268	Astrocytes	4	cKO	0	Bae2025	mouse	SCN2A	0	PN36_1_cKO
03_94_83	6.272693754354814	-11.677040535619946	Endothelial cells	4	cKO	0	Bae2025	mouse	SCN2A	0	PN36_1_cKO
03_94_90	-2.0221679199539637	8.323836844751147	Neurons	8	cKO	2.1545135824543853	Bae2025	mouse	SCN2A	2.1545135824543853	PN36_1_cKO
03_95_59	1.1292613755858925	-6.080838638952467	Oligodendrocytes	3	cKO	0	Bae2025	mouse	SCN2A	0	PN36_1_cKO
03_95_67	6.061920763174394	-12.02030893009016	Endothelial cells	4	cKO	0	Bae2025	mouse	SCN2A	0	PN36_1_cKO
03_96_85	7.276128889242509	-4.421742874792311	Oligodendrocytes	1	cKO	0	Bae2025	mouse	SCN2A	0	PN36_1_cKO
04_01_06	-4.7304052103363485	-12.495448548010083	Astrocytes	4	WT	0	Bae2025	mouse	SCN2A	0	PN36_2_Con
04_01_27	-5.55472695716252	-12.608091789892407	Astrocytes	4	WT	0	Bae2025	mouse	SCN2A	0	PN36_2_Con
04_03_04	8.864774824301103	-5.012580830267164	Oligodendrocytes	1	WT	0	Bae2025	mouse	SCN2A	0	PN36_2_Con
04_03_53	1.476151705900529	-5.625363308599684	Astrocytes	3	WT	0	Bae2025	mouse	SCN2A	0	PN36_2_Con
04_04_58	-2.948669074853561	9.78565458614519	Neurons	8	WT	2.2690080724591213	Bae2025	mouse	SCN2A	2.2690080724591213	PN36_2_Con
04_04_61	-5.560373185952804	-12.174491364172193	Astrocytes	4	WT	0	Bae2025	mouse	SCN2A	0	PN36_2_Con
04_04_71	-11.61605918296208	-0.7675439302236762	Fibroblasts	4	WT	0	Bae2025	mouse	SCN2A	0	PN36_2_Con
04_04_73	6.302445532003739	-11.817557770422193	Endothelial cells	4	WT	0	Bae2025	mouse	SCN2A	0	PN36_2_Con
04_05_42	6.869985700765946	-5.584753948858473	Oligodendrocytes	6	WT	0	Bae2025	mouse	SCN2A	0	PN36_2_Con
04_06_53	7.9427796613372355	-4.902022797277662	Oligodendrocytes	1	WT	1.466337068793427	Bae2025	mouse	SCN2A	1.466337068793427	PN36_2_Con
04_07_32	-5.539413331826827	-12.730694252660962	Astrocytes	4	WT	0	Bae2025	mouse	SCN2A	0	PN36_2_Con
04_08_81	-5.229525445779464	-12.240768868139478	Astrocytes	4	WT	0	Bae2025	mouse	SCN2A	0	PN36_2_Con
04_08_85	3.268214584509232	6.341899913141039	Neurons	9	WT	1.8198552327127588	Bae2025	mouse	SCN2A	1.8198552327127588	PN36_2_Con
04_08_95	-3.0592964876495814	8.005678695031909	Neurons	8	WT	1.8363080322880616	Bae2025	mouse	SCN2A	1.8363080322880616	PN36_2_Con
04_09_19	-6.209846853097579	-12.502671677282544	Astrocytes	4	WT	0	Bae2025	mouse	SCN2A	0	PN36_2_Con
04_09_43	3.213084102789262	7.319408934900072	Neurons	9	WT	0.8094054664649846	Bae2025	mouse	SCN2A	0.8094054664649846	PN36_2_Con
04_09_81	6.493017316976884	-5.428109127691481	Oligodendrocytes	6	WT	0	Bae2025	mouse	SCN2A	0	PN36_2_Con
04_10_12	0.4611334811843421	4.4223652299135	Neurons	8	WT	1.774109423931724	Bae2025	mouse	SCN2A	1.774109423931724	PN36_2_Con
04_10_19	-0.06511855014195184	4.2567196305482655	Neurons	7	WT	1.3392830475683295	Bae2025	mouse	SCN2A	1.3392830475683295	PN36_2_Con
04_10_62	9.779309393087724	-3.4643642489225592	Oligodendrocytes	1	WT	0	Bae2025	mouse	SCN2A	0	PN36_2_Con
04_10_66	8.505789877096513	-5.035376984289381	Oligodendrocytes	1	WT	0	Bae2025	mouse	SCN2A	0	PN36_2_Con
04_11_32	9.735129476705888	-3.328459459951612	Oligodendrocytes	1	WT	0	Bae2025	mouse	SCN2A	0	PN36_2_Con
04_12_20	-0.02769085653652886	2.861559670755175	Neurons	7	WT	0.8025162716317775	Bae2025	mouse	SCN2A	0.8025162716317775	PN36_2_Con
04_12_73	-2.4750982511841273	8.529131453820971	Neurons	8	WT	1.694837637725498	Bae2025	mouse	SCN2A	1.694837637725498	PN36_2_Con
04_12_81	9.478177190939286	-4.30458207767317	Oligodendrocytes	1	WT	0	Bae2025	mouse	SCN2A	0	PN36_2_Con
04_13_42	-3.453446506341598	8.361763518640307	Neurons	8	WT	2.0056426980951465	Bae2025	mouse	SCN2A	2.0056426980951465	PN36_2_Con
04_14_06	0.5244311701453712	3.858276408502367	Neurons	7	WT	1.7611760458559746	Bae2025	mouse	SCN2A	1.7611760458559746	PN36_2_Con
04_14_48	3.717278600851395	6.823232215234545	Neurons	9	WT	1.1475731158638114	Bae2025	mouse	SCN2A	1.1475731158638114	PN36_2_Con
04_16_20	-4.662136911233565	-12.895252663305492	Astrocytes	4	WT	0	Bae2025	mouse	SCN2A	0	PN36_2_Con
04_16_22	-2.2138019789062953	8.756270926782397	Neurons	8	WT	2.162665405425781	Bae2025	mouse	SCN2A	2.162665405425781	PN36_2_Con
04_16_25	2.134260774771073	4.968634169885424	Neurons	9	WT	1.7859498421315991	Bae2025	mouse	SCN2A	1.7859498421315991	PN36_2_Con
04_17_09	8.315634847799638	-5.054975468328688	Oligodendrocytes	1	WT	0	Bae2025	mouse	SCN2A	0	PN36_2_Con
04_17_87	-1.6357928503357384	7.709061663934496	Neurons	8	WT	1.45361862816558	Bae2025	mouse	SCN2A	1.45361862816558	PN36_2_Con
04_18_11	3.5385822068847204	-4.9966654364378185	Oligodendrocytes	6	WT	0.8502803690506132	Bae2025	mouse	SCN2A	0.8502803690506132	PN36_2_Con
04_18_55	1.279201270262101	3.3704204972474847	Neurons	7	WT	1.560220285064182	Bae2025	mouse	SCN2A	1.560220285064182	PN36_2_Con
04_19_05	-1.3273992527328942	8.072393935510425	Neurons	8	WT	1.8510854123550935	Bae2025	mouse	SCN2A	1.8510854123550935	PN36_2_Con
04_19_49	9.299939275900224	-4.734474617651197	Oligodendrocytes	1	WT	0	Bae2025	mouse	SCN2A	0	PN36_2_Con
04_20_04	-0.323382063587806	7.591885131189135	Neurons	8	WT	1.5369797383579615	Bae2025	mouse	SCN2A	1.5369797383579615	PN36_2_Con
04_20_30	-3.1655725229584193	-6.499304730108473	Neurons	10	WT	0	Bae2025	mouse	SCN2A	0	PN36_2_Con
04_21_21	-0.07029199488987664	3.717974704095629	Neurons	7	WT	1.9216832665051848	Bae2025	mouse	SCN2A	1.9216832665051848	PN36_2_Con
04_21_22	8.281546713034013	-4.34825940769026	Oligodendrocytes	1	WT	0	Bae2025	mouse	SCN2A	0	PN36_2_Con
04_21_71	3.6808911573089143	6.891458552667406	Neurons	9	WT	2.546412976290505	Bae2025	mouse	SCN2A	2.546412976290505	PN36_2_Con
04_22_11	-7.008930085977218	-11.59338708560774	Astrocytes	4	WT	1.3250652748836866	Bae2025	mouse	SCN2A	1.3250652748836866	PN36_2_Con
04_22_21	6.06251347176204	-12.654887634924146	Endothelial cells	4	WT	0	Bae2025	mouse	SCN2A	0	PN36_2_Con
04_22_93	7.906450391928056	-4.237363297155592	Oligodendrocytes	1	WT	1.4513894860695038	Bae2025	mouse	SCN2A	1.4513894860695038	PN36_2_Con
04_23_90	8.27948296181331	-5.211195904424879	Oligodendrocytes	1	WT	0	Bae2025	mouse	SCN2A	0	PN36_2_Con
04_25_88	-0.6570734221540901	5.925442736932543	Neurons	8	WT	1.703201120928327	Bae2025	mouse	SCN2A	1.703201120928327	PN36_2_Con
04_26_17	-1.1948984850250697	5.52727941829851	Neurons	8	WT	1.2975401908636386	Bae2025	mouse	SCN2A	1.2975401908636386	PN36_2_Con
04_26_41	8.613507391134599	-4.665657478979322	Oligodendrocytes	1	WT	1.541965874027338	Bae2025	mouse	SCN2A	1.541965874027338	PN36_2_Con
04_26_58	8.288498045126298	-1.517512160948011	Oligodendrocytes	5	WT	2.144046767021562	Bae2025	mouse	SCN2A	2.144046767021562	PN36_2_Con
04_27_22	1.6512883912719276	-3.110948521307203	Astrocytes	5	WT	1.5878716128141284	Bae2025	mouse	SCN2A	1.5878716128141284	PN36_2_Con
04_28_11	0.10689324251780769	7.472817939111498	Neurons	8	WT	0.9634838942819302	Bae2025	mouse	SCN2A	0.9634838942819302	PN36_2_Con
04_29_03	-3.522745250543258	9.429244559594895	Neurons	8	WT	2.169790291536596	Bae2025	mouse	SCN2A	2.169790291536596	PN36_2_Con
04_29_14	9.593357206503253	-4.371689278295729	Oligodendrocytes	1	WT	0	Bae2025	mouse	SCN2A	0	PN36_2_Con
04_29_20	-5.8775843370758505	-12.484823662451	Astrocytes	4	WT	0	Bae2025	mouse	SCN2A	0	PN36_2_Con
04_29_71	-5.305217145761153	-12.069706398657056	Astrocytes	4	WT	0	Bae2025	mouse	SCN2A	0	PN36_2_Con
04_31_43	8.86840832344661	-4.861544090917799	Oligodendrocytes	1	WT	0	Bae2025	mouse	SCN2A	0	PN36_2_Con
04_31_92	9.82405197731624	-4.066220719030592	Oligodendrocytes	1	WT	0	Bae2025	mouse	SCN2A	0	PN36_2_Con
04_33_94	-5.1069573152863	-12.870137650182937	Astrocytes	4	WT	0	Bae2025	mouse	SCN2A	0	PN36_2_Con
04_34_05	1.3066643487609413	6.332597773858812	Neurons	9	WT	1.5406284002568982	Bae2025	mouse	SCN2A	1.5406284002568982	PN36_2_Con
04_34_26	-4.09599220641484	-1.752356845548841	Neurons	2	WT	2.4905630075605165	Bae2025	mouse	SCN2A	2.4905630075605165	PN36_2_Con
04_36_73	-1.0378151524864647	7.831328433343676	Neurons	8	WT	0.9499991609685544	Bae2025	mouse	SCN2A	0.9499991609685544	PN36_2_Con
04_37_14	-0.10026588924755792	7.578214686700609	Neurons	8	WT	1.5422258218401774	Bae2025	mouse	SCN2A	1.5422258218401774	PN36_2_Con
04_37_26	2.8642102491057897	-2.463541943243238	Neurons	5	WT	0	Bae2025	mouse	SCN2A	0	PN36_2_Con
04_37_91	0.40196049324641486	-6.3592238013059825	Neurons	3	WT	0	Bae2025	mouse	SCN2A	0	PN36_2_Con
04_38_20	-5.539836763223311	-11.516854721716138	Astrocytes	4	WT	0	Bae2025	mouse	SCN2A	0	PN36_2_Con
04_40_75	6.344873548666337	-5.571356732061598	Oligodendrocytes	6	WT	0	Bae2025	mouse	SCN2A	0	PN36_2_Con
04_41_38	-9.56851565726628	2.6225302632539544	Neurons	2	WT	1.64661018821537	Bae2025	mouse	SCN2A	1.64661018821537	PN36_2_Con
04_42_06	9.868733526388503	-3.871996838262769	Oligodendrocytes	1	WT	1.5883364287440045	Bae2025	mouse	SCN2A	1.5883364287440045	PN36_2_Con
04_43_15	6.080909849325517	-12.328662354162429	Endothelial cells	4	WT	0	Bae2025	mouse	SCN2A	0	PN36_2_Con
04_43_57	-5.151975988229415	-13.005593735388013	Astrocytes	4	WT	0	Bae2025	mouse	SCN2A	0	PN36_2_Con
04_44_39	8.768410802999833	-4.735879856756422	Oligodendrocytes	1	WT	0	Bae2025	mouse	SCN2A	0	PN36_2_Con
04_44_94	-4.682059167703292	-12.775299507787915	Astrocytes	4	WT	2.275194606087437	Bae2025	mouse	SCN2A	2.275194606087437	PN36_2_Con
04_46_17	-1.1269819725357506	8.655646842309741	Neurons	8	WT	1.5756175644617303	Bae2025	mouse	SCN2A	1.5756175644617303	PN36_2_Con
04_46_59	3.5850535642303014	6.962076705285814	Neurons	9	WT	0.7758649509633051	Bae2025	mouse	SCN2A	0.7758649509633051	PN36_2_Con
04_47_84	-3.4320172060333705	-6.402672249487135	Neurons	10	WT	1.843136935157257	Bae2025	mouse	SCN2A	1.843136935157257	PN36_2_Con
04_48_92	2.102813602606156	-0.3271532986671653	Neurons	7	WT	1.4511392078839955	Bae2025	mouse	SCN2A	1.4511392078839955	PN36_2_Con
04_49_32	9.869425893942216	-1.9681111161024296	Oligodendrocytes	5	WT	0	Bae2025	mouse	SCN2A	0	PN36_2_Con
04_50_83	0.9808530818618324	-6.129598576238844	Oligodendrocytes	3	WT	0	Bae2025	mouse	SCN2A	0	PN36_2_Con
04_52_39	-0.0707830477558587	7.654170554467943	Neurons	8	WT	0.5287819073229687	Bae2025	mouse	SCN2A	0.5287819073229687	PN36_2_Con
04_52_60	-3.530707954248092	9.32337431270769	Neurons	8	WT	1.77001145356941	Bae2025	mouse	SCN2A	1.77001145356941	PN36_2_Con
04_53_10	0.4112726461089637	3.775239270517138	Neurons	7	WT	0.7986075241674394	Bae2025	mouse	SCN2A	0.7986075241674394	PN36_2_Con
04_53_14	-4.767183660348556	-12.352490860632154	Astrocytes	4	WT	0	Bae2025	mouse	SCN2A	0	PN36_2_Con
04_53_22	-3.810279725869796	-1.246303755453321	Neurons	2	WT	1.8585119697555192	Bae2025	mouse	SCN2A	1.8585119697555192	PN36_2_Con
04_53_25	0.8214005242980507	2.0524173196046624	Neurons	7	WT	1.3184773682978967	Bae2025	mouse	SCN2A	1.3184773682978967	PN36_2_Con
04_53_43	-2.038986800988815	6.884210627862719	Neurons	8	WT	2.297202841388466	Bae2025	mouse	SCN2A	2.297202841388466	PN36_2_Con
04_53_55	-1.367264806111953	8.513330024072436	Neurons	8	WT	0.5326454808670673	Bae2025	mouse	SCN2A	0.5326454808670673	PN36_2_Con
04_53_68	10.301691175619462	-1.8948032442838871	Oligodendrocytes	5	WT	0	Bae2025	mouse	SCN2A	0	PN36_2_Con
04_53_82	8.621647001425126	-4.9503798071653575	Oligodendrocytes	1	WT	0	Bae2025	mouse	SCN2A	0	PN36_2_Con
04_58_03	-3.512666820367477	8.921638053247241	Neurons	8	WT	1.8178972051149425	Bae2025	mouse	SCN2A	1.8178972051149425	PN36_2_Con
04_58_21	-2.3374567020737147	7.260251086541918	Neurons	8	WT	1.7105981762969276	Bae2025	mouse	SCN2A	1.7105981762969276	PN36_2_Con
04_58_90	0.8400706063903358	3.1252627785890374	Neurons	7	WT	1.813522039708644	Bae2025	mouse	SCN2A	1.813522039708644	PN36_2_Con
04_58_96	-4.019583820184371	-7.230757672003004	Neurons	10	WT	1.8101179008856203	Bae2025	mouse	SCN2A	1.8101179008856203	PN36_2_Con
04_59_84	0.07065367809901496	8.125217955896167	Neurons	8	WT	1.9264008842219504	Bae2025	mouse	SCN2A	1.9264008842219504	PN36_2_Con
04_59_95	-2.266669153054855	7.1615024026124745	Neurons	8	WT	1.5463701578663387	Bae2025	mouse	SCN2A	1.5463701578663387	PN36_2_Con
04_60_01	-0.21184503920902947	-6.467027622869703	Neurons	10	WT	0	Bae2025	mouse	SCN2A	0	PN36_2_Con
04_60_21	10.215030790487626	-2.516893345525953	Oligodendrocytes	5	WT	0	Bae2025	mouse	SCN2A	0	PN36_2_Con
04_60_85	-2.4614690531097865	7.680158656427172	Neurons	8	WT	1.4155291330269382	Bae2025	mouse	SCN2A	1.4155291330269382	PN36_2_Con
04_60_92	-5.7755664575897665	-12.035577255895824	Astrocytes	4	WT	0	Bae2025	mouse	SCN2A	0	PN36_2_Con
04_61_29	9.631281019369462	-4.491568047216627	Oligodendrocytes	1	WT	0	Bae2025	mouse	SCN2A	0	PN36_2_Con
04_61_55	7.228825212637284	-5.507225472143385	Oligodendrocytes	6	WT	0	Bae2025	mouse	SCN2A	0	PN36_2_Con
04_62_06	9.223668218771316	-4.553699928930494	Oligodendrocytes	1	WT	0	Bae2025	mouse	SCN2A	0	PN36_2_Con
04_62_59	0.8075109731353309	2.740721267053393	Neurons	7	WT	1.0536537432655178	Bae2025	mouse	SCN2A	1.0536537432655178	PN36_2_Con
04_63_85	6.886743189016679	-5.508852917364332	Oligodendrocytes	6	WT	0	Bae2025	mouse	SCN2A	0	PN36_2_Con
04_64_55	-3.5399464357696986	-6.407884079626295	Neurons	10	WT	0	Bae2025	mouse	SCN2A	0	PN36_2_Con
04_64_93	-5.040325998147628	-13.20806928317854	Astrocytes	4	WT	0	Bae2025	mouse	SCN2A	0	PN36_2_Con
04_65_27	2.485219837347367	-5.292682606390211	Oligodendrocytes	3	WT	0.9801006706965362	Bae2025	mouse	SCN2A	0.9801006706965362	PN36_2_Con
04_65_45	7.340115190664628	-5.557673889806959	Oligodendrocytes	1	WT	0	Bae2025	mouse	SCN2A	0	PN36_2_Con
04_66_33	-2.127662299951217	4.677991431543139	Neurons	8	WT	1.592144708515609	Bae2025	mouse	SCN2A	1.592144708515609	PN36_2_Con
04_66_72	0.825758339086869	8.500093978235034	Neurons	8	WT	1.819512283986751	Bae2025	mouse	SCN2A	1.819512283986751	PN36_2_Con
04_67_93	-5.402193425973556	-11.855534035375806	Astrocytes	4	WT	0	Bae2025	mouse	SCN2A	0	PN36_2_Con
04_68_57	1.1785082828200844	3.3360169347017083	Neurons	7	WT	1.9119895242021392	Bae2025	mouse	SCN2A	1.9119895242021392	PN36_2_Con
04_69_05	-5.200783609231612	-12.948745209387036	Astrocytes	4	WT	0	Bae2025	mouse	SCN2A	0	PN36_2_Con
04_69_85	10.045738340536454	-3.486072975805494	Oligodendrocytes	1	WT	0	Bae2025	mouse	SCN2A	0	PN36_2_Con
04_72_81	-3.595865129312179	9.667227309533862	Neurons	8	WT	1.8057849445825591	Bae2025	mouse	SCN2A	1.8057849445825591	PN36_2_Con
04_73_66	0.03770947567591926	7.384615939447191	Neurons	8	WT	1.204019473014921	Bae2025	mouse	SCN2A	1.204019473014921	PN36_2_Con
04_75_64	-2.116150616487167	4.454188865014818	Astrocytes	8	WT	0.7559755868726812	Bae2025	mouse	SCN2A	0.7559755868726812	PN36_2_Con
04_75_65	-5.976015924295089	-12.150280434301589	Astrocytes	4	WT	0	Bae2025	mouse	SCN2A	0	PN36_2_Con
04_76_57	-2.502112983544967	9.15684370357683	Neurons	8	WT	0.7926258613543155	Bae2025	mouse	SCN2A	0.7926258613543155	PN36_2_Con
04_76_58	0.9038676034606484	8.331061881372241	Neurons	8	WT	0	Bae2025	mouse	SCN2A	0	PN36_2_Con
04_76_69	-1.3995033491455529	7.887427848169115	Neurons	8	WT	1.6733402710986904	Bae2025	mouse	SCN2A	1.6733402710986904	PN36_2_Con
04_77_56	-5.925238965829513	-11.939925629308911	Astrocytes	4	WT	0	Bae2025	mouse	SCN2A	0	PN36_2_Con
04_78_74	-3.365901111444137	5.437865775415209	Neurons	2	WT	0	Bae2025	mouse	SCN2A	0	PN36_2_Con
04_78_93	-3.676724790414474	8.014040511438159	Neurons	8	WT	0.9414599752658056	Bae2025	mouse	SCN2A	0.9414599752658056	PN36_2_Con
04_79_59	3.497439027944901	-4.9974965636045665	Oligodendrocytes	6	WT	0	Bae2025	mouse	SCN2A	0	PN36_2_Con
04_79_82	3.6031619321502233	6.893498462030199	Neurons	9	WT	1.33834854188871	Bae2025	mouse	SCN2A	1.33834854188871	PN36_2_Con
04_81_24	9.892100454489093	-3.681082445791456	Oligodendrocytes	1	WT	0	Bae2025	mouse	SCN2A	0	PN36_2_Con
04_81_56	-5.473576425393722	-12.262242752721995	Astrocytes	4	WT	0	Bae2025	mouse	SCN2A	0	PN36_2_Con
04_82_74	-7.039437650521895	-11.559110123327466	Astrocytes	4	WT	0	Bae2025	mouse	SCN2A	0	PN36_2_Con
04_83_59	-3.3654307115875697	-0.9908910576612676	Neurons	2	WT	0	Bae2025	mouse	SCN2A	0	PN36_2_Con
04_84_10	-1.6634086359344933	8.65248636562517	Neurons	8	WT	2.191732369974995	Bae2025	mouse	SCN2A	2.191732369974995	PN36_2_Con
04_84_54	6.303511263052323	-5.542796570471022	Oligodendrocytes	6	WT	0	Bae2025	mouse	SCN2A	0	PN36_2_Con
04_85_43	-2.4714432943665003	8.533119719812182	Neurons	8	WT	1.4022156625699909	Bae2025	mouse	SCN2A	1.4022156625699909	PN36_2_Con
04_86_33	-0.5280038703285668	6.299349826165941	Neurons	8	WT	1.0855321221815823	Bae2025	mouse	SCN2A	1.0855321221815823	PN36_2_Con
04_86_74	10.119632841268876	-1.600876051595899	Oligodendrocytes	5	WT	0	Bae2025	mouse	SCN2A	0	PN36_2_Con
04_86_86	-5.850880025705001	-12.10615678470442	Astrocytes	4	WT	0	Bae2025	mouse	SCN2A	0	PN36_2_Con
04_88_19	-3.334981559594772	8.3537936623781	Neurons	8	WT	2.385413532359366	Bae2025	mouse	SCN2A	2.385413532359366	PN36_2_Con
04_89_94	6.230456949392655	-5.374893623998854	Oligodendrocytes	6	WT	0	Bae2025	mouse	SCN2A	0	PN36_2_Con
04_90_05	-1.867042421182296	6.025862735101488	Neurons	8	WT	1.4923109860732706	Bae2025	mouse	SCN2A	1.4923109860732706	PN36_2_Con
04_90_15	-3.731517909845016	-1.2498402182371344	Neurons	2	WT	1.5353579628665848	Bae2025	mouse	SCN2A	1.5353579628665848	PN36_2_Con
04_90_28	0.04545050970683356	2.9015381749360833	Neurons	7	WT	0	Bae2025	mouse	SCN2A	0	PN36_2_Con
04_90_66	0.12226349226603768	4.3130736764161854	Neurons	8	WT	1.1660065438487812	Bae2025	mouse	SCN2A	1.1660065438487812	PN36_2_Con
04_91_18	8.288169981161454	-5.2051333967954845	Oligodendrocytes	1	WT	1.7403342574206178	Bae2025	mouse	SCN2A	1.7403342574206178	PN36_2_Con
04_91_36	8.500542761007646	-5.1381263319761485	Oligodendrocytes	1	WT	0	Bae2025	mouse	SCN2A	0	PN36_2_Con
04_92_41	-5.531012414773604	-11.344343620947097	Astrocytes	4	WT	0	Bae2025	mouse	SCN2A	0	PN36_2_Con
04_93_50	-4.692879079660079	-12.725567299535962	Astrocytes	4	WT	0	Bae2025	mouse	SCN2A	0	PN36_2_Con
04_94_11	-0.9041837144695732	5.7007480080812245	Neurons	8	WT	1.437184866145584	Bae2025	mouse	SCN2A	1.437184866145584	PN36_2_Con
04_94_83	-4.873628496011397	-13.007999855688306	Astrocytes	4	WT	0	Bae2025	mouse	SCN2A	0	PN36_2_Con
05_01_27	-3.242539047082565	5.4704318459718495	Neurons	2	WT	2.1378083662564564	Bae2025	mouse	SCN2A	2.1378083662564564	PN36_2_Con
05_02_23	-4.913922189553878	-1.9343828741819584	Neurons	2	WT	2.7367645442381505	Bae2025	mouse	SCN2A	2.7367645442381505	PN36_2_Con
05_03_23	-4.5718969095550985	-12.545012909582349	Astrocytes	4	WT	0	Bae2025	mouse	SCN2A	0	PN36_2_Con
05_03_93	-5.006422399362227	-2.0239005867750373	Neurons	2	WT	2.4834870081235207	Bae2025	mouse	SCN2A	2.4834870081235207	PN36_2_Con
05_03_94	6.973894239584306	-5.405977684667799	Oligodendrocytes	6	WT	0	Bae2025	mouse	SCN2A	0	PN36_2_Con
05_04_48	-3.8536111105286097	-6.811501938513014	Neurons	10	WT	0	Bae2025	mouse	SCN2A	0	PN36_2_Con
05_04_70	-3.9494851816498255	-6.727309662512037	Neurons	10	WT	0	Bae2025	mouse	SCN2A	0	PN36_2_Con
05_04_86	1.0446515094436195	6.493994754144457	Neurons	8	WT	1.3022830488817068	Bae2025	mouse	SCN2A	1.3022830488817068	PN36_2_Con
05_05_50	1.5127500306762245	3.9704213555543695	Neurons	7	WT	1.7975233882778334	Bae2025	mouse	SCN2A	1.7975233882778334	PN36_2_Con
05_06_30	3.4264632474578405	5.656203311273363	Neurons	9	WT	1.0992460233879622	Bae2025	mouse	SCN2A	1.0992460233879622	PN36_2_Con
05_06_66	-1.7739878881775353	8.934380095788745	Neurons	8	WT	1.7513555679369224	Bae2025	mouse	SCN2A	1.7513555679369224	PN36_2_Con
05_07_55	-5.237106679757735	-12.850409943273757	Astrocytes	4	WT	0	Bae2025	mouse	SCN2A	0	PN36_2_Con
05_07_58	1.435911656538346	-5.828817326238844	Oligodendrocytes	3	WT	0	Bae2025	mouse	SCN2A	0	PN36_2_Con
05_07_70	-1.842249153932235	8.440762084314136	Neurons	8	WT	1.59833109456711	Bae2025	mouse	SCN2A	1.59833109456711	PN36_2_Con
05_07_81	-0.6497740287386391	8.93671659786394	Neurons	8	WT	1.034744865889769	Bae2025	mouse	SCN2A	1.034744865889769	PN36_2_Con
05_08_80	0.14400047175059577	3.4515502865999017	Neurons	7	WT	1.4543063998053316	Bae2025	mouse	SCN2A	1.4543063998053316	PN36_2_Con
05_08_95	10.250435949484208	-1.979719955137464	Oligodendrocytes	5	WT	0	Bae2025	mouse	SCN2A	0	PN36_2_Con
05_09_41	10.31816303841243	-1.8264047686369147	Oligodendrocytes	5	WT	0	Bae2025	mouse	SCN2A	0	PN36_2_Con
05_09_57	-3.630547164758346	9.543871444055346	Neurons	8	WT	0	Bae2025	mouse	SCN2A	0	PN36_2_Con
05_10_56	-1.890224932511947	7.100401919671801	Neurons	8	WT	0.7224313150371684	Bae2025	mouse	SCN2A	0.7224313150371684	PN36_2_Con
05_10_93	0.9974875461257484	-6.128514725378248	Oligodendrocytes	3	WT	0	Bae2025	mouse	SCN2A	0	PN36_2_Con
05_12_37	0.9903681289351968	3.0888619836061273	Neurons	7	WT	1.7003337941859065	Bae2025	mouse	SCN2A	1.7003337941859065	PN36_2_Con
05_12_50	10.2743960630096	-2.430240828207227	Oligodendrocytes	5	WT	0	Bae2025	mouse	SCN2A	0	PN36_2_Con
05_14_18	10.198095441976884	-1.460931736639234	Oligodendrocytes	5	WT	0	Bae2025	mouse	SCN2A	0	PN36_2_Con
05_14_67	1.4104754935897377	2.6266670640199457	Neurons	7	WT	0.851972646178119	Bae2025	mouse	SCN2A	0.851972646178119	PN36_2_Con
05_14_81	1.3603163968719032	2.5109908993928705	Neurons	7	WT	1.5944402416265886	Bae2025	mouse	SCN2A	1.5944402416265886	PN36_2_Con
05_16_23	6.1767321836150675	-12.159792381933425	Endothelial cells	4	WT	0	Bae2025	mouse	SCN2A	0	PN36_2_Con
05_17_26	2.0297375928557897	5.038484137841967	Neurons	9	WT	1.5829645789443494	Bae2025	mouse	SCN2A	1.5829645789443494	PN36_2_Con
05_17_31	6.078188062826493	-5.2727250639707774	Oligodendrocytes	6	WT	1.503300093977712	Bae2025	mouse	SCN2A	1.503300093977712	PN36_2_Con
05_18_71	9.65212357155452	-3.914027649572584	Oligodendrocytes	1	WT	0	Bae2025	mouse	SCN2A	0	PN36_2_Con
05_19_35	-2.6679366815887904	9.62206224758318	Neurons	8	WT	1.625195618012335	Bae2025	mouse	SCN2A	1.625195618012335	PN36_2_Con
05_19_89	9.690115095297196	-4.121786076238844	Oligodendrocytes	1	WT	0	Bae2025	mouse	SCN2A	0	PN36_2_Con
05_20_01	-6.651370405038497	-12.796918350866529	Astrocytes	4	WT	0	Bae2025	mouse	SCN2A	0	PN36_2_Con
05_21_39	-1.3156570185028529	7.092590373346117	Neurons	8	WT	1.6568674152699985	Bae2025	mouse	SCN2A	1.6568674152699985	PN36_2_Con
05_21_77	-4.796722768624923	-12.6046385351927	Astrocytes	4	WT	0	Bae2025	mouse	SCN2A	0	PN36_2_Con
05_22_50	-6.913487790902755	-11.623996216467114	Astrocytes	4	WT	0	Bae2025	mouse	SCN2A	0	PN36_2_Con
05_22_91	-10.800667642434735	2.7296333726136957	Neurons	2	WT	2.963201495103486	Bae2025	mouse	SCN2A	2.963201495103486	PN36_2_Con
05_23_33	-1.0956444729172203	5.026774924585131	Neurons	2	WT	0.8801384082861466	Bae2025	mouse	SCN2A	0.8801384082861466	PN36_2_Con
05_23_36	-1.1001207221352074	8.473419707605151	Neurons	8	WT	1.4550047253862468	Bae2025	mouse	SCN2A	1.4550047253862468	PN36_2_Con
05_24_39	-10.815932153543136	0.4762817438333306	Neurons	4	WT	0	Bae2025	mouse	SCN2A	0	PN36_2_Con
05_25_22	2.4462744008697057	-3.892168957403394	Astrocytes	6	WT	0	Bae2025	mouse	SCN2A	0	PN36_2_Con
05_25_23	-3.3295673120819544	8.308116477319507	Neurons	8	WT	2.3793162893953284	Bae2025	mouse	SCN2A	2.3793162893953284	PN36_2_Con
05_26_56	9.490289808431962	-4.233688790014479	Oligodendrocytes	1	WT	0	Bae2025	mouse	SCN2A	0	PN36_2_Con
05_26_84	-10.377134202798509	2.749165337869433	Neurons	2	WT	1.940614612252506	Bae2025	mouse	SCN2A	1.940614612252506	PN36_2_Con
05_27_24	-0.9575109470688316	7.366231005975512	Neurons	8	WT	1.1643553182538136	Bae2025	mouse	SCN2A	1.1643553182538136	PN36_2_Con
05_27_31	1.0291453611053016	1.9836316521852289	Neurons	7	WT	0.7664627425207089	Bae2025	mouse	SCN2A	0.7664627425207089	PN36_2_Con
05_27_39	0.6454198371566322	4.78022484142473	Neurons	8	WT	1.699273672484486	Bae2025	mouse	SCN2A	1.699273672484486	PN36_2_Con
05_29_44	6.349242807546952	-12.115032631567212	Endothelial cells	4	WT	0	Bae2025	mouse	SCN2A	0	PN36_2_Con
05_32_74	1.184190751234391	4.578460734674242	Neurons	7	WT	1.2572902767468133	Bae2025	mouse	SCN2A	1.2572902767468133	PN36_2_Con
05_33_68	8.536958814779618	-5.180604893377516	Oligodendrocytes	1	WT	0	Bae2025	mouse	SCN2A	0	PN36_2_Con
05_33_69	6.367611051718095	-5.635725456884596	Oligodendrocytes	6	WT	0	Bae2025	mouse	SCN2A	0	PN36_2_Con
05_33_70	-2.643777250131271	7.6705332215516835	Neurons	8	WT	1.4271712469869609	Bae2025	mouse	SCN2A	1.4271712469869609	PN36_2_Con
05_34_10	1.233278633276322	-5.772256809881422	Astrocytes	3	WT	0	Bae2025	mouse	SCN2A	0	PN36_2_Con
05_34_91	1.3949668418563392	3.304608863183764	Neurons	7	WT	0	Bae2025	mouse	SCN2A	0	PN36_2_Con
05_35_49	3.6078196775115514	6.636451762506273	Neurons	9	WT	1.36206132852324	Bae2025	mouse	SCN2A	1.36206132852324	PN36_2_Con
05_35_64	6.197366357961991	-5.2446817938596935	Oligodendrocytes	6	WT	0	Bae2025	mouse	SCN2A	0	PN36_2_Con
05_35_72	0.885992885748246	8.270034354516772	Neurons	8	WT	1.4051361729162726	Bae2025	mouse	SCN2A	1.4051361729162726	PN36_2_Con
05_35_84	-2.75657307990422	7.481123011895922	Neurons	8	WT	1.7456237433523665	Bae2025	mouse	SCN2A	1.7456237433523665	PN36_2_Con
05_35_87	7.467881323019364	-4.147627312353346	Oligodendrocytes	1	WT	0	Bae2025	mouse	SCN2A	0	PN36_2_Con
05_35_94	3.742715002218582	6.390641730615404	Neurons	9	WT	1.1529342506840243	Bae2025	mouse	SCN2A	1.1529342506840243	PN36_2_Con
05_36_18	1.1060566913283851	8.54804472286394	Neurons	8	WT	1.275217604043272	Bae2025	mouse	SCN2A	1.275217604043272	PN36_2_Con
05_37_09	9.025984884420732	-4.831760842016432	Oligodendrocytes	1	WT	0	Bae2025	mouse	SCN2A	0	PN36_2_Con
05_37_46	-2.333420037110946	7.645007174798754	Neurons	8	WT	1.5525297801622209	Bae2025	mouse	SCN2A	1.5525297801622209	PN36_2_Con
05_38_31	0.5990122567809608	4.577863734552172	Neurons	7	WT	1.3356468977534963	Bae2025	mouse	SCN2A	1.3356468977534963	PN36_2_Con
05_40_26	0.8657288562453773	8.351078551599292	Neurons	8	WT	1.0633629485350975	Bae2025	mouse	SCN2A	1.0633629485350975	PN36_2_Con
05_41_33	-2.26020073779454	8.870200675317554	Neurons	8	WT	1.8468941400626289	Bae2025	mouse	SCN2A	1.8468941400626289	PN36_2_Con
05_41_38	-9.36503016837468	2.582954686471728	Neurons	2	WT	2.3954745502413024	Bae2025	mouse	SCN2A	2.3954745502413024	PN36_2_Con
05_41_77	-3.143470167001388	-6.45279403369734	Neurons	10	WT	1.6040200041927075	Bae2025	mouse	SCN2A	1.6040200041927075	PN36_2_Con
05_42_19	9.982611776510575	-3.394792753866407	Oligodendrocytes	5	WT	0	Bae2025	mouse	SCN2A	0	PN36_2_Con
05_42_65	9.66369354836116	-3.870369393041822	Oligodendrocytes	1	WT	0	Bae2025	mouse	SCN2A	0	PN36_2_Con
05_44_45	6.214203954855302	-5.502730805090162	Oligodendrocytes	6	WT	1.153478368754051	Bae2025	mouse	SCN2A	1.153478368754051	PN36_2_Con
05_44_65	-1.1375941623054957	8.234357398340014	Neurons	8	WT	1.6651236035445582	Bae2025	mouse	SCN2A	1.6651236035445582	PN36_2_Con
05_44_82	1.5410507928527382	5.700288813897875	Neurons	9	WT	1.5541638837564775	Bae2025	mouse	SCN2A	1.5541638837564775	PN36_2_Con
05_45_60	1.1938939105666664	4.570314925500658	Neurons	7	WT	1.2874787660208595	Bae2025	mouse	SCN2A	1.2874787660208595	PN36_2_Con
05_45_61	-0.2194903779827569	8.385122817346362	Neurons	8	WT	1.461060281169753	Bae2025	mouse	SCN2A	1.461060281169753	PN36_2_Con
05_45_66	-1.152172683557174	7.325898688623217	Neurons	8	WT	1.957216835554524	Bae2025	mouse	SCN2A	1.957216835554524	PN36_2_Con
05_47_06	-0.6952767361008141	5.828323882409838	Neurons	8	WT	1.3756642665971026	Bae2025	mouse	SCN2A	1.3756642665971026	PN36_2_Con
05_47_14	10.075417638937331	-1.6333983723432746	Oligodendrocytes	5	WT	0	Bae2025	mouse	SCN2A	0	PN36_2_Con
05_48_23	-10.13134753592839	2.5089228566377435	Neurons	2	WT	2.9335160833731875	Bae2025	mouse	SCN2A	2.9335160833731875	PN36_2_Con
05_48_25	-3.022190450509689	6.898073237726	Neurons	8	WT	0.891611070703727	Bae2025	mouse	SCN2A	0.891611070703727	PN36_2_Con
05_48_52	6.261959673086503	-11.75055261295149	Endothelial cells	4	WT	0	Bae2025	mouse	SCN2A	0	PN36_2_Con
05_48_55	1.8710109006560829	-3.0620569769651618	Astrocytes	5	WT	0	Bae2025	mouse	SCN2A	0	PN36_2_Con
05_49_29	-4.7832545030914755	-12.24719567935774	Astrocytes	4	WT	0	Bae2025	mouse	SCN2A	0	PN36_2_Con
05_49_32	1.6653176557220009	6.283347647973803	Neurons	9	WT	1.5090660200706765	Bae2025	mouse	SCN2A	1.5090660200706765	PN36_2_Con
05_49_61	1.2299841653502968	8.691293280908374	Neurons	8	WT	0.7351411265132498	Bae2025	mouse	SCN2A	0.7351411265132498	PN36_2_Con
05_49_63	1.0573524247802284	8.393748801538257	Neurons	8	WT	1.410316936682023	Bae2025	mouse	SCN2A	1.410316936682023	PN36_2_Con
05_49_66	2.5902770768798375	-2.0407443825514044	Neurons	7	WT	1.131744322550568	Bae2025	mouse	SCN2A	1.131744322550568	PN36_2_Con
05_50_05	3.545135379949906	6.654479068109301	Neurons	9	WT	1.5740773497880858	Bae2025	mouse	SCN2A	1.5740773497880858	PN36_2_Con
05_50_17	-5.909179090341231	-12.10860582034895	Astrocytes	4	WT	0	Bae2025	mouse	SCN2A	0	PN36_2_Con
05_50_20	-5.41130244620671	-12.425610024145335	Astrocytes	4	WT	0	Bae2025	mouse	SCN2A	0	PN36_2_Con
05_50_46	1.4207276117003944	2.4051227982728753	Neurons	7	WT	0	Bae2025	mouse	SCN2A	0	PN36_2_Con
05_51_42	9.39173996559749	-4.450547653845045	Oligodendrocytes	1	WT	0	Bae2025	mouse	SCN2A	0	PN36_2_Con
05_52_16	7.803299070516923	-5.246386963537428	Oligodendrocytes	1	WT	0	Bae2025	mouse	SCN2A	0	PN36_2_Con
05_52_40	7.953054548422196	-4.088945109060499	Oligodendrocytes	1	WT	1.2601329934066277	Bae2025	mouse	SCN2A	1.2601329934066277	PN36_2_Con
05_52_63	7.265160680929521	-5.644655663183424	Oligodendrocytes	6	WT	0	Bae2025	mouse	SCN2A	0	PN36_2_Con
05_52_84	-5.052218793710372	-13.21428437869856	Astrocytes	4	WT	0	Bae2025	mouse	SCN2A	0	PN36_2_Con
05_53_92	-4.977677701791427	-12.516938645055982	Astrocytes	4	WT	0	Bae2025	mouse	SCN2A	0	PN36_2_Con
05_54_26	9.75801670662532	-3.7337112013609137	Oligodendrocytes	1	WT	0	Bae2025	mouse	SCN2A	0	PN36_2_Con
05_55_01	3.4584404241241	5.799053710290697	Neurons	9	WT	0.8256513517279379	Bae2025	mouse	SCN2A	0.8256513517279379	PN36_2_Con
05_55_27	-3.3433402765594935	9.40695528347185	Neurons	8	WT	1.7267123833877822	Bae2025	mouse	SCN2A	1.7267123833877822	PN36_2_Con
05_55_32	-3.8328419912659144	-1.5528951470167365	Neurons	2	WT	2.927917952586484	Bae2025	mouse	SCN2A	2.927917952586484	PN36_2_Con
05_55_51	1.0786987554229286	2.0843065198152337	Neurons	7	WT	1.7934280829974902	Bae2025	mouse	SCN2A	1.7934280829974902	PN36_2_Con
05_57_63	1.0783163320220497	8.523068946191577	Neurons	8	WT	1.0704906998977215	Bae2025	mouse	SCN2A	1.0704906998977215	PN36_2_Con
05_58_74	1.1890692721999672	4.894126456567553	Neurons	9	WT	1.448835835545894	Bae2025	mouse	SCN2A	1.448835835545894	PN36_2_Con
05_59_14	9.271452070394853	-4.643578964880201	Oligodendrocytes	1	WT	0	Bae2025	mouse	SCN2A	0	PN36_2_Con
05_59_46	-3.603288768609664	-6.396264034918043	Neurons	10	WT	0	Bae2025	mouse	SCN2A	0	PN36_2_Con
05_59_89	-3.1968775976501917	-7.064077336004469	Neurons	10	WT	0	Bae2025	mouse	SCN2A	0	PN36_2_Con
05_60_37	10.26019299141536	-2.0718733851225104	Oligodendrocytes	5	WT	1.4658244585710067	Bae2025	mouse	SCN2A	1.4658244585710067	PN36_2_Con
05_60_67	1.305527568975785	2.627513211557177	Neurons	7	WT	0	Bae2025	mouse	SCN2A	0	PN36_2_Con
05_60_77	-3.029401897271774	8.143888037988452	Neurons	8	WT	1.923616949301481	Bae2025	mouse	SCN2A	1.923616949301481	PN36_2_Con
05_62_73	-3.2431956518494105	9.300849479028493	Neurons	8	WT	1.8617180578349657	Bae2025	mouse	SCN2A	1.8617180578349657	PN36_2_Con
05_63_03	-2.770794032891891	7.337191623040941	Neurons	8	WT	1.864477370420229	Bae2025	mouse	SCN2A	1.864477370420229	PN36_2_Con
05_64_36	-3.480898736795089	-6.455987412145826	Neurons	10	WT	1.654433924726018	Bae2025	mouse	SCN2A	1.654433924726018	PN36_2_Con
05_65_07	-3.178164361795089	9.066813033410815	Neurons	8	WT	2.2700081014163116	Bae2025	mouse	SCN2A	2.2700081014163116	PN36_2_Con
05_65_11	0.6431356679595497	3.544292014428881	Neurons	7	WT	1.7580698114208255	Bae2025	mouse	SCN2A	1.7580698114208255	PN36_2_Con
05_65_61	10.19612228981624	-1.4485674683363166	Oligodendrocytes	5	WT	0.9769913527123826	Bae2025	mouse	SCN2A	0.9769913527123826	PN36_2_Con
05_66_80	9.3532534848846	-3.544601160696241	Oligodendrocytes	1	WT	0	Bae2025	mouse	SCN2A	0	PN36_2_Con
05_67_51	6.327755094686845	-11.698664147070142	Endothelial cells	4	WT	0	Bae2025	mouse	SCN2A	0	PN36_2_Con
05_67_92	-2.6496974218689417	7.719407599756029	Neurons	8	WT	0.7764982690191651	Bae2025	mouse	SCN2A	0.7764982690191651	PN36_2_Con
05_68_47	-5.711540101846358	-12.278595406225415	Astrocytes	4	WT	0	Bae2025	mouse	SCN2A	0	PN36_2_Con
05_68_49	0.20677834860453864	2.550867360421923	Neurons	7	WT	0.6525485568596661	Bae2025	mouse	SCN2A	0.6525485568596661	PN36_2_Con
05_68_61	10.039505125204425	-2.333020407369825	Oligodendrocytes	5	WT	0	Bae2025	mouse	SCN2A	0	PN36_2_Con
05_69_18	-5.435010312875411	-13.052178818395824	Astrocytes	4	WT	0	Bae2025	mouse	SCN2A	0	PN36_2_Con
05_69_37	10.221022726217608	-1.4841228310377326	Oligodendrocytes	5	WT	0	Bae2025	mouse	SCN2A	0	PN36_2_Con
05_69_40	-2.2888751018845057	9.38826517421892	Neurons	8	WT	2.3204453913360035	Bae2025	mouse	SCN2A	2.3204453913360035	PN36_2_Con
05_69_56	10.011932493368484	-1.2726480547697272	Oligodendrocytes	5	WT	1.9356521209073585	Bae2025	mouse	SCN2A	1.9356521209073585	PN36_2_Con
05_69_91	6.430994154135087	-5.53314824741194	Oligodendrocytes	6	WT	0	Bae2025	mouse	SCN2A	0	PN36_2_Con
05_70_47	-2.670541642984054	8.43922190029314	Neurons	8	WT	1.983592099147443	Bae2025	mouse	SCN2A	1.983592099147443	PN36_2_Con
05_71_16	-3.315584777673385	-6.344158608129713	Neurons	10	WT	0	Bae2025	mouse	SCN2A	0	PN36_2_Con
05_71_26	7.187129617849687	-4.459923226049635	Oligodendrocytes	6	WT	0	Bae2025	mouse	SCN2A	0	PN36_2_Con
05_71_80	-5.127692579110763	-12.64097352664778	Astrocytes	4	WT	0	Bae2025	mouse	SCN2A	0	PN36_2_Con
05_71_86	-0.2172577519022439	3.173656028100756	Neurons	7	WT	1.105819446414784	Bae2025	mouse	SCN2A	1.105819446414784	PN36_2_Con
05_72_11	-3.6787396658264617	-7.06371350925276	Neurons	10	WT	0	Bae2025	mouse	SCN2A	0	PN36_2_Con
05_72_71	9.969243169943192	-1.2795354906828131	Oligodendrocytes	5	WT	0	Bae2025	mouse	SCN2A	0	PN36_2_Con
05_72_74	-2.0155955541931605	7.660680812188891	Neurons	8	WT	1.8900760143116633	Bae2025	mouse	SCN2A	1.8900760143116633	PN36_2_Con
05_73_40	-1.8565583217941737	8.931514304467944	Neurons	8	WT	1.8111873967814716	Bae2025	mouse	SCN2A	1.8111873967814716	PN36_2_Con
05_73_49	0.14320528618464728	7.604804080316332	Neurons	8	WT	1.5628845333960346	Bae2025	mouse	SCN2A	1.5628845333960346	PN36_2_Con
05_73_72	-0.1278519023262475	8.651073973962573	Neurons	8	WT	0.898502235587417	Bae2025	mouse	SCN2A	0.898502235587417	PN36_2_Con
05_74_14	-6.783678888162276	-11.620734650305003	Astrocytes	4	WT	0	Bae2025	mouse	SCN2A	0	PN36_2_Con
05_74_29	-5.927862047036788	-11.849299866369458	Astrocytes	4	WT	0	Bae2025	mouse	SCN2A	0	PN36_2_Con
05_74_81	-5.803490995248458	-12.329503494909495	Astrocytes	4	WT	0	Bae2025	mouse	SCN2A	0	PN36_2_Con
05_75_92	-11.229385255654952	-1.2888503853590216	Astrocytes	4	WT	0	Bae2025	mouse	SCN2A	0	PN36_2_Con
05_76_24	-5.62981879599919	-12.491955238989089	Astrocytes	4	WT	0	Bae2025	mouse	SCN2A	0	PN36_2_Con
05_76_41	-2.613156913598678	6.6805172379701405	Neurons	8	WT	1.7620746187581204	Bae2025	mouse	SCN2A	1.7620746187581204	PN36_2_Con
05_76_67	2.1848651181853795	5.038426440545824	Neurons	9	WT	0.4014556979604739	Bae2025	mouse	SCN2A	0.4014556979604739	PN36_2_Con
05_76_83	1.2775807391799476	3.2143536027162347	Neurons	7	WT	1.6035440639840866	Bae2025	mouse	SCN2A	1.6035440639840866	PN36_2_Con
05_77_47	10.130954862753253	-3.1059729639799323	Oligodendrocytes	1	WT	0	Bae2025	mouse	SCN2A	0	PN36_2_Con
05_78_02	3.905796648184159	-5.007009464910719	Oligodendrocytes	6	WT	0	Bae2025	mouse	SCN2A	0	PN36_2_Con
05_78_19	-6.416345475991866	-12.846901375463696	Astrocytes	4	WT	0	Bae2025	mouse	SCN2A	0	PN36_2_Con
05_79_83	3.7821813832915807	-5.027641255071852	Oligodendrocytes	6	WT	0.9109837816412562	Bae2025	mouse	SCN2A	0.9109837816412562	PN36_2_Con
05_80_20	-5.123045801004073	-13.100530106237622	Astrocytes	4	WT	0	Bae2025	mouse	SCN2A	0	PN36_2_Con
05_80_25	1.9660996209777384	4.7420993264405995	Neurons	7	WT	1.5461666704459118	Bae2025	mouse	SCN2A	1.5461666704459118	PN36_2_Con
05_80_72	-10.532526849588058	1.15718082744768	Neurons	2	WT	0	Bae2025	mouse	SCN2A	0	PN36_2_Con
05_81_34	-2.215377568086288	4.869415324517992	Neurons	8	WT	1.1977555523592245	Bae2025	mouse	SCN2A	1.1977555523592245	PN36_2_Con
05_82_46	8.027063490072587	-1.7400317971021857	Oligodendrocytes	5	WT	0	Bae2025	mouse	SCN2A	0	PN36_2_Con
05_82_47	-2.2944025982223963	6.994426768609789	Neurons	8	WT	1.3390233127797748	Bae2025	mouse	SCN2A	1.3390233127797748	PN36_2_Con
05_83_35	1.0015184890426183	3.3619811948030267	Neurons	7	WT	1.7931497099635814	Bae2025	mouse	SCN2A	1.7931497099635814	PN36_2_Con
05_83_54	0.29712784401545783	-6.3726114813596935	Neurons	3	WT	0	Bae2025	mouse	SCN2A	0	PN36_2_Con
05_83_94	1.3260084401763466	3.2172823365419183	Neurons	7	WT	0.653764047647205	Bae2025	mouse	SCN2A	0.653764047647205	PN36_2_Con
05_84_46	-2.2398841369949793	8.521788161584643	Neurons	8	WT	2.095888989996992	Bae2025	mouse	SCN2A	2.095888989996992	PN36_2_Con
05_84_62	9.762170911947589	-3.5747675482542243	Oligodendrocytes	1	WT	0	Bae2025	mouse	SCN2A	0	PN36_2_Con
05_88_51	0.5665735017455604	3.5762207921235833	Neurons	7	WT	1.0467675564736345	Bae2025	mouse	SCN2A	1.0467675564736345	PN36_2_Con
05_88_84	0.6214131127990272	3.955792468377856	Neurons	7	WT	1.1098029137419911	Bae2025	mouse	SCN2A	1.1098029137419911	PN36_2_Con
05_89_27	-0.6076379258238289	7.663793128320482	Neurons	8	WT	1.1325278635241085	Bae2025	mouse	SCN2A	1.1325278635241085	PN36_2_Con
05_91_42	1.0525352965987709	3.1730974133699212	Neurons	7	WT	1.3356170643402536	Bae2025	mouse	SCN2A	1.3356170643402536	PN36_2_Con
05_92_34	9.880620123068192	-3.71399517696211	Oligodendrocytes	1	WT	0	Bae2025	mouse	SCN2A	0	PN36_2_Con
05_92_38	1.331801654020646	3.022431653329638	Neurons	7	WT	1.4817165963492642	Bae2025	mouse	SCN2A	1.4817165963492642	PN36_2_Con
05_92_39	-1.4432411778770895	5.751450579950121	Neurons	8	WT	1.9026181502201056	Bae2025	mouse	SCN2A	1.9026181502201056	PN36_2_Con
05_93_30	-9.606899141153	1.890966218301562	Neurons	2	WT	0	Bae2025	mouse	SCN2A	0	PN36_2_Con
05_93_58	9.82509243599544	-0.7465393130094733	Oligodendrocytes	5	WT	0	Bae2025	mouse	SCN2A	0	PN36_2_Con
05_94_08	-2.874602912744186	7.63233951885393	Neurons	8	WT	0.7974214758523532	Bae2025	mouse	SCN2A	0.7974214758523532	PN36_2_Con
05_94_17	9.908181310812331	-3.8214630667478766	Oligodendrocytes	1	WT	0	Bae2025	mouse	SCN2A	0	PN36_2_Con
05_95_77	-5.833862661203048	-12.454581696203444	Astrocytes	4	WT	0	Bae2025	mouse	SCN2A	0	PN36_2_Con
05_95_78	-2.9096366155945277	7.550317328759936	Neurons	8	WT	2.3256774347746623	Bae2025	mouse	SCN2A	2.3256774347746623	PN36_2_Con
05_96_69	-3.2669543016754603	8.003038924524096	Neurons	8	WT	1.7591832987934424	Bae2025	mouse	SCN2A	1.7591832987934424	PN36_2_Con
06_01_06	-4.269954799493453	-1.0994731966764657	Neurons	8	WT	2.3052800520182277	Bae2025	mouse	SCN2A	2.3052800520182277	PN36_2_Con
06_01_43	10.248834730306962	-1.9884677712232792	Oligodendrocytes	5	WT	0	Bae2025	mouse	SCN2A	0	PN36_2_Con
06_02_22	-1.4873912323318932	6.987563651391771	Neurons	8	WT	1.7366147325745058	Bae2025	mouse	SCN2A	1.7366147325745058	PN36_2_Con
06_02_54	-10.178377984841964	2.470290702173022	Neurons	2	WT	1.9081382792116832	Bae2025	mouse	SCN2A	1.9081382792116832	PN36_2_Con
06_02_56	-10.446644662698407	2.9107380326478753	Neurons	2	WT	1.936540404186496	Bae2025	mouse	SCN2A	1.936540404186496	PN36_2_Con
06_02_95	10.195391775289872	-1.870442587545606	Oligodendrocytes	5	WT	0	Bae2025	mouse	SCN2A	0	PN36_2_Con
06_03_53	-0.5839947748981926	7.047956031152514	Neurons	8	WT	1.1435276540398085	Bae2025	mouse	SCN2A	1.1435276540398085	PN36_2_Con
06_03_92	9.198263288656571	-3.0218507830412116	Oligodendrocytes	5	WT	0	Bae2025	mouse	SCN2A	0	PN36_2_Con
06_04_23	9.904117704550126	-3.9068438593656745	Oligodendrocytes	1	WT	0	Bae2025	mouse	SCN2A	0	PN36_2_Con
06_04_28	-1.411566256364486	5.775031131097582	Neurons	8	WT	1.757536414427951	Bae2025	mouse	SCN2A	1.757536414427951	PN36_2_Con
06_04_79	6.448126913229325	-5.447156864813063	Oligodendrocytes	6	WT	0	Bae2025	mouse	SCN2A	0	PN36_2_Con
06_05_75	9.967002988973954	-3.4619633738310065	Oligodendrocytes	1	WT	0	Bae2025	mouse	SCN2A	0	PN36_2_Con
06_06_44	9.43959152809749	-4.197398621252272	Oligodendrocytes	1	WT	0	Bae2025	mouse	SCN2A	0	PN36_2_Con
06_06_73	-1.4452174294792626	8.439844649621753	Neurons	8	WT	1.9958000467021144	Bae2025	mouse	SCN2A	1.9958000467021144	PN36_2_Con
06_06_87	1.5188155185378578	-5.796691376379225	Oligodendrocytes	3	WT	0	Bae2025	mouse	SCN2A	0	PN36_2_Con
06_07_09	-3.3144210565887904	-0.8680666271955695	Neurons	2	WT	2.028426192353601	Bae2025	mouse	SCN2A	2.028426192353601	PN36_2_Con
06_07_18	-4.941768049081466	-12.648489433935376	Astrocytes	4	WT	0	Bae2025	mouse	SCN2A	0	PN36_2_Con
06_08_17	7.475411535421708	-3.556663233450147	Oligodendrocytes	1	WT	1.0844164666799174	Bae2025	mouse	SCN2A	1.0844164666799174	PN36_2_Con
06_08_63	-10.057277559121747	2.816771548578051	Neurons	2	WT	0	Bae2025	mouse	SCN2A	0	PN36_2_Con
06_08_65	-2.8825362909637904	-6.916930634191725	Neurons	10	WT	1.5005869918365056	Bae2025	mouse	SCN2A	1.5005869918365056	PN36_2_Con
06_08_73	-9.76878249534001	2.612489026376513	Neurons	2	WT	1.9740293611205488	Bae2025	mouse	SCN2A	1.9740293611205488	PN36_2_Con
06_09_42	3.4994753610290075	6.702056449243334	Neurons	9	WT	1.1725290866934812	Bae2025	mouse	SCN2A	1.1725290866934812	PN36_2_Con
06_10_18	-0.2051824320160363	7.723313849756029	Neurons	8	WT	1.5331227848280584	Bae2025	mouse	SCN2A	1.5331227848280584	PN36_2_Con
06_10_46	-2.703648208459518	3.2345469411104	Neurons	8	WT	1.5739256930394292	Bae2025	mouse	SCN2A	1.5739256930394292	PN36_2_Con
06_11_08	-3.680743335565231	-6.672025639227125	Neurons	10	WT	1.6661670495986436	Bae2025	mouse	SCN2A	1.6661670495986436	PN36_2_Con
06_11_48	7.36212456337581	-5.473619896581861	Oligodendrocytes	6	WT	0	Bae2025	mouse	SCN2A	0	PN36_2_Con
06_12_28	9.163756490866044	-4.734438378027174	Oligodendrocytes	1	WT	0	Bae2025	mouse	SCN2A	0	PN36_2_Con
06_12_95	-4.681238054116866	-12.55867143314192	Astrocytes	4	WT	1.4951953148267552	Bae2025	mouse	SCN2A	1.4951953148267552	PN36_2_Con
06_13_14	-9.87275206931462	2.467034858056811	Neurons	2	WT	2.4480040787980135	Bae2025	mouse	SCN2A	2.4480040787980135	PN36_2_Con
06_13_16	-3.499960302194259	-7.248948055914137	Neurons	10	WT	1.1891072614610088	Bae2025	mouse	SCN2A	1.1891072614610088	PN36_2_Con
06_13_31	-2.754254459222458	7.732458155938891	Neurons	8	WT	1.160428525521377	Bae2025	mouse	SCN2A	1.160428525521377	PN36_2_Con
06_14_52	-9.562682031472823	2.808024209329394	Neurons	2	WT	0	Bae2025	mouse	SCN2A	0	PN36_2_Con
06_14_78	-10.81721007712712	3.017600577661303	Neurons	2	WT	0	Bae2025	mouse	SCN2A	0	PN36_2_Con
06_15_07	-2.818394063790939	9.800636809655932	Neurons	8	WT	1.6811229673057455	Bae2025	mouse	SCN2A	1.6811229673057455	PN36_2_Con
06_15_15	-2.0485043514572596	9.26559786159685	Neurons	8	WT	1.4403078810234538	Bae2025	mouse	SCN2A	1.4403078810234538	PN36_2_Con
06_15_30	8.485272527853349	-5.195419747045729	Oligodendrocytes	1	WT	0	Bae2025	mouse	SCN2A	0	PN36_2_Con
06_16_66	-6.19692838080754	-12.475466210058425	Astrocytes	4	WT	0	Bae2025	mouse	SCN2A	0	PN36_2_Con
06_17_36	-10.539785264810224	3.1516607220857416	Neurons	2	WT	0	Bae2025	mouse	SCN2A	0	PN36_2_Con
06_18_28	-0.8921083796822045	6.118379634210375	Neurons	8	WT	1.3842252071009546	Bae2025	mouse	SCN2A	1.3842252071009546	PN36_2_Con
06_18_38	-3.8354030836426234	-1.3664223734647956	Neurons	2	WT	1.9132894468672992	Bae2025	mouse	SCN2A	1.9132894468672992	PN36_2_Con
06_19_03	-10.246586679299972	2.935005467721728	Neurons	2	WT	1.941636638277931	Bae2025	mouse	SCN2A	1.941636638277931	PN36_2_Con
06_19_23	-1.331978498777053	7.956987899133471	Neurons	8	WT	1.3850207141973896	Bae2025	mouse	SCN2A	1.3850207141973896	PN36_2_Con
06_19_32	10.122223974386552	-1.3306260887891974	Oligodendrocytes	5	WT	0	Bae2025	mouse	SCN2A	0	PN36_2_Con
06_19_42	0.478931368509629	-6.30419202487776	Oligodendrocytes	3	WT	0	Bae2025	mouse	SCN2A	0	PN36_2_Con
06_19_68	-3.3595195997559046	5.356661837884691	Neurons	2	WT	1.017009357536722	Bae2025	mouse	SCN2A	1.017009357536722	PN36_2_Con
06_19_83	10.287930608908036	-2.178226191213819	Oligodendrocytes	5	WT	0	Bae2025	mouse	SCN2A	0	PN36_2_Con
06_20_76	-4.954172490914962	-2.0169523541242804	Neurons	2	WT	2.6933041293600835	Bae2025	mouse	SCN2A	2.6933041293600835	PN36_2_Con
06_21_24	1.165924550215104	2.760437768289355	Neurons	7	WT	2.0529912307432467	Bae2025	mouse	SCN2A	2.0529912307432467	PN36_2_Con
06_21_33	-0.3681153643928979	6.492081206628588	Neurons	8	WT	1.1913863883739528	Bae2025	mouse	SCN2A	1.1913863883739528	PN36_2_Con
06_21_79	-2.9113081682526087	7.8688340600221425	Neurons	8	WT	1.8208127420564333	Bae2025	mouse	SCN2A	1.8208127420564333	PN36_2_Con
06_22_85	6.095877290884355	-12.671334702184888	Endothelial cells	4	WT	0	Bae2025	mouse	SCN2A	0	PN36_2_Con
06_22_91	-10.679795144876143	2.7841773446290765	Neurons	2	WT	0	Bae2025	mouse	SCN2A	0	PN36_2_Con
06_23_33	0.06249314657817145	8.010973494836596	Neurons	8	WT	1.7425518781527645	Bae2025	mouse	SCN2A	1.7425518781527645	PN36_2_Con
06_23_34	-3.897073625405929	-6.996509987524244	Neurons	10	WT	1.4067374834318334	Bae2025	mouse	SCN2A	1.4067374834318334	PN36_2_Con
06_23_45	9.483389974752765	-4.411682087591383	Oligodendrocytes	1	WT	0	Bae2025	mouse	SCN2A	0	PN36_2_Con
06_24_28	-4.362784026940963	-1.431334215810987	Neurons	2	WT	1.4195568938051566	Bae2025	mouse	SCN2A	1.4195568938051566	PN36_2_Con
06_24_78	3.2402526151336217	6.965977233239916	Neurons	9	WT	1.6105909087505403	Bae2025	mouse	SCN2A	1.6105909087505403	PN36_2_Con
06_26_55	-1.3628546584450218	5.585829299279955	Neurons	8	WT	1.329369420854129	Bae2025	mouse	SCN2A	1.329369420854129	PN36_2_Con
06_26_84	-10.109392045816085	3.3427784856050287	Neurons	2	WT	0	Bae2025	mouse	SCN2A	0	PN36_2_Con
06_27_61	-1.9379287947021937	8.292333167382983	Neurons	8	WT	1.5359934679353529	Bae2025	mouse	SCN2A	1.5359934679353529	PN36_2_Con
06_28_87	-10.59638202079167	3.299465459176806	Neurons	2	WT	0	Bae2025	mouse	SCN2A	0	PN36_2_Con
06_29_05	-1.1165882337891075	6.510333579370287	Neurons	8	WT	1.487113367170268	Bae2025	mouse	SCN2A	1.487113367170268	PN36_2_Con
06_29_50	10.308509946981768	-2.5518476549894538	Oligodendrocytes	5	WT	0	Bae2025	mouse	SCN2A	0	PN36_2_Con
06_30_33	10.260470510641436	-2.4566349570066657	Oligodendrocytes	5	WT	0	Bae2025	mouse	SCN2A	0	PN36_2_Con
06_30_50	-2.6759465921722865	9.891240638086108	Neurons	8	WT	1.45730024932766	Bae2025	mouse	SCN2A	1.45730024932766	PN36_2_Con
06_30_75	-1.3278325188957665	8.026226561853198	Neurons	8	WT	1.1505173469338903	Bae2025	mouse	SCN2A	1.1505173469338903	PN36_2_Con
06_31_05	7.260021330038407	-5.498390156439039	Oligodendrocytes	6	WT	0.726157288170753	Bae2025	mouse	SCN2A	0.726157288170753	PN36_2_Con
06_31_46	-0.5178277704917404	8.628863852807788	Neurons	8	WT	1.383227218262825	Bae2025	mouse	SCN2A	1.383227218262825	PN36_2_Con
06_31_76	1.199260355154374	3.4105389531343255	Neurons	7	WT	1.1028748316660382	Bae2025	mouse	SCN2A	1.1028748316660382	PN36_2_Con
06_32_12	-10.381446718057296	2.7963414605348382	Neurons	2	WT	1.9534911639984016	Bae2025	mouse	SCN2A	1.9534911639984016	PN36_2_Con
06_32_77	-5.505853532632491	-12.361813027075025	Astrocytes	4	WT	1.2577855807616594	Bae2025	mouse	SCN2A	1.2577855807616594	PN36_2_Con
06_33_20	-11.18845260032048	-0.22385182570526269	Microglia	4	WT	0	Bae2025	mouse	SCN2A	0	PN36_2_Con
06_33_83	2.091808916250565	-5.504733521154615	Oligodendrocytes	3	WT	0	Bae2025	mouse	SCN2A	0	PN36_2_Con
06_34_87	4.184111715475419	-5.047270256689283	Oligodendrocytes	6	WT	0.712652211858837	Bae2025	mouse	SCN2A	0.712652211858837	PN36_2_Con
06_35_03	9.702129484335282	-3.9169623438627448	Oligodendrocytes	1	WT	0	Bae2025	mouse	SCN2A	0	PN36_2_Con
06_36_88	-3.5327230680786585	8.087191146203784	Neurons	8	WT	2.0025324023109743	Bae2025	mouse	SCN2A	2.0025324023109743	PN36_2_Con
06_37_48	-11.079960702737472	-1.6485203091413705	Astrocytes	4	WT	0	Bae2025	mouse	SCN2A	0	PN36_2_Con
06_37_75	-5.6997936952911825	-12.310931641271802	Astrocytes	4	WT	0	Bae2025	mouse	SCN2A	0	PN36_2_Con
06_38_17	-9.994902490457198	1.9762859757631095	Neurons	2	WT	1.9692398979596928	Bae2025	mouse	SCN2A	1.9692398979596928	PN36_2_Con
06_38_73	9.4950352918304	-4.470407921484205	Oligodendrocytes	1	WT	0	Bae2025	mouse	SCN2A	0	PN36_2_Con
06_38_89	-0.8650906968914482	8.950040381738452	Neurons	8	WT	1.610078219803504	Bae2025	mouse	SCN2A	1.610078219803504	PN36_2_Con
06_39_20	10.244650007406571	-1.8133459870130744	Oligodendrocytes	5	WT	0	Bae2025	mouse	SCN2A	0	PN36_2_Con
06_39_51	0.8929224025405433	3.963175338098315	Neurons	7	WT	1.4750007449515306	Bae2025	mouse	SCN2A	1.4750007449515306	PN36_2_Con
06_39_91	-3.6389762152039022	-6.770589310339186	Neurons	10	WT	1.569392210916289	Bae2025	mouse	SCN2A	1.569392210916289	PN36_2_Con
06_40_34	2.7304979573882604	6.115509074517992	Neurons	9	WT	1.809832970521795	Bae2025	mouse	SCN2A	1.809832970521795	PN36_2_Con
06_40_75	-3.4534476984344935	-7.376524407079908	Microglia	10	WT	0	Bae2025	mouse	SCN2A	0	PN36_2_Con
06_41_38	-9.120707391580243	2.6659613068788324	Neurons	8	WT	1.239878239348155	Bae2025	mouse	SCN2A	1.239878239348155	PN36_2_Con
06_41_44	2.2451118241942907	-0.4764479283601966	Neurons	6	WT	1.2843530484686705	Bae2025	mouse	SCN2A	1.2843530484686705	PN36_2_Con
06_41_45	9.577790380636552	-4.084165293386671	Oligodendrocytes	1	WT	0	Bae2025	mouse	SCN2A	0	PN36_2_Con
06_41_85	-0.3558017674886201	7.421513121911791	Neurons	8	WT	1.799825634205087	Bae2025	mouse	SCN2A	1.799825634205087	PN36_2_Con
06_43_12	1.2310022126830604	-5.986128765753004	Oligodendrocytes	3	WT	0	Bae2025	mouse	SCN2A	0	PN36_2_Con
06_43_26	9.219011427084306	-4.647133785894606	Oligodendrocytes	1	WT	0	Bae2025	mouse	SCN2A	0	PN36_2_Con
06_45_37	-11.403634904702804	-0.9395295564443792	Epithelial cells	4	WT	0	Bae2025	mouse	SCN2A	0	PN36_2_Con
06_45_74	9.499714971701003	-3.653526264837476	Oligodendrocytes	1	WT	0	Bae2025	mouse	SCN2A	0	PN36_2_Con
06_46_95	-5.50592553504338	-12.347064453771802	Astrocytes	4	WT	0	Bae2025	mouse	SCN2A	0	PN36_2_Con
06_47_20	10.168526769796708	-1.3665316883833136	Oligodendrocytes	5	WT	0	Bae2025	mouse	SCN2A	0	PN36_2_Con
06_47_66	-4.6234596956573935	-11.259027916601392	Astrocytes	4	WT	0	Bae2025	mouse	SCN2A	0	PN36_2_Con
06_48_18	8.95153820625911	-4.587304550817701	Oligodendrocytes	1	WT	0	Bae2025	mouse	SCN2A	0	PN36_2_Con
06_48_20	8.635552526632646	-4.990518528631422	Oligodendrocytes	1	WT	0	Bae2025	mouse	SCN2A	0	PN36_2_Con
06_48_23	-9.731303094705243	2.6636591370790277	Neurons	2	WT	0	Bae2025	mouse	SCN2A	0	PN36_2_Con
06_48_62	8.325407148519853	-5.184694248846266	Oligodendrocytes	1	WT	0	Bae2025	mouse	SCN2A	0	PN36_2_Con
06_48_71	8.16634476296077	-5.25276847522566	Oligodendrocytes	1	WT	0	Bae2025	mouse	SCN2A	0	PN36_2_Con
06_49_03	-1.5325051534973595	8.117761176416186	Neurons	8	WT	1.094804615600502	Bae2025	mouse	SCN2A	1.094804615600502	PN36_2_Con
06_49_31	-0.2770348478161309	7.791801017114428	Neurons	8	WT	1.0871451800173095	Bae2025	mouse	SCN2A	1.0871451800173095	PN36_2_Con
06_51_07	3.3848346482909704	5.677450698205736	Neurons	9	WT	0.7777681670527629	Bae2025	mouse	SCN2A	0.7777681670527629	PN36_2_Con
06_51_20	9.796388746420243	-3.995968300512525	Oligodendrocytes	1	WT	0	Bae2025	mouse	SCN2A	0	PN36_2_Con
06_51_73	6.255210519949296	-11.662966210058425	Endothelial cells	4	WT	0	Bae2025	mouse	SCN2A	0	PN36_2_Con
06_52_23	10.138157964865067	-1.2865970913679328	Oligodendrocytes	5	WT	0	Bae2025	mouse	SCN2A	0	PN36_2_Con
06_52_38	-1.6567265976273031	8.667502921411304	Neurons	8	WT	1.5808617435069017	Bae2025	mouse	SCN2A	1.5808617435069017	PN36_2_Con
06_52_53	0.8695530902541664	3.7140264924257074	Neurons	7	WT	1.7689130845560284	Bae2025	mouse	SCN2A	1.7689130845560284	PN36_2_Con
06_52_79	-3.5062991369568324	-6.423202950170729	Neurons	10	WT	0	Bae2025	mouse	SCN2A	0	PN36_2_Con
06_53_09	-9.488068460305833	1.9392490800111568	Neurons	2	WT	0	Bae2025	mouse	SCN2A	0	PN36_2_Con
06_54_17	-9.447303651651046	2.070627969095019	Neurons	2	WT	1.7383995735805224	Bae2025	mouse	SCN2A	1.7383995735805224	PN36_2_Con
06_54_21	1.313804985205033	6.453746360132006	Neurons	8	WT	1.5214787382693724	Bae2025	mouse	SCN2A	1.5214787382693724	PN36_2_Con
06_54_25	0.8582230817473915	4.36052326519182	Neurons	7	WT	1.973372597346705	Bae2025	mouse	SCN2A	1.973372597346705	PN36_2_Con
06_54_58	1.412444473425248	3.9660983498781	Neurons	7	WT	0.4190979617577705	Bae2025	mouse	SCN2A	0.4190979617577705	PN36_2_Con
06_54_64	0.06161207071910163	8.273026984521655	Neurons	8	WT	1.3291870116138649	Bae2025	mouse	SCN2A	1.3291870116138649	PN36_2_Con
06_54_84	8.368561865011552	-5.100774723699781	Oligodendrocytes	1	WT	0	Bae2025	mouse	SCN2A	0	PN36_2_Con
06_55_32	2.8734635125793004	-2.4685203615934577	Oligodendrocytes	5	WT	0	Bae2025	mouse	SCN2A	0	PN36_2_Con
06_55_39	0.8154494773543861	2.7320599969117914	Neurons	7	WT	1.558638225835831	Bae2025	mouse	SCN2A	1.558638225835831	PN36_2_Con
06_55_77	2.10219681374202	-0.32392996888467934	Neurons	7	WT	0	Bae2025	mouse	SCN2A	0	PN36_2_Con
06_56_36	7.824741483847001	-4.57148881595442	Oligodendrocytes	1	WT	0	Bae2025	mouse	SCN2A	0	PN36_2_Con
06_56_46	0.4896402966178443	4.716882747003344	Neurons	8	WT	1.0851783427808803	Bae2025	mouse	SCN2A	1.0851783427808803	PN36_2_Con
06_56_57	9.08913052193294	-4.819925266912672	Oligodendrocytes	1	WT	0	Bae2025	mouse	SCN2A	0	PN36_2_Con
06_57_16	-5.134405969461104	-12.462672669103831	Astrocytes	4	WT	0	Bae2025	mouse	SCN2A	0	PN36_2_Con
06_57_24	0.7336648713744667	8.237553160974292	Neurons	8	WT	1.372522770500845	Bae2025	mouse	SCN2A	1.372522770500845	PN36_2_Con
06_57_28	-1.4889618147217247	9.14195970852068	Neurons	8	WT	1.8583088829047656	Bae2025	mouse	SCN2A	1.8583088829047656	PN36_2_Con
06_57_44	-4.658970235665938	-12.02395291965315	Astrocytes	4	WT	0	Bae2025	mouse	SCN2A	0	PN36_2_Con
06_57_47	2.118032814184525	-0.3690081570656028	Neurons	7	WT	1.4093032110476162	Bae2025	mouse	SCN2A	1.4093032110476162	PN36_2_Con
06_57_96	10.293193937460282	-2.1335537020475592	Oligodendrocytes	5	WT	0	Bae2025	mouse	SCN2A	0	PN36_2_Con
06_58_37	-0.02887478359570244	7.43015913326433	Neurons	8	WT	1.367105580469022	Bae2025	mouse	SCN2A	1.367105580469022	PN36_2_Con
06_58_71	9.016435743490556	-4.711074310949537	Oligodendrocytes	1	WT	0	Bae2025	mouse	SCN2A	0	PN36_2_Con
06_58_74	-9.81279170401921	2.86585740406206	Neurons	2	WT	1.9607996208036005	Bae2025	mouse	SCN2A	1.9607996208036005	PN36_2_Con
06_59_03	7.630267263571122	-5.309516388586256	Oligodendrocytes	1	WT	0	Bae2025	mouse	SCN2A	0	PN36_2_Con
06_59_05	-1.6425179231964562	4.519678633996752	Neurons	8	WT	0.5831665380067711	Bae2025	mouse	SCN2A	0.5831665380067711	PN36_2_Con
06_59_41	0.18866050354609748	2.872888367959765	Neurons	7	WT	1.476027067094396	Bae2025	mouse	SCN2A	1.476027067094396	PN36_2_Con
06_60_04	7.52685034386287	-5.431622463873121	Oligodendrocytes	1	WT	0	Bae2025	mouse	SCN2A	0	PN36_2_Con
06_60_34	0.6649212848342445	2.604873936960009	Neurons	7	WT	1.292097250281944	Bae2025	mouse	SCN2A	1.292097250281944	PN36_2_Con
06_60_51	8.700698019186357	-4.876546341589186	Oligodendrocytes	1	WT	0	Bae2025	mouse	SCN2A	0	PN36_2_Con
06_61_54	-9.45594298728337	1.807942431756762	Neurons	2	WT	2.305921886458483	Bae2025	mouse	SCN2A	2.305921886458483	PN36_2_Con
06_62_41	8.043716550985673	-5.235340077093336	Oligodendrocytes	1	WT	0	Bae2025	mouse	SCN2A	0	PN36_2_Con
06_62_79	-4.981952546914718	-1.9952028576643197	Neurons	2	WT	2.9492359487069364	Bae2025	mouse	SCN2A	2.9492359487069364	PN36_2_Con
06_63_14	6.615244508901933	-5.525775868108961	Oligodendrocytes	6	WT	0	Bae2025	mouse	SCN2A	0	PN36_2_Con
06_63_54	9.130304456869462	-4.444018799474928	Oligodendrocytes	1	WT	0	Bae2025	mouse	SCN2A	0	PN36_2_Con
06_63_70	2.317591787496903	-0.3061504993946281	Neurons	5	WT	1.9118140333834408	Bae2025	mouse	SCN2A	1.9118140333834408	PN36_2_Con
06_64_10	-4.765327333291671	-11.436541039159986	Astrocytes	4	WT	1.3277079642873195	Bae2025	mouse	SCN2A	1.3277079642873195	PN36_2_Con
06_64_18	-4.973054765542647	-13.072491127660962	Astrocytes	4	WT	0	Bae2025	mouse	SCN2A	0	PN36_2_Con
06_65_23	5.445949197927812	-5.209133106878492	Oligodendrocytes	6	WT	0	Bae2025	mouse	SCN2A	0	PN36_2_Con
06_65_50	1.386277915159562	4.070594828912523	Neurons	7	WT	1.063263647730845	Bae2025	mouse	SCN2A	1.063263647730845	PN36_2_Con
06_65_83	-1.1205951560341332	8.826998275110034	Neurons	8	WT	1.8629124818916127	Bae2025	mouse	SCN2A	1.8629124818916127	PN36_2_Con
06_66_69	-1.6866892565094445	8.270525496789721	Neurons	8	WT	2.0266473476934266	Bae2025	mouse	SCN2A	2.0266473476934266	PN36_2_Con
06_67_33	7.045185209432939	-5.541550594976637	Oligodendrocytes	6	WT	0	Bae2025	mouse	SCN2A	0	PN36_2_Con
06_67_82	6.453350187460282	-5.582955795934889	Oligodendrocytes	6	WT	0	Bae2025	mouse	SCN2A	0	PN36_2_Con
06_68_19	-4.867144464334151	-12.02980180423567	Astrocytes	4	WT	0	Bae2025	mouse	SCN2A	0	PN36_2_Con
06_68_26	-1.353717743238113	7.148186724969652	Neurons	8	WT	1.8839838656366137	Bae2025	mouse	SCN2A	1.8839838656366137	PN36_2_Con
06_68_31	3.406602026144364	7.112058204004076	Neurons	9	WT	0.8584611263317857	Bae2025	mouse	SCN2A	0.8584611263317857	PN36_2_Con
06_68_56	-1.9343162763916464	8.877128165551929	Neurons	8	WT	1.4890953873353532	Bae2025	mouse	SCN2A	1.4890953873353532	PN36_2_Con
06_68_92	-3.8476127374969935	-7.499254662206861	Neurons	10	WT	1.6504540792059552	Bae2025	mouse	SCN2A	1.6504540792059552	PN36_2_Con
06_69_12	-1.9649217117630455	4.923367064782885	Neurons	8	WT	1.8684300302375765	Bae2025	mouse	SCN2A	1.8684300302375765	PN36_2_Con
06_70_51	-11.065378068765304	0.00709306854894492	Microglia	4	WT	0	Bae2025	mouse	SCN2A	0	PN36_2_Con
06_70_87	1.865724922338822	6.502412837335375	Neurons	9	WT	1.2210785839947629	Bae2025	mouse	SCN2A	1.2210785839947629	PN36_2_Con
06_71_43	-4.546126722177169	-12.61457677524397	Astrocytes	4	WT	0	Bae2025	mouse	SCN2A	0	PN36_2_Con
06_71_75	2.852703214804032	5.974531215020922	Neurons	9	WT	1.2344099625969205	Bae2025	mouse	SCN2A	1.2344099625969205	PN36_2_Con
06_72_26	10.1387120496429	-2.9350769106657233	Oligodendrocytes	5	WT	0	Bae2025	mouse	SCN2A	0	PN36_2_Con
06_72_54	-3.5706328142487025	-6.965573746374342	Neurons	10	WT	1.4513894860695038	Bae2025	mouse	SCN2A	1.4513894860695038	PN36_2_Con
06_72_69	-3.1949802625977015	7.674404185601976	Neurons	8	WT	1.5415809578852269	Bae2025	mouse	SCN2A	1.5415809578852269	PN36_2_Con
06_73_15	6.2135082494414835	-12.391974884680003	Endothelial cells	4	WT	0	Bae2025	mouse	SCN2A	0	PN36_2_Con
06_74_09	9.878265501180984	-0.8132640306265082	Oligodendrocytes	5	WT	0.8281115495923597	Bae2025	mouse	SCN2A	0.8281115495923597	PN36_2_Con
06_74_44	-2.325740217050216	5.23405842144182	Neurons	8	WT	1.1166201954360324	Bae2025	mouse	SCN2A	1.1166201954360324	PN36_2_Con
06_75_05	7.298739076773027	-5.508612591436598	Oligodendrocytes	6	WT	0	Bae2025	mouse	SCN2A	0	PN36_2_Con
06_75_27	-0.3823629159532998	-6.5334720198423595	Neurons	10	WT	0	Bae2025	mouse	SCN2A	0	PN36_2_Con
06_76_67	7.619358183065751	-4.620845276525709	Oligodendrocytes	1	WT	0	Bae2025	mouse	SCN2A	0	PN36_2_Con
06_77_22	1.2091876279510048	2.8832509930818353	Neurons	7	WT	1.2252456459161762	Bae2025	mouse	SCN2A	1.2252456459161762	PN36_2_Con
06_82_04	-4.853359578927657	-13.050740677526685	Astrocytes	4	WT	0	Bae2025	mouse	SCN2A	0	PN36_2_Con
06_83_36	-1.865535377343795	8.364322226831225	Neurons	8	WT	2.049860239523511	Bae2025	mouse	SCN2A	2.049860239523511	PN36_2_Con
06_84_07	-0.05603015311588982	7.783061545678881	Neurons	8	WT	1.3412086780022037	Bae2025	mouse	SCN2A	1.3412086780022037	PN36_2_Con
06_86_50	7.1379476796783	-5.577630001714918	Oligodendrocytes	6	WT	0	Bae2025	mouse	SCN2A	0	PN36_2_Con
06_87_18	-2.7453159082733607	7.434761088678148	Neurons	8	WT	1.7238681819962651	Bae2025	mouse	SCN2A	1.7238681819962651	PN36_2_Con
06_87_69	-1.1143206942879174	8.931108039209155	Neurons	8	WT	2.2475388907227716	Bae2025	mouse	SCN2A	2.2475388907227716	PN36_2_Con
06_88_56	1.950711132208207	6.209261458703783	Neurons	9	WT	1.4307720629737817	Bae2025	mouse	SCN2A	1.4307720629737817	PN36_2_Con
06_88_75	-10.554596780618333	2.973665993997362	Neurons	2	WT	0	Bae2025	mouse	SCN2A	0	PN36_2_Con
06_88_77	-5.833232759317061	-12.168882805517407	Astrocytes	4	WT	0	Bae2025	mouse	SCN2A	0	PN36_2_Con
06_88_89	1.0165190707839515	2.478172105142382	Neurons	7	WT	1.744999379168938	Bae2025	mouse	SCN2A	1.744999379168938	PN36_2_Con
06_88_95	1.1943008910811928	3.0747936185090814	Neurons	7	WT	1.2606761095640622	Bae2025	mouse	SCN2A	1.2606761095640622	PN36_2_Con
06_89_25	7.891250730673173	-1.9776860062391488	Oligodendrocytes	1	WT	0	Bae2025	mouse	SCN2A	0	PN36_2_Con
06_89_26	6.185007692495683	-11.888997513464185	Endothelial cells	4	WT	0	Bae2025	mouse	SCN2A	0	PN36_2_Con
06_90_01	1.013807893911698	3.0810223038881097	Neurons	7	WT	1.4579323738421386	Bae2025	mouse	SCN2A	1.4579323738421386	PN36_2_Con
06_90_19	1.6701270352996376	-3.0690686289579596	Astrocytes	5	WT	0	Bae2025	mouse	SCN2A	0	PN36_2_Con
06_90_28	-5.512457727273604	-12.675595719030593	Astrocytes	4	WT	0	Bae2025	mouse	SCN2A	0	PN36_2_Con
06_90_35	1.0151402961410072	2.6825237687318597	Neurons	7	WT	1.8560786483345957	Bae2025	mouse	SCN2A	1.8560786483345957	PN36_2_Con
06_90_73	1.4451771985686803	6.418577235528734	Neurons	9	WT	2.1120412561274593	Bae2025	mouse	SCN2A	2.1120412561274593	PN36_2_Con
06_90_85	-4.085264324029586	-1.526221591642591	Neurons	2	WT	2.839864038360886	Bae2025	mouse	SCN2A	2.839864038360886	PN36_2_Con
06_91_41	8.427339674154618	-4.469849545171949	Oligodendrocytes	1	WT	0	Bae2025	mouse	SCN2A	0	PN36_2_Con
06_92_42	1.3198004972137	2.716096204110888	Neurons	7	WT	1.8954816171634756	Bae2025	mouse	SCN2A	1.8954816171634756	PN36_2_Con
06_92_62	1.8506516229308632	-5.35956140201399	Astrocytes	3	WT	0	Bae2025	mouse	SCN2A	0	PN36_2_Con
06_92_86	-2.035701750596664	7.582254927942064	Neurons	8	WT	1.7373515482812456	Bae2025	mouse	SCN2A	1.7373515482812456	PN36_2_Con
06_93_30	-9.28866660483708	2.1844652112214837	Neurons	7	WT	0	Bae2025	mouse	SCN2A	0	PN36_2_Con
06_94_08	-6.421040414651534	-12.62278505008528	Astrocytes	4	WT	0	Bae2025	mouse	SCN2A	0	PN36_2_Con
06_95_18	1.1740947972930458	2.445409816095141	Neurons	7	WT	1.441764418215746	Bae2025	mouse	SCN2A	1.441764418215746	PN36_2_Con
06_95_38	8.928678632894853	-4.929495770147535	Oligodendrocytes	1	WT	0	Bae2025	mouse	SCN2A	0	PN36_2_Con
06_95_41	0.4521542798675086	4.253362220117357	Neurons	7	WT	0.9264416240580796	Bae2025	mouse	SCN2A	0.9264416240580796	PN36_2_Con
06_95_57	9.371216894308429	-4.525404411962721	Oligodendrocytes	1	WT	0	Bae2025	mouse	SCN2A	0	PN36_2_Con
06_96_13	3.789661050955155	6.735416930505541	Neurons	9	WT	2.0845038065103063	Bae2025	mouse	SCN2A	2.0845038065103063	PN36_2_Con
06_96_52	-4.687044500192306	-12.166333634069654	Astrocytes	4	WT	0	Bae2025	mouse	SCN2A	0	PN36_2_Con
06_96_81	-4.6532801378571005	-11.143371063879224	Astrocytes	4	WT	0	Bae2025	mouse	SCN2A	0	PN36_2_Con
06_96_84	8.944419981161454	-4.268639046362135	Oligodendrocytes	1	WT	0	Bae2025	mouse	SCN2A	0	PN36_2_Con
07_01_12	-4.473869203408858	-12.101886231115552	Astrocytes	4	cKO	0	Bae2025	mouse	SCN2A	0	PN36_3_cKO
07_01_49	9.003157735983232	-3.1759914938719	Oligodendrocytes	1	cKO	0	Bae2025	mouse	SCN2A	0	PN36_3_cKO
07_01_68	-2.857982515176437	7.709923785516527	Neurons	8	cKO	1.5569368556859338	Bae2025	mouse	SCN2A	1.5569368556859338	PN36_3_cKO
07_01_70	-4.598284124215743	-11.739147621801589	Astrocytes	4	cKO	0	Bae2025	mouse	SCN2A	0	PN36_3_cKO
07_01_81	9.033680082479814	-2.4070949141294684	Oligodendrocytes	5	cKO	1.594721874877616	Bae2025	mouse	SCN2A	1.594721874877616	PN36_3_cKO
07_01_84	9.162299276510575	-1.1372675482542245	Oligodendrocytes	5	cKO	0	Bae2025	mouse	SCN2A	0	PN36_3_cKO
07_02_25	-2.134398816903732	8.209528487512378	Neurons	8	cKO	2.4496632902817495	Bae2025	mouse	SCN2A	2.4496632902817495	PN36_3_cKO
07_02_49	-1.5480581510864708	5.845759433099535	Neurons	8	cKO	1.9581159605598273	Bae2025	mouse	SCN2A	1.9581159605598273	PN36_3_cKO
07_02_54	-9.7253016222321	2.4470191415040765	Neurons	2	cKO	1.7033585787531806	Bae2025	mouse	SCN2A	1.7033585787531806	PN36_3_cKO
07_02_56	-0.6122877884708855	5.208359759637621	Neurons	8	cKO	1.6560156094072662	Bae2025	mouse	SCN2A	1.6560156094072662	PN36_3_cKO
07_02_65	-0.2009616185032342	4.299657386132982	Neurons	7	cKO	1.4188886977778	Bae2025	mouse	SCN2A	1.4188886977778	PN36_3_cKO
07_02_82	-5.243646978219649	-11.517068344763013	Astrocytes	4	cKO	0	Bae2025	mouse	SCN2A	0	PN36_3_cKO
07_02_94	0.880257965246537	4.625704329797533	Neurons	7	cKO	1.6534548897386585	Bae2025	mouse	SCN2A	1.6534548897386585	PN36_3_cKO
07_02_95	0.22950792423854133	2.8119221146791253	Neurons	7	cKO	1.8313015956168095	Bae2025	mouse	SCN2A	1.8313015956168095	PN36_3_cKO
07_02_96	8.267389417806962	-4.556623894384596	Oligodendrocytes	1	cKO	0	Bae2025	mouse	SCN2A	0	PN36_3_cKO
07_03_12	1.0685738336242223	4.083098929712084	Neurons	7	cKO	1.6181343196042928	Bae2025	mouse	SCN2A	1.6181343196042928	PN36_3_cKO
07_03_24	5.9100133191741495	-5.21379895847151	Oligodendrocytes	6	cKO	1.3124265489347446	Bae2025	mouse	SCN2A	1.3124265489347446	PN36_3_cKO
07_03_25	-3.4612675894104457	-6.421519715002272	Neurons	10	cKO	2.564764761955913	Bae2025	mouse	SCN2A	2.564764761955913	PN36_3_cKO
07_03_46	-4.464037298043868	-11.597236115148757	Astrocytes	4	cKO	0	Bae2025	mouse	SCN2A	0	PN36_3_cKO
07_03_59	-6.986751912912032	-12.522924858740064	Astrocytes	4	cKO	0	Bae2025	mouse	SCN2A	0	PN36_3_cKO
07_03_69	1.1822465669311073	4.378882926294115	Neurons	7	cKO	1.6009865097045757	Bae2025	mouse	SCN2A	1.6009865097045757	PN36_3_cKO
07_03_74	0.15464055649409553	2.9777603562562738	Neurons	7	cKO	1.4250888252228675	Bae2025	mouse	SCN2A	1.4250888252228675	PN36_3_cKO
07_03_85	0.03615412227282783	3.15479521114519	Neurons	7	cKO	1.632742105539018	Bae2025	mouse	SCN2A	1.632742105539018	PN36_3_cKO
07_04_32	-4.985808729013106	-12.029065567663404	Astrocytes	4	cKO	0	Bae2025	mouse	SCN2A	0	PN36_3_cKO
07_04_43	8.949352384725907	-1.3384325091154303	Oligodendrocytes	5	cKO	0	Bae2025	mouse	SCN2A	0	PN36_3_cKO
07_04_91	-2.832420944055221	7.504595321008471	Neurons	8	cKO	2.03813899237332	Bae2025	mouse	SCN2A	2.03813899237332	PN36_3_cKO
07_05_34	-5.450346826394698	-10.882556397131175	Astrocytes	4	cKO	0	Bae2025	mouse	SCN2A	0	PN36_3_cKO
07_05_40	-3.383403896173141	8.456670325586108	Neurons	8	cKO	1.886775566313841	Bae2025	mouse	SCN2A	1.886775566313841	PN36_3_cKO
07_05_43	-3.455350278695724	8.656048339196948	Neurons	8	cKO	1.154221266132434	Bae2025	mouse	SCN2A	1.154221266132434	PN36_3_cKO
07_05_57	-5.085725187142989	-11.181252915075513	Astrocytes	4	cKO	0	Bae2025	mouse	SCN2A	0	PN36_3_cKO
07_05_67	9.348002554098466	-2.632043320348951	Oligodendrocytes	5	cKO	0	Bae2025	mouse	SCN2A	0	PN36_3_cKO
07_05_72	0.3268557202018287	3.708891433069018	Neurons	7	cKO	1.32663659977781	Bae2025	mouse	SCN2A	1.32663659977781	PN36_3_cKO
07_05_75	-11.417557596048018	-0.562716770580503	Microglia	4	cKO	0	Bae2025	mouse	SCN2A	0	PN36_3_cKO
07_05_82	-5.123865484079024	-12.509751755407544	Astrocytes	4	cKO	0	Bae2025	mouse	SCN2A	0	PN36_3_cKO
07_05_92	6.090851904074052	-11.77808423679182	Endothelial cells	4	cKO	0	Bae2025	mouse	SCN2A	0	PN36_3_cKO
07_05_96	0.2084416758216407	4.467269938775805	Neurons	7	cKO	1.591421336897131	Bae2025	mouse	SCN2A	1.591421336897131	PN36_3_cKO
07_06_15	-2.1536886680923915	9.180325072595386	Neurons	8	cKO	2.2622817936508013	Bae2025	mouse	SCN2A	2.2622817936508013	PN36_3_cKO
07_06_21	7.587838293234208	-2.4795207564146247	Oligodendrocytes	1	cKO	0	Bae2025	mouse	SCN2A	0	PN36_3_cKO
07_06_24	1.4082382928527382	-5.782312828710768	Oligodendrocytes	3	cKO	1.6226884900826706	Bae2025	mouse	SCN2A	1.6226884900826706	PN36_3_cKO
07_06_34	-1.8433072555862875	5.005747836419848	Neurons	8	cKO	1.5652389457382505	Bae2025	mouse	SCN2A	1.5652389457382505	PN36_3_cKO
07_06_42	-1.6924403894745323	6.988415282556322	Neurons	8	cKO	1.336039463918134	Bae2025	mouse	SCN2A	1.336039463918134	PN36_3_cKO
07_06_48	-2.7992497671448207	6.73749498684099	Neurons	8	cKO	1.1436247638853123	Bae2025	mouse	SCN2A	1.1436247638853123	PN36_3_cKO
07_06_56	-2.891436694940231	8.222810309716968	Neurons	8	cKO	1.5369319809097033	Bae2025	mouse	SCN2A	1.5369319809097033	PN36_3_cKO
07_06_68	1.569781423727372	-5.751938778570387	Oligodendrocytes	3	cKO	0	Bae2025	mouse	SCN2A	0	PN36_3_cKO
07_06_81	-5.2689207781158895	-13.162835556677075	Astrocytes	4	cKO	1.6279314235178908	Bae2025	mouse	SCN2A	1.6279314235178908	PN36_3_cKO
07_07_03	8.066423536459306	-1.815456587484571	Oligodendrocytes	5	cKO	0	Bae2025	mouse	SCN2A	0	PN36_3_cKO
07_07_09	-3.788901208718918	-1.2842069451124396	Neurons	2	cKO	1.9282068237555172	Bae2025	mouse	SCN2A	1.9282068237555172	PN36_3_cKO
07_07_10	6.8549033414519815	-3.71637817066023	Neurons	6	cKO	0	Bae2025	mouse	SCN2A	0	PN36_3_cKO
07_07_22	2.080491186300614	-0.20623532648989823	Neurons	7	cKO	1.732755125959624	Bae2025	mouse	SCN2A	1.732755125959624	PN36_3_cKO
07_07_30	-5.30420434363713	-11.674862343481276	Astrocytes	4	cKO	0	Bae2025	mouse	SCN2A	0	PN36_3_cKO
07_07_31	-3.94256842025151	-7.069497067144606	Neurons	10	cKO	1.550102362896106	Bae2025	mouse	SCN2A	1.550102362896106	PN36_3_cKO
07_07_41	3.795111776510575	6.522122901269701	Neurons	9	cKO	2.172174050212295	Bae2025	mouse	SCN2A	2.172174050212295	PN36_3_cKO
07_07_68	8.518293501058915	-3.1781832758695807	Oligodendrocytes	1	cKO	0	Bae2025	mouse	SCN2A	0	PN36_3_cKO
07_07_71	-2.0334018457733607	9.242147963830735	Neurons	8	cKO	1.5132193238343954	Bae2025	mouse	SCN2A	1.5132193238343954	PN36_3_cKO
07_07_76	2.6781419526732946	6.557334464380053	Neurons	9	cKO	2.085326236541605	Bae2025	mouse	SCN2A	2.085326236541605	PN36_3_cKO
07_08_21	0.7186353217757728	2.8436906750886712	Neurons	7	cKO	1.842001951693568	Bae2025	mouse	SCN2A	1.842001951693568	PN36_3_cKO
07_08_46	-0.2131485033833001	7.753924411126879	Neurons	8	cKO	1.3168087237672508	Bae2025	mouse	SCN2A	1.3168087237672508	PN36_3_cKO
07_08_63	-9.95758807547917	2.8186340745179925	Neurons	2	cKO	2.290613181935603	Bae2025	mouse	SCN2A	2.290613181935603	PN36_3_cKO
07_08_71	6.1581517469085245	-11.66657872836897	Endothelial cells	4	cKO	0.7598917847714558	Bae2025	mouse	SCN2A	0.7598917847714558	PN36_3_cKO
07_08_73	0.5307617794669655	4.579914134332445	Neurons	7	cKO	1.8118893750528036	Bae2025	mouse	SCN2A	1.8118893750528036	PN36_3_cKO
07_08_74	-3.234541057428024	5.375405829736498	Neurons	2	cKO	1.494658659656673	Bae2025	mouse	SCN2A	1.494658659656673	PN36_3_cKO
07_09_04	3.6451259862578897	-4.978139836004469	Oligodendrocytes	6	cKO	0	Bae2025	mouse	SCN2A	0	PN36_3_cKO
07_09_11	-2.65741217025151	3.2602820809572015	Neurons	8	cKO	1.7728459870920945	Bae2025	mouse	SCN2A	1.7728459870920945	PN36_3_cKO
07_09_18	-10.19727599509587	2.4794454987733636	Neurons	2	cKO	2.5731111538359452	Bae2025	mouse	SCN2A	2.5731111538359452	PN36_3_cKO
07_09_22	-1.900740979989669	5.14367346126726	Neurons	8	cKO	0.5203642579668462	Bae2025	mouse	SCN2A	0.5203642579668462	PN36_3_cKO
07_09_27	-3.773145793756149	-7.172777611425611	Neurons	10	cKO	1.468906443279913	Bae2025	mouse	SCN2A	1.468906443279913	PN36_3_cKO
07_10_11	-0.8597472298943016	6.434741061517504	Neurons	8	cKO	1.8752690096033937	Bae2025	mouse	SCN2A	1.8752690096033937	PN36_3_cKO
07_10_29	-1.910098790010116	9.020274680444508	Neurons	8	cKO	2.053043463584485	Bae2025	mouse	SCN2A	2.053043463584485	PN36_3_cKO
07_10_53	-2.644131540139816	3.249235909768847	Neurons	8	cKO	0	Bae2025	mouse	SCN2A	0	PN36_3_cKO
07_10_87	-1.785688637574813	6.87894539196184	Neurons	8	cKO	1.72477706535006	Bae2025	mouse	SCN2A	1.72477706535006	PN36_3_cKO
07_10_93	-5.693138002236983	-11.334915596655105	Astrocytes	4	cKO	0	Bae2025	mouse	SCN2A	0	PN36_3_cKO
07_12_41	9.200533987203936	-2.865686375311109	Oligodendrocytes	1	cKO	1.5696934700733811	Bae2025	mouse	SCN2A	1.5696934700733811	PN36_3_cKO
07_12_58	-3.9649082411133265	-6.95471807163069	Neurons	10	cKO	1.4496396559689362	Bae2025	mouse	SCN2A	1.4496396559689362	PN36_3_cKO
07_12_59	8.321189047018388	-3.672822672537061	Oligodendrocytes	1	cKO	0	Bae2025	mouse	SCN2A	0	PN36_3_cKO
07_12_64	-5.136449216684005	-13.185413796117992	Astrocytes	4	cKO	0	Bae2025	mouse	SCN2A	0	PN36_3_cKO
07_13_01	6.161635996023515	-12.1288723532469	Endothelial cells	4	cKO	0	Bae2025	mouse	SCN2A	0	PN36_3_cKO
07_13_14	-9.834440111001632	2.82585815746477	Neurons	2	cKO	2.3579609514553064	Bae2025	mouse	SCN2A	2.3579609514553064	PN36_3_cKO
07_13_17	-0.09346982725491264	3.252862494775561	Neurons	7	cKO	1.0216891749862478	Bae2025	mouse	SCN2A	1.0216891749862478	PN36_3_cKO
07_13_44	8.31102192513118	-3.753478247335645	Oligodendrocytes	1	cKO	0	Bae2025	mouse	SCN2A	0	PN36_3_cKO
07_13_46	0.9305716764129188	-6.088744599035475	Oligodendrocytes	3	cKO	0	Bae2025	mouse	SCN2A	0	PN36_3_cKO
07_13_74	0.25380110851893684	-6.32847591083357	Neurons	3	cKO	0	Bae2025	mouse	SCN2A	0	PN36_3_cKO
07_14_52	-9.62249743827214	2.9291589673249994	Neurons	2	cKO	1.6043374869684417	Bae2025	mouse	SCN2A	1.6043374869684417	PN36_3_cKO
07_14_61	9.358992696920732	-2.8781311098844733	Oligodendrocytes	1	cKO	0	Bae2025	mouse	SCN2A	0	PN36_3_cKO
07_14_72	-6.311001657327315	-12.756655174902171	Astrocytes	4	cKO	0	Bae2025	mouse	SCN2A	0	PN36_3_cKO
07_14_78	-10.685234903176925	2.8870420869081292	Neurons	2	cKO	0	Bae2025	mouse	SCN2A	0	PN36_3_cKO
07_14_89	0.3923362504638221	2.638820451089648	Neurons	7	cKO	0.9539388472145836	Bae2025	mouse	SCN2A	0.9539388472145836	PN36_3_cKO
07_15_17	8.830692411581376	-3.092529017141554	Oligodendrocytes	1	cKO	0	Bae2025	mouse	SCN2A	0	PN36_3_cKO
07_15_35	-4.74570882209172	-10.609623390844556	Astrocytes	4	cKO	0	Bae2025	mouse	SCN2A	0	PN36_3_cKO
07_15_45	-2.053692458947799	9.104309600183276	Neurons	8	cKO	1.6751013159503514	Bae2025	mouse	SCN2A	1.6751013159503514	PN36_3_cKO
07_15_82	-0.47779368870486955	7.306462806054857	Neurons	8	cKO	1.4880822601137882	Bae2025	mouse	SCN2A	1.4880822601137882	PN36_3_cKO
07_16_18	-4.183447240670821	-1.640751916578504	Neurons	2	cKO	2.8354750422356023	Bae2025	mouse	SCN2A	2.8354750422356023	PN36_3_cKO
07_16_23	-2.6689187277161097	9.375028174707202	Neurons	8	cKO	1.8891939196134608	Bae2025	mouse	SCN2A	1.8891939196134608	PN36_3_cKO
07_16_52	9.437217832723954	-1.5688858811170785	Oligodendrocytes	5	cKO	0	Bae2025	mouse	SCN2A	0	PN36_3_cKO
07_17_04	-0.8749332714878533	6.6218977387635976	Neurons	8	cKO	1.778578453397334	Bae2025	mouse	SCN2A	1.778578453397334	PN36_3_cKO
07_17_36	0.10431915632853768	6.885119479486254	Neurons	8	cKO	1.86375368649235	Bae2025	mouse	SCN2A	1.86375368649235	PN36_3_cKO
07_17_43	-3.990975736459396	-7.1781959120542735	Neurons	10	cKO	0	Bae2025	mouse	SCN2A	0	PN36_3_cKO
07_17_44	0.5811240684188392	8.081475776025561	Neurons	8	cKO	0	Bae2025	mouse	SCN2A	0	PN36_3_cKO
07_17_92	0.24579465500483771	3.751476567575243	Neurons	7	cKO	1.4221773264021078	Bae2025	mouse	SCN2A	1.4221773264021078	PN36_3_cKO
07_18_05	6.256694914022782	-11.64084287326643	Endothelial cells	4	cKO	0	Bae2025	mouse	SCN2A	0	PN36_3_cKO
07_18_11	0.3474591385520484	3.5069797452180658	Neurons	7	cKO	1.5398629499304868	Bae2025	mouse	SCN2A	1.5398629499304868	PN36_3_cKO
07_18_13	-2.6431123007141566	6.815082591363695	Neurons	8	cKO	2.053018138129491	Bae2025	mouse	SCN2A	2.053018138129491	PN36_3_cKO
07_18_25	-10.039158700784348	3.128109019586352	Neurons	8	cKO	0	Bae2025	mouse	SCN2A	0	PN36_3_cKO
07_18_51	-2.6784957636200404	7.796473067590502	Neurons	8	cKO	2.2487498613871453	Bae2025	mouse	SCN2A	2.2487498613871453	PN36_3_cKO
07_18_62	0.8427093040145424	3.483162206002978	Neurons	7	cKO	1.639851766631406	Bae2025	mouse	SCN2A	1.639851766631406	PN36_3_cKO
07_18_78	8.721281171957353	-2.961459833791944	Oligodendrocytes	1	cKO	0	Bae2025	mouse	SCN2A	0	PN36_3_cKO
07_19_01	8.382618070761064	-1.7196648899824347	Neurons	5	cKO	1.046287996163692	Bae2025	mouse	SCN2A	1.046287996163692	PN36_3_cKO
07_19_03	-9.869356988748214	2.6558463986604486	Neurons	2	cKO	2.393814374779738	Bae2025	mouse	SCN2A	2.393814374779738	PN36_3_cKO
07_19_23	0.8327877532638099	4.023514312097338	Neurons	7	cKO	1.5321955374039862	Bae2025	mouse	SCN2A	1.5321955374039862	PN36_3_cKO
07_19_48	3.104128481069901	5.716230433770922	Neurons	9	cKO	1.6786370530507029	Bae2025	mouse	SCN2A	1.6786370530507029	PN36_3_cKO
07_19_57	8.932987333456376	-3.1642624918729987	Oligodendrocytes	1	cKO	0	Bae2025	mouse	SCN2A	0	PN36_3_cKO
07_19_71	0.43833291641841193	4.186142485925463	Neurons	7	cKO	1.4819324834521903	Bae2025	mouse	SCN2A	1.4819324834521903	PN36_3_cKO
07_19_78	7.9681702863372355	-3.76012178104231	Oligodendrocytes	1	cKO	0	Bae2025	mouse	SCN2A	0	PN36_3_cKO
07_19_79	6.169795633474687	-11.72528405826399	Endothelial cells	4	cKO	1.0341019628110533	Bae2025	mouse	SCN2A	1.0341019628110533	PN36_3_cKO
07_19_81	-3.176649450143478	8.363873999902514	Neurons	8	cKO	1.6486424719338286	Bae2025	mouse	SCN2A	1.6486424719338286	PN36_3_cKO
07_19_82	-2.07451844104161	7.762705367395189	Neurons	8	cKO	2.6893806641515647	Bae2025	mouse	SCN2A	2.6893806641515647	PN36_3_cKO
07_20_27	-1.7359943378769371	5.040954631158617	Neurons	8	cKO	1.4361093780564524	Bae2025	mouse	SCN2A	1.4361093780564524	PN36_3_cKO
07_20_59	-3.2229014623962855	6.5716000016420155	Neurons	8	cKO	1.761974720896608	Bae2025	mouse	SCN2A	1.761974720896608	PN36_3_cKO
07_20_71	1.0190736066497352	6.38380150158098	Neurons	8	cKO	1.9269522353106991	Bae2025	mouse	SCN2A	1.9269522353106991	PN36_3_cKO
07_20_82	-3.699759363015792	-1.3149474446088996	Neurons	2	cKO	2.567260161493852	Bae2025	mouse	SCN2A	2.567260161493852	PN36_3_cKO
07_20_84	2.237339616934159	-0.28192850541183617	Neurons	7	cKO	1.4544845765018717	Bae2025	mouse	SCN2A	1.4544845765018717	PN36_3_cKO
07_21_02	6.73104488960872	-4.921865898779127	Oligodendrocytes	6	cKO	0	Bae2025	mouse	SCN2A	0	PN36_3_cKO
07_21_16	-1.662275074800155	8.890680831262378	Neurons	8	cKO	1.85809316499722	Bae2025	mouse	SCN2A	1.85809316499722	PN36_3_cKO
07_21_41	1.6792329560912636	-2.942533928564283	Astrocytes	5	cKO	0	Bae2025	mouse	SCN2A	0	PN36_3_cKO
07_21_43	1.382115007559159	3.068595212289599	Neurons	7	cKO	1.4921157390289808	Bae2025	mouse	SCN2A	1.4921157390289808	PN36_3_cKO
07_21_44	-4.041406034310958	-7.21140523593733	Neurons	10	cKO	0	Bae2025	mouse	SCN2A	0	PN36_3_cKO
07_21_45	1.3575166474975136	3.68736938793352	Neurons	7	cKO	1.3452102428672303	Bae2025	mouse	SCN2A	1.3452102428672303	PN36_3_cKO
07_21_64	-2.1378556478821253	4.422606986352709	Neurons	8	cKO	0.6167011014695358	Bae2025	mouse	SCN2A	0.6167011014695358	PN36_3_cKO
07_21_75	-3.392207263787887	8.705699485132007	Neurons	8	cKO	1.017347455964857	Bae2025	mouse	SCN2A	1.017347455964857	PN36_3_cKO
07_22_05	-0.6454097170435402	3.697164815255907	Neurons	7	cKO	1.6031590283710329	Bae2025	mouse	SCN2A	1.6031590283710329	PN36_3_cKO
07_22_11	3.3735626947082067	7.015829604455736	Neurons	9	cKO	1.919034504797136	Bae2025	mouse	SCN2A	1.919034504797136	PN36_3_cKO
07_22_20	-4.053658126672408	-7.145072895696852	Neurons	10	cKO	2.2152025896316276	Bae2025	mouse	SCN2A	2.2152025896316276	PN36_3_cKO
07_22_38	8.848179937521317	-3.036227661779615	Oligodendrocytes	1	cKO	1.2516925719896994	Bae2025	mouse	SCN2A	1.2516925719896994	PN36_3_cKO
07_22_72	0.9811300050414588	-6.063785988500807	Oligodendrocytes	3	cKO	0	Bae2025	mouse	SCN2A	0	PN36_3_cKO
07_22_74	-1.271504639466903	8.200058501550464	Neurons	8	cKO	2.017067329825471	Bae2025	mouse	SCN2A	2.017067329825471	PN36_3_cKO
07_22_91	-0.9918287385307762	7.122163813897875	Neurons	8	cKO	1.292075363760141	Bae2025	mouse	SCN2A	1.292075363760141	PN36_3_cKO
07_22_95	-3.075244306405685	-7.1124305311948985	Neurons	10	cKO	1.9337522030031524	Bae2025	mouse	SCN2A	1.9337522030031524	PN36_3_cKO
07_23_02	-3.825686334451339	-1.071378308943006	Neurons	2	cKO	0	Bae2025	mouse	SCN2A	0	PN36_3_cKO
07_23_16	-4.69501244910588	-12.885916191747876	Astrocytes	4	cKO	0	Bae2025	mouse	SCN2A	0	PN36_3_cKO
07_23_30	9.041674734274247	-3.0141951624662604	Oligodendrocytes	1	cKO	1.4782444366515373	Bae2025	mouse	SCN2A	1.4782444366515373	PN36_3_cKO
07_23_32	-3.9860070932709193	-1.830126244238111	Neurons	2	cKO	0	Bae2025	mouse	SCN2A	0	PN36_3_cKO
07_23_51	8.843649984518388	-1.306629854849073	Oligodendrocytes	5	cKO	0	Bae2025	mouse	SCN2A	0	PN36_3_cKO
07_23_55	1.3197406541503456	2.5655236657350335	Neurons	7	cKO	1.1272091766566763	Bae2025	mouse	SCN2A	1.1272091766566763	PN36_3_cKO
07_24_01	-5.011318086465499	-2.00644643943617	Neurons	2	cKO	3.008576728218363	Bae2025	mouse	SCN2A	3.008576728218363	PN36_3_cKO
07_24_17	-3.2852512586914515	9.697575133630542	Neurons	8	cKO	2.0784796367842766	Bae2025	mouse	SCN2A	2.0784796367842766	PN36_3_cKO
07_24_25	-3.583165048440597	9.19221262294939	Neurons	8	cKO	2.6222550689165827	Bae2025	mouse	SCN2A	2.6222550689165827	PN36_3_cKO
07_24_27	-4.014762519677779	-7.1766581122190685	Neurons	10	cKO	1.5095844702760752	Bae2025	mouse	SCN2A	1.5095844702760752	PN36_3_cKO
07_24_54	-1.8871241796814415	6.071914237329271	Neurons	8	cKO	2.0561349637374544	Bae2025	mouse	SCN2A	2.0561349637374544	PN36_3_cKO
07_24_64	8.601401449362138	-3.6112126890928473	Oligodendrocytes	1	cKO	0	Bae2025	mouse	SCN2A	0	PN36_3_cKO
07_24_86	-2.481306432565353	8.013965171167163	Neurons	8	cKO	1.632817841967494	Bae2025	mouse	SCN2A	1.632817841967494	PN36_3_cKO
07_25_32	-3.5664778936706996	9.258803885766772	Neurons	2	cKO	2.5980724457335396	Bae2025	mouse	SCN2A	2.5980724457335396	PN36_3_cKO
07_25_94	-0.913242726405761	7.148790400811937	Neurons	8	cKO	1.5281426273786507	Bae2025	mouse	SCN2A	1.5281426273786507	PN36_3_cKO
07_26_09	-2.1895152319275355	9.460463088342456	Neurons	8	cKO	1.6721603939697642	Bae2025	mouse	SCN2A	1.6721603939697642	PN36_3_cKO
07_26_10	0.7454222451842811	6.313401263543871	Neurons	8	cKO	1.2129677040568343	Bae2025	mouse	SCN2A	1.2129677040568343	PN36_3_cKO
07_26_25	6.354620577017167	-11.672508675268384	Endothelial cells	4	cKO	0	Bae2025	mouse	SCN2A	0	PN36_3_cKO
07_26_73	-4.490133642038009	-11.951021629980298	Astrocytes	4	cKO	0	Bae2025	mouse	SCN2A	0	PN36_3_cKO
07_26_84	-9.91286265738835	3.1367612298219476	Neurons	2	cKO	0	Bae2025	mouse	SCN2A	0	PN36_3_cKO
07_26_86	-4.327272294839522	-11.66789765994856	Astrocytes	4	cKO	1.391340502499773	Bae2025	mouse	SCN2A	1.391340502499773	PN36_3_cKO
07_27_01	-4.335737584909102	-12.189096886327954	Astrocytes	4	cKO	0	Bae2025	mouse	SCN2A	0	PN36_3_cKO
07_27_03	9.507417799154618	-1.228574353864881	Oligodendrocytes	5	cKO	0	Bae2025	mouse	SCN2A	0	PN36_3_cKO
07_27_18	-2.9434360254608607	8.447930854150561	Neurons	8	cKO	1.822144526914062	Bae2025	mouse	SCN2A	1.822144526914062	PN36_3_cKO
07_27_29	-3.55877411254277	-1.014918166807386	Neurons	2	cKO	1.8391208816311395	Bae2025	mouse	SCN2A	1.8391208816311395	PN36_3_cKO
07_27_43	1.0557590734160929	-6.0281643454344005	Oligodendrocytes	3	cKO	1.3208215943176869	Bae2025	mouse	SCN2A	1.3208215943176869	PN36_3_cKO
07_27_80	-3.724782108148238	-1.06013353507826	Neurons	2	cKO	2.1429390301602433	Bae2025	mouse	SCN2A	2.1429390301602433	PN36_3_cKO
07_28_69	-0.613435505708358	5.500294726678637	Neurons	8	cKO	1.8439950811842736	Bae2025	mouse	SCN2A	1.8439950811842736	PN36_3_cKO
07_28_74	-9.55242621787419	1.8879838402955804	Neurons	2	cKO	0	Bae2025	mouse	SCN2A	0	PN36_3_cKO
07_28_87	-10.709522126992844	3.241315406152514	Neurons	2	cKO	0	Bae2025	mouse	SCN2A	0	PN36_3_cKO
07_29_43	-0.975665091355941	7.757576983758715	Neurons	8	cKO	1.4551558179276332	Bae2025	mouse	SCN2A	1.4551558179276332	PN36_3_cKO
07_29_51	-11.123562692483564	-1.5795995775968756	Astrocytes	4	cKO	0	Bae2025	mouse	SCN2A	0	PN36_3_cKO
07_29_60	-0.36789452173342446	4.307801764795092	Neurons	7	cKO	1.8811293900340136	Bae2025	mouse	SCN2A	1.8811293900340136	PN36_3_cKO
07_29_64	-5.4847387064300985	-11.575930077245925	Astrocytes	4	cKO	0	Bae2025	mouse	SCN2A	0	PN36_3_cKO
07_29_93	-6.517333387216231	-11.612189728430003	Astrocytes	4	cKO	0	Bae2025	mouse	SCN2A	0	PN36_3_cKO
07_30_16	-0.9533245254360648	6.771498721429613	Neurons	8	cKO	1.612324148703729	Bae2025	mouse	SCN2A	1.612324148703729	PN36_3_cKO
07_30_57	6.1215902578033	-12.33629079501936	Endothelial cells	4	cKO	0	Bae2025	mouse	SCN2A	0	PN36_3_cKO
07_31_25	-1.2646272171341393	8.135968726465014	Neurons	8	cKO	1.085497490404901	Bae2025	mouse	SCN2A	1.085497490404901	PN36_3_cKO
07_31_28	-5.972664235910079	-12.248600441625806	Astrocytes	4	cKO	0	Bae2025	mouse	SCN2A	0	PN36_3_cKO
07_31_33	9.343713880697589	-1.385587293318006	Oligodendrocytes	5	cKO	0.9870169372779052	Bae2025	mouse	SCN2A	0.9870169372779052	PN36_3_cKO
07_31_36	-2.114814399560592	4.792514842340258	Neurons	8	cKO	1.2285396861058069	Bae2025	mouse	SCN2A	1.2285396861058069	PN36_3_cKO
07_31_37	8.752715231100419	-3.2347788397581305	Oligodendrocytes	1	cKO	0	Bae2025	mouse	SCN2A	0	PN36_3_cKO
07_31_42	-5.094837545236251	-11.296944100073071	Astrocytes	4	cKO	0	Bae2025	mouse	SCN2A	0	PN36_3_cKO
07_31_71	-2.408694981416366	7.041267436334398	Neurons	8	cKO	1.8939346385429847	Bae2025	mouse	SCN2A	1.8939346385429847	PN36_3_cKO
07_31_95	-5.182528375466964	-10.95918126743147	Astrocytes	4	cKO	0	Bae2025	mouse	SCN2A	0	PN36_3_cKO
07_32_12	-10.07132899649968	2.544253867456225	Neurons	2	cKO	1.7284244847816108	Bae2025	mouse	SCN2A	1.7284244847816108	PN36_3_cKO
07_32_22	-1.378514407952926	7.62265877086809	Neurons	8	cKO	0.9886388652085674	Bae2025	mouse	SCN2A	0.9886388652085674	PN36_3_cKO
07_32_45	0.8762971173919227	2.0304353650300775	Neurons	7	cKO	0.8671573151673347	Bae2025	mouse	SCN2A	0.8671573151673347	PN36_3_cKO
07_32_53	3.301696659246781	5.7062106545655995	Neurons	9	cKO	1.5893834615367783	Bae2025	mouse	SCN2A	1.5893834615367783	PN36_3_cKO
07_32_81	-3.2841337908112025	8.592068236657886	Neurons	8	cKO	1.795519343315237	Bae2025	mouse	SCN2A	1.795519343315237	PN36_3_cKO
07_32_84	6.37251627556453	-4.901830155065748	Oligodendrocytes	6	cKO	0	Bae2025	mouse	SCN2A	0	PN36_3_cKO
07_32_85	-10.677017091592452	3.23752693493059	Neurons	2	cKO	0	Bae2025	mouse	SCN2A	0	PN36_3_cKO
07_32_86	-1.1515972603165123	5.799049418756273	Neurons	8	cKO	1.501206109321361	Bae2025	mouse	SCN2A	1.501206109321361	PN36_3_cKO
07_33_11	-3.769717334588668	-1.0310028974325385	Neurons	2	cKO	2.6358927071588765	Bae2025	mouse	SCN2A	2.6358927071588765	PN36_3_cKO
07_33_24	9.229897619406085	-2.7216982428343024	Oligodendrocytes	5	cKO	1.4658244585710067	Bae2025	mouse	SCN2A	1.4658244585710067	PN36_3_cKO
07_33_49	9.498335004965163	-1.3030765835554328	Oligodendrocytes	5	cKO	0	Bae2025	mouse	SCN2A	0	PN36_3_cKO
07_33_50	-3.4231737840973353	8.223343413659839	Neurons	8	cKO	1.363413098025576	Bae2025	mouse	SCN2A	1.363413098025576	PN36_3_cKO
07_33_76	2.348048568884232	-5.269485909155104	Oligodendrocytes	3	cKO	0	Bae2025	mouse	SCN2A	0	PN36_3_cKO
07_34_18	-1.591460703691146	8.52418283779314	Neurons	8	cKO	2.2785839086425863	Bae2025	mouse	SCN2A	2.2785839086425863	PN36_3_cKO
07_34_21	-10.55395781882634	2.645520251580981	Neurons	2	cKO	0	Bae2025	mouse	SCN2A	0	PN36_3_cKO
07_34_44	9.4354592572845	-0.7615001384527411	Oligodendrocytes	5	cKO	0.9338017407584456	Bae2025	mouse	SCN2A	0.9338017407584456	PN36_3_cKO
07_34_45	-2.9333275545441126	8.7469239648073	Neurons	8	cKO	0.9655686612755972	Bae2025	mouse	SCN2A	0.9655686612755972	PN36_3_cKO
07_34_46	3.5332440148986364	6.848313372918871	Neurons	9	cKO	1.9396668354383315	Bae2025	mouse	SCN2A	1.9396668354383315	PN36_3_cKO
07_34_63	-4.868953584512374	-10.67884965579817	Astrocytes	4	cKO	1.232771421347873	Bae2025	mouse	SCN2A	1.232771421347873	PN36_3_cKO
07_34_84	-2.73282515891423	7.626321833917406	Neurons	8	cKO	1.1644816651913004	Bae2025	mouse	SCN2A	1.1644816651913004	PN36_3_cKO
07_34_85	-10.376067041238448	3.053106349298266	Neurons	2	cKO	0	Bae2025	mouse	SCN2A	0	PN36_3_cKO
07_34_87	8.567168356100419	-1.2605549876005375	Oligodendrocytes	5	cKO	0	Bae2025	mouse	SCN2A	0	PN36_3_cKO
07_35_01	-1.8274992693268273	5.136675399133471	Neurons	8	cKO	1.30670054693147	Bae2025	mouse	SCN2A	1.30670054693147	PN36_3_cKO
07_35_06	9.506013990560868	-1.3077269379408087	Oligodendrocytes	5	cKO	0	Bae2025	mouse	SCN2A	0	PN36_3_cKO
07_35_10	0.7208229314483192	3.912480872461108	Neurons	7	cKO	1.5191285883903904	Bae2025	mouse	SCN2A	1.5191285883903904	PN36_3_cKO
07_35_15	-1.6889568556152794	8.223029654809741	Neurons	8	cKO	1.7098559679773129	Bae2025	mouse	SCN2A	1.7098559679773129	PN36_3_cKO
07_35_30	0.5182017695106056	2.968555968591479	Neurons	7	cKO	1.155039679617446	Bae2025	mouse	SCN2A	1.155039679617446	PN36_3_cKO
07_35_33	2.8316565763152624	6.057846110650805	Neurons	9	cKO	2.06412071668532	Bae2025	mouse	SCN2A	2.06412071668532	PN36_3_cKO
07_35_87	-2.1053817261063075	5.879938166925219	Neurons	8	cKO	2.0279360798271813	Bae2025	mouse	SCN2A	2.0279360798271813	PN36_3_cKO
07_36_17	-10.808705209573407	0.5046442564218316	Neurons	4	cKO	0	Bae2025	mouse	SCN2A	0	PN36_3_cKO
07_36_37	-3.742152093728683	-1.066434222868177	Neurons	2	cKO	0	Bae2025	mouse	SCN2A	0	PN36_3_cKO
07_36_38	3.005171896139481	6.205382865258959	Neurons	9	cKO	1.5283770075772023	Bae2025	mouse	SCN2A	1.5283770075772023	PN36_3_cKO
07_37_20	-0.4948703188501809	3.46929601986101	Neurons	7	cKO	1.1314241280933133	Bae2025	mouse	SCN2A	1.1314241280933133	PN36_3_cKO
07_37_27	2.250342727819779	5.266650241205004	Neurons	9	cKO	1.2799777103396577	Bae2025	mouse	SCN2A	1.2799777103396577	PN36_3_cKO
07_37_30	8.582727552572587	-3.074499565771314	Oligodendrocytes	1	cKO	0	Bae2025	mouse	SCN2A	0	PN36_3_cKO
07_37_36	6.996457220236161	-3.8238944594175543	Oligodendrocytes	6	cKO	0	Bae2025	mouse	SCN2A	0	PN36_3_cKO
07_37_37	8.828981519857743	-1.5639849488050666	Oligodendrocytes	5	cKO	2.1870964177422065	Bae2025	mouse	SCN2A	2.1870964177422065	PN36_3_cKO
07_37_46	-1.4900315988861534	7.529649298974779	Neurons	8	cKO	1.9549093318251485	Bae2025	mouse	SCN2A	1.9549093318251485	PN36_3_cKO
07_37_81	-3.7743262041412806	-6.927946526220533	Neurons	10	cKO	0	Bae2025	mouse	SCN2A	0	PN36_3_cKO
07_37_86	-4.322150825341842	-12.007654625585769	Astrocytes	4	cKO	0	Bae2025	mouse	SCN2A	0	PN36_3_cKO
07_37_95	1.2220993053115394	2.02446655590227	Neurons	7	cKO	1.5476701062854614	Bae2025	mouse	SCN2A	1.5476701062854614	PN36_3_cKO
07_38_17	0.586732984701493	3.6382189210145746	Neurons	7	cKO	1.4025924504099323	Bae2025	mouse	SCN2A	1.4025924504099323	PN36_3_cKO
07_38_19	6.015827299276689	-5.154270607641432	Oligodendrocytes	6	cKO	0	Bae2025	mouse	SCN2A	0	PN36_3_cKO
07_38_29	-3.744968055566451	9.522398513147143	Neurons	8	cKO	2.5247402180092022	Bae2025	mouse	SCN2A	2.5247402180092022	PN36_3_cKO
07_38_67	-2.2943608749710536	7.658680480310228	Neurons	8	cKO	1.397784715166809	Bae2025	mouse	SCN2A	1.397784715166809	PN36_3_cKO
07_38_92	7.903947950521806	-3.430050093343946	Oligodendrocytes	1	cKO	0	Bae2025	mouse	SCN2A	0	PN36_3_cKO
07_39_55	-3.773758767923019	7.981244605371264	Neurons	8	cKO	1.930596368836809	Bae2025	mouse	SCN2A	1.930596368836809	PN36_3_cKO
07_39_59	-4.236857055505416	-11.97336812656233	Astrocytes	4	cKO	0	Bae2025	mouse	SCN2A	0	PN36_3_cKO
07_39_64	6.282135606924394	-12.20950742404768	Endothelial cells	4	cKO	0	Bae2025	mouse	SCN2A	0	PN36_3_cKO
07_39_74	-1.7086430776916954	7.772560160943773	Neurons	8	cKO	0.9727250208038352	Bae2025	mouse	SCN2A	0.9727250208038352	PN36_3_cKO
07_39_76	1.0440204154647377	6.584224265405443	Neurons	8	cKO	1.0241991649432356	Bae2025	mouse	SCN2A	1.0241991649432356	PN36_3_cKO
07_39_79	-4.117499708017013	-7.111038166692945	Neurons	10	cKO	0	Bae2025	mouse	SCN2A	0	PN36_3_cKO
07_39_86	4.095088602224687	-5.045961815527174	Oligodendrocytes	6	cKO	0	Bae2025	mouse	SCN2A	0	PN36_3_cKO
07_40_16	-4.933819650491378	-1.942367989233228	Neurons	2	cKO	2.6596985761170804	Bae2025	mouse	SCN2A	2.6596985761170804	PN36_3_cKO
07_40_19	-3.083651183923385	9.37986902553728	Neurons	8	cKO	1.6175672205388374	Bae2025	mouse	SCN2A	1.6175672205388374	PN36_3_cKO
07_40_23	-0.5750151787005875	7.668268721887377	Neurons	8	cKO	1.1825212651506052	Bae2025	mouse	SCN2A	1.1825212651506052	PN36_3_cKO
07_40_25	0.06704199425349494	7.469342749902514	Neurons	8	cKO	1.419770871088818	Bae2025	mouse	SCN2A	1.419770871088818	PN36_3_cKO
07_40_32	0.5689712773955848	3.29469303447893	Neurons	7	cKO	1.7431629542090663	Bae2025	mouse	SCN2A	1.7431629542090663	PN36_3_cKO
07_40_45	-10.185206292947433	2.7896099503724847	Neurons	2	cKO	1.8039460300986496	Bae2025	mouse	SCN2A	1.8039460300986496	PN36_3_cKO
07_40_58	1.2058888684905555	6.354707759210375	Neurons	8	cKO	1.897284851756257	Bae2025	mouse	SCN2A	1.897284851756257	PN36_3_cKO
07_40_68	3.2810546170867467	7.179892104455736	Neurons	9	cKO	2.2260875847801382	Bae2025	mouse	SCN2A	2.2260875847801382	PN36_3_cKO
07_40_69	-1.250600098451278	5.468806308099535	Neurons	8	cKO	1.297578861873147	Bae2025	mouse	SCN2A	1.297578861873147	PN36_3_cKO
07_40_82	8.655173422018388	-2.5429806296140876	Oligodendrocytes	5	cKO	0	Bae2025	mouse	SCN2A	0	PN36_3_cKO
07_40_84	-3.308257697900436	-7.199711281469557	Neurons	10	cKO	0	Bae2025	mouse	SCN2A	0	PN36_3_cKO
07_40_94	-2.6251319635712123	3.3095567639558587	Neurons	8	cKO	1.9693283163199216	Bae2025	mouse	SCN2A	1.9693283163199216	PN36_3_cKO
07_41_12	-4.926895021279952	-11.448481041601392	Astrocytes	4	cKO	0	Bae2025	mouse	SCN2A	0	PN36_3_cKO
07_41_17	-3.121004461129806	8.535285514184741	Neurons	8	cKO	1.5323162197102729	Bae2025	mouse	SCN2A	1.5323162197102729	PN36_3_cKO
07_41_25	6.141200185934403	-11.743693787267896	Neurons	4	cKO	0	Bae2025	mouse	SCN2A	0	PN36_3_cKO
07_41_38	0.1578023444808509	4.013580363580492	Neurons	7	cKO	1.5640320737752695	Bae2025	mouse	SCN2A	1.5640320737752695	PN36_3_cKO
07_41_39	0.639572979132035	2.31061796505144	Neurons	7	cKO	1.714769273147975	Bae2025	mouse	SCN2A	1.714769273147975	PN36_3_cKO
07_41_58	0.9371106635726478	-5.916077572515699	Astrocytes	3	cKO	0	Bae2025	mouse	SCN2A	0	PN36_3_cKO
07_41_59	-4.753156064828536	-12.666746575048656	Astrocytes	4	cKO	0	Bae2025	mouse	SCN2A	0	PN36_3_cKO
07_41_95	-5.766860841592452	-12.00971837680647	Astrocytes	4	cKO	0	Bae2025	mouse	SCN2A	0	PN36_3_cKO
07_42_02	1.3356080066360023	2.6561978276460443	Neurons	7	cKO	1.6812613381826131	Bae2025	mouse	SCN2A	1.6812613381826131	PN36_3_cKO
07_42_21	9.110557676473954	-2.234892565420362	Oligodendrocytes	5	cKO	1.6700067277064423	Bae2025	mouse	SCN2A	1.6700067277064423	PN36_3_cKO
07_42_41	0.6364039193786171	4.108205359765795	Neurons	8	cKO	1.8831861310800777	Bae2025	mouse	SCN2A	1.8831861310800777	PN36_3_cKO
07_42_52	-0.16439771540989617	6.75435404140642	Neurons	8	cKO	1.507802159022156	Bae2025	mouse	SCN2A	1.507802159022156	PN36_3_cKO
07_42_63	-3.93315040953984	-1.0919666473180976	Neurons	2	cKO	0.9092096871427816	Bae2025	mouse	SCN2A	0.9092096871427816	PN36_3_cKO
07_42_71	-3.524700759729049	-1.2235399071485724	Neurons	2	cKO	2.123585212436873	Bae2025	mouse	SCN2A	2.123585212436873	PN36_3_cKO
07_42_74	-4.688109277566573	-10.688019234350415	Astrocytes	4	cKO	1.4965389441442656	Bae2025	mouse	SCN2A	1.4965389441442656	PN36_3_cKO
07_42_78	1.2120469819701698	2.831475537606982	Neurons	7	cKO	1.8593121736718752	Bae2025	mouse	SCN2A	1.8593121736718752	PN36_3_cKO
07_42_90	3.2409793149627233	6.920411628076342	Neurons	9	cKO	1.958181301999748	Bae2025	mouse	SCN2A	1.958181301999748	PN36_3_cKO
07_42_96	4.962119222799638	-5.129108864477369	Oligodendrocytes	6	cKO	0	Bae2025	mouse	SCN2A	0	PN36_3_cKO
07_43_29	2.406773449102738	-5.273249108007643	Oligodendrocytes	3	cKO	0	Bae2025	mouse	SCN2A	0	PN36_3_cKO
07_43_41	-0.8525178421341393	6.431102794000414	Neurons	8	cKO	1.903349189774456	Bae2025	mouse	SCN2A	1.903349189774456	PN36_3_cKO
07_43_52	-2.6355947244965052	8.75539736110857	Neurons	8	cKO	1.8319727197063735	Bae2025	mouse	SCN2A	1.8319727197063735	PN36_3_cKO
07_44_18	0.774965406576493	-6.007664162328932	Astrocytes	3	cKO	0	Bae2025	mouse	SCN2A	0	PN36_3_cKO
07_44_23	0.8059344302810219	-6.218861538580152	Oligodendrocytes	3	cKO	0	Bae2025	mouse	SCN2A	0	PN36_3_cKO
07_44_35	-0.46787573658456544	4.309806388208178	Neurons	7	cKO	0.8984590827464298	Bae2025	mouse	SCN2A	0.8984590827464298	PN36_3_cKO
07_44_37	-3.7759569872223353	-1.3789373223097052	Neurons	2	cKO	2.194030961847416	Bae2025	mouse	SCN2A	2.194030961847416	PN36_3_cKO
07_44_42	2.0067247163451696	-5.481886345556471	Oligodendrocytes	3	cKO	0	Bae2025	mouse	SCN2A	0	PN36_3_cKO
07_44_46	1.9530793439544227	-2.763816553762647	Astrocytes	7	cKO	0	Bae2025	mouse	SCN2A	0	PN36_3_cKO
07_44_50	-1.5745021093689415	5.161560576745775	Neurons	8	cKO	1.45509285823846	Bae2025	mouse	SCN2A	1.45509285823846	PN36_3_cKO
07_44_72	-1.6798872936569664	5.013211768457201	Neurons	8	cKO	1.5518592422315889	Bae2025	mouse	SCN2A	1.5518592422315889	PN36_3_cKO
07_44_84	-5.509429334481856	-12.02312226932356	Astrocytes	4	cKO	0	Bae2025	mouse	SCN2A	0	PN36_3_cKO
07_45_01	-0.04662105329861382	4.158777755090502	Neurons	7	cKO	1.7803166513791944	Bae2025	mouse	SCN2A	1.7803166513791944	PN36_3_cKO
07_45_37	-10.810601114114425	0.4952954467027459	Neurons	4	cKO	0	Bae2025	mouse	SCN2A	0	PN36_3_cKO
07_45_39	8.198752523580888	-2.3787085596830573	Oligodendrocytes	5	cKO	1.1497797211260308	Bae2025	mouse	SCN2A	1.1497797211260308	PN36_3_cKO
07_45_44	9.111971975485185	-3.097918469122144	Oligodendrocytes	1	cKO	0	Bae2025	mouse	SCN2A	0	PN36_3_cKO
07_45_68	-11.188590883096358	-0.17861429009446766	Microglia	4	cKO	0	Bae2025	mouse	SCN2A	0	PN36_3_cKO
07_45_75	-9.778109430154464	1.7874973233430658	Neurons	2	cKO	2.2779406403648053	Bae2025	mouse	SCN2A	2.2779406403648053	PN36_3_cKO
07_45_79	-5.368223069986007	-11.459927994421216	Astrocytes	4	cKO	0	Bae2025	mouse	SCN2A	0	PN36_3_cKO
07_45_81	-5.322663663705489	-11.178556877783032	Astrocytes	4	cKO	0	Bae2025	mouse	SCN2A	0	PN36_3_cKO
07_45_86	9.143580557028152	-2.921486574819776	Oligodendrocytes	1	cKO	1.9061852996829176	Bae2025	mouse	SCN2A	1.9061852996829176	PN36_3_cKO
07_46_54	0.8034491550124672	8.03545812923601	Neurons	8	cKO	1.344502096469944	Bae2025	mouse	SCN2A	1.344502096469944	PN36_3_cKO
07_46_66	-4.904510854562423	-11.36223359744856	Astrocytes	4	cKO	1.5010383720972764	Bae2025	mouse	SCN2A	1.5010383720972764	PN36_3_cKO
07_46_80	0.865320802847245	8.294587653466968	Neurons	8	cKO	0.6667350810201681	Bae2025	mouse	SCN2A	0.6667350810201681	PN36_3_cKO
07_47_10	7.136980177084306	-4.169921356847975	Oligodendrocytes	1	cKO	0	Bae2025	mouse	SCN2A	0	PN36_3_cKO
07_47_20	8.642217756430009	-2.309867340734693	Oligodendrocytes	5	cKO	0	Bae2025	mouse	SCN2A	0	PN36_3_cKO
07_47_47	9.316414953390458	-2.9042009894163336	Oligodendrocytes	1	cKO	0	Bae2025	mouse	SCN2A	0	PN36_3_cKO
07_48_15	2.241234661260941	-0.27799327265331414	Neurons	7	cKO	2.1111760642153223	Bae2025	mouse	SCN2A	2.1111760642153223	PN36_3_cKO
07_48_16	9.599906088034013	-2.4786164347440924	Oligodendrocytes	5	cKO	0	Bae2025	mouse	SCN2A	0	PN36_3_cKO
07_48_23	-9.5779627550446	2.722368758508471	Neurons	2	cKO	1.5699948677531406	Bae2025	mouse	SCN2A	1.5699948677531406	PN36_3_cKO
07_48_29	9.27538311592708	-0.8688224140913214	Oligodendrocytes	5	cKO	0	Bae2025	mouse	SCN2A	0	PN36_3_cKO
07_48_39	7.424549223104814	-4.018097597768995	Oligodendrocytes	1	cKO	0	Bae2025	mouse	SCN2A	0	PN36_3_cKO
07_48_45	-2.3851294506393885	10.021816771814136	Neurons	8	cKO	1.8860593054207095	Bae2025	mouse	SCN2A	1.8860593054207095	PN36_3_cKO
07_48_64	-3.271103977044723	-6.906007725408766	Neurons	10	cKO	0	Bae2025	mouse	SCN2A	0	PN36_3_cKO
07_48_86	6.253773332754472	-5.059142548254225	Oligodendrocytes	6	cKO	1.4265297475893264	Bae2025	mouse	SCN2A	1.4265297475893264	PN36_3_cKO
07_48_88	8.213653684774735	-3.8800265375883303	Oligodendrocytes	1	cKO	0	Bae2025	mouse	SCN2A	0	PN36_3_cKO
07_49_15	0.3925258528388526	3.3633749898164544	Neurons	7	cKO	1.5075055909101416	Bae2025	mouse	SCN2A	1.5075055909101416	PN36_3_cKO
07_49_21	-2.410729645570419	8.015689414331225	Neurons	8	cKO	1.5352865076755151	Bae2025	mouse	SCN2A	1.5352865076755151	PN36_3_cKO
07_49_26	-4.381006120523116	-10.083304840734693	Neurons	2	cKO	1.979028466070598	Bae2025	mouse	SCN2A	1.979028466070598	PN36_3_cKO
07_49_37	-5.30801236518254	-12.13349004428694	Astrocytes	4	cKO	0	Bae2025	mouse	SCN2A	0	PN36_3_cKO
07_49_50	-3.382470964273117	8.229742568322925	Neurons	8	cKO	2.2222635020404975	Bae2025	mouse	SCN2A	2.2222635020404975	PN36_3_cKO
07_49_66	-2.587414144357345	8.107281249353198	Neurons	8	cKO	1.1674723198068242	Bae2025	mouse	SCN2A	1.1674723198068242	PN36_3_cKO
07_49_74	-2.9966951597534632	8.32615808803728	Neurons	8	cKO	0.8399002044579351	Bae2025	mouse	SCN2A	0.8399002044579351	PN36_3_cKO
07_49_92	-1.2588086117111656	7.054643195459154	Neurons	8	cKO	1.6753482242444444	Bae2025	mouse	SCN2A	1.6753482242444444	PN36_3_cKO
07_50_15	0.7734439384139564	3.786156934091357	Neurons	7	cKO	1.2295431936492918	Bae2025	mouse	SCN2A	1.2295431936492918	PN36_3_cKO
07_50_23	-3.391519426187179	9.55164293605974	Neurons	8	cKO	0.9376613660680928	Bae2025	mouse	SCN2A	0.9376613660680928	PN36_3_cKO
07_50_31	-5.887789129098556	-11.483564812353343	Astrocytes	4	cKO	0	Bae2025	mouse	SCN2A	0	PN36_3_cKO
07_50_33	9.325414777914384	-2.074797112158033	Oligodendrocytes	5	cKO	0	Bae2025	mouse	SCN2A	0	PN36_3_cKO
07_50_64	-0.38643668480744103	-6.515093285253736	Neurons	10	cKO	2.1779045472046916	Bae2025	mouse	SCN2A	2.1779045472046916	PN36_3_cKO
07_50_78	6.206653238455155	-11.71928353946516	Endothelial cells	4	cKO	0	Bae2025	mouse	SCN2A	0	PN36_3_cKO
07_51_20	-4.456613420327804	-12.543281037023757	Astrocytes	4	cKO	0	Bae2025	mouse	SCN2A	0	PN36_3_cKO
07_51_22	9.48456108681331	-2.350737053564283	Oligodendrocytes	5	cKO	0	Bae2025	mouse	SCN2A	0	PN36_3_cKO
07_51_23	9.226078153768876	-2.3018731657774176	Oligodendrocytes	5	cKO	0	Bae2025	mouse	SCN2A	0	PN36_3_cKO
07_51_37	1.6823319207824257	-3.109585005453321	Astrocytes	5	cKO	1.3142152326986685	Bae2025	mouse	SCN2A	1.3142152326986685	PN36_3_cKO
07_51_46	8.891064764181474	-2.3666879717619147	Oligodendrocytes	5	cKO	0	Bae2025	mouse	SCN2A	0	PN36_3_cKO
07_51_47	-1.4242157328926537	6.267448466607836	Neurons	8	cKO	2.3987221291378567	Bae2025	mouse	SCN2A	2.3987221291378567	PN36_3_cKO
07_51_58	9.467059255758622	-3.147826153448316	Oligodendrocytes	1	cKO	0	Bae2025	mouse	SCN2A	0	PN36_3_cKO
07_51_78	-5.388510106881759	-11.474090058019849	Astrocytes	4	cKO	0	Bae2025	mouse	SCN2A	0	PN36_3_cKO
07_51_80	6.160542608419755	-12.151976067236156	Neurons	4	cKO	1.9587042378193071	Bae2025	mouse	SCN2A	1.9587042378193071	PN36_3_cKO
07_52_35	2.2265526067412877	4.990144294091967	Neurons	9	cKO	0.6421429681180812	Bae2025	mouse	SCN2A	0.6421429681180812	PN36_3_cKO
07_52_60	-0.1876612592541192	3.4193985875337396	Neurons	7	cKO	0.7269846002091395	Bae2025	mouse	SCN2A	0.7269846002091395	PN36_3_cKO
07_52_69	1.3498737823165443	3.875881236383227	Neurons	7	cKO	0.971506144314461	Bae2025	mouse	SCN2A	0.971506144314461	PN36_3_cKO
07_52_74	3.2678958188689733	7.142120402642992	Neurons	9	cKO	1.4821766188970351	Bae2025	mouse	SCN2A	1.4821766188970351	PN36_3_cKO
07_52_76	-2.981370567163131	8.46830610592058	Neurons	8	cKO	2.142385743624745	Bae2025	mouse	SCN2A	2.142385743624745	PN36_3_cKO
07_52_92	2.112974287191727	-5.392348248174879	Oligodendrocytes	3	cKO	0	Bae2025	mouse	SCN2A	0	PN36_3_cKO
07_53_09	-9.44928729422917	2.0026545937745843	Neurons	2	cKO	0	Bae2025	mouse	SCN2A	0	PN36_3_cKO
07_53_15	-5.18337857612004	-12.992825943639966	Astrocytes	4	cKO	0	Bae2025	mouse	SCN2A	0	PN36_3_cKO
07_53_40	-1.516268609841964	6.731702369043139	Neurons	8	cKO	0.715578220777132	Bae2025	mouse	SCN2A	0.715578220777132	PN36_3_cKO
07_53_58	3.7110768567718058	6.619444888421801	Neurons	9	cKO	1.924782602629438	Bae2025	mouse	SCN2A	1.924782602629438	PN36_3_cKO
07_53_77	-6.024871229013106	-11.452591377905105	Astrocytes	4	cKO	0	Bae2025	mouse	SCN2A	0	PN36_3_cKO
07_54_03	0.11401754728923102	8.0766358788698	Neurons	8	cKO	1.2852173233632516	Bae2025	mouse	SCN2A	1.2852173233632516	PN36_3_cKO
07_54_17	-9.500100015481612	1.933010619470385	Neurons	2	cKO	2.312454338748358	Bae2025	mouse	SCN2A	2.312454338748358	PN36_3_cKO
07_54_21	6.774248243490556	-3.885350901296827	Oligodendrocytes	6	cKO	0.8963070612106313	Bae2025	mouse	SCN2A	0.8963070612106313	PN36_3_cKO
07_54_93	3.5486933004058385	6.930915873834398	Neurons	9	cKO	1.7460142528373028	Bae2025	mouse	SCN2A	1.7460142528373028	PN36_3_cKO
07_55_04	0.5037407886184242	4.619493525811937	Neurons	7	cKO	1.6446549802585015	Bae2025	mouse	SCN2A	1.6446549802585015	PN36_3_cKO
07_55_33	0.37758010737071296	2.8344557698457513	Neurons	7	cKO	1.4946203445320874	Bae2025	mouse	SCN2A	1.4946203445320874	PN36_3_cKO
07_55_38	7.47659456841121	-2.7331561629087653	Oligodendrocytes	1	cKO	0	Bae2025	mouse	SCN2A	0	PN36_3_cKO
07_55_77	-2.4005444038712	8.57453684169939	Neurons	8	cKO	0.960960037542187	Bae2025	mouse	SCN2A	0.960960037542187	PN36_3_cKO
07_56_40	1.3008139144576576	2.865940135309008	Neurons	7	cKO	1.5282160130286195	Bae2025	mouse	SCN2A	1.5282160130286195	PN36_3_cKO
07_56_79	-3.042259572824142	7.250216048547533	Neurons	8	cKO	1.3819972970580918	Bae2025	mouse	SCN2A	1.3819972970580918	PN36_3_cKO
07_57_23	-0.7617712009750817	4.261971991845873	Neurons	7	cKO	0.44422681614695503	Bae2025	mouse	SCN2A	0.44422681614695503	PN36_3_cKO
07_57_25	-2.7532151926361537	9.064674895593432	Neurons	8	cKO	2.3814229566564444	Bae2025	mouse	SCN2A	2.3814229566564444	PN36_3_cKO
07_57_26	7.663501859823564	-2.38326163928816	Oligodendrocytes	1	cKO	0	Bae2025	mouse	SCN2A	0	PN36_3_cKO
07_57_36	1.8688942205108192	-3.233681875875684	Astrocytes	5	cKO	0.8469932145356471	Bae2025	mouse	SCN2A	0.8469932145356471	PN36_3_cKO
07_57_48	-3.379042028268478	9.57927374202898	Neurons	8	cKO	1.620624433304191	Bae2025	mouse	SCN2A	1.620624433304191	PN36_3_cKO
07_57_66	1.0190428506530311	8.373061698266772	Neurons	8	cKO	1.6783712388886511	Bae2025	mouse	SCN2A	1.6783712388886511	PN36_3_cKO
07_57_70	-1.0936978448235009	7.594204467126635	Neurons	8	cKO	1.5811172046243067	Bae2025	mouse	SCN2A	1.5811172046243067	PN36_3_cKO
07_57_77	6.1968222867644815	-12.479550797155593	Endothelial cells	4	cKO	0	Bae2025	mouse	SCN2A	0	PN36_3_cKO
07_57_79	-0.07067459710468987	3.7087233479707513	Neurons	7	cKO	1.5157234035360334	Bae2025	mouse	SCN2A	1.5157234035360334	PN36_3_cKO
07_58_03	0.6432352077163246	2.856745045968798	Neurons	7	cKO	1.1105669875354327	Bae2025	mouse	SCN2A	1.1105669875354327	PN36_3_cKO
07_58_06	-3.287127612908981	9.845138114282395	Neurons	8	cKO	1.2349284142439108	Bae2025	mouse	SCN2A	1.2349284142439108	PN36_3_cKO
07_58_28	2.155888916174271	-2.5639018599302497	Astrocytes	7	cKO	0	Bae2025	mouse	SCN2A	0	PN36_3_cKO
07_58_41	3.7217470418609166	6.612964194604662	Neurons	9	cKO	1.117219371745109	Bae2025	mouse	SCN2A	1.117219371745109	PN36_3_cKO
07_58_66	-6.153549074014327	-11.27929444949934	Astrocytes	4	cKO	0	Bae2025	mouse	SCN2A	0	PN36_3_cKO
07_58_74	-9.958155511697433	2.8314652856080804	Neurons	2	cKO	0	Bae2025	mouse	SCN2A	0	PN36_3_cKO
07_58_96	-10.323302148660323	2.333917659112719	Neurons	2	cKO	1.8681727152258616	Bae2025	mouse	SCN2A	1.8681727152258616	PN36_3_cKO
07_59_24	-4.085837482293746	-1.780697304418775	Neurons	2	cKO	1.7391728066723022	Bae2025	mouse	SCN2A	1.7391728066723022	PN36_3_cKO
07_59_79	-3.6401470888458705	-1.0613029186041083	Neurons	2	cKO	2.5717702617237963	Bae2025	mouse	SCN2A	2.5717702617237963	PN36_3_cKO
07_59_90	-2.5899296987854457	-6.961657959631178	Neurons	10	cKO	0	Bae2025	mouse	SCN2A	0	PN36_3_cKO
07_59_92	-0.1095105398498986	4.906378310510424	Neurons	8	cKO	1.705812546396823	Bae2025	mouse	SCN2A	1.705812546396823	PN36_3_cKO
07_60_02	-3.572322248300216	-1.6296948973448004	Neurons	2	cKO	1.9602752281981464	Bae2025	mouse	SCN2A	1.9602752281981464	PN36_3_cKO
07_60_52	0.1847291003860023	8.534108680078296	Neurons	8	cKO	1.282090583589888	Bae2025	mouse	SCN2A	1.282090583589888	PN36_3_cKO
07_60_54	7.28712284676204	-3.42745896022627	Oligodendrocytes	1	cKO	0	Bae2025	mouse	SCN2A	0	PN36_3_cKO
07_60_70	-0.5897232879005883	7.576217215844896	Neurons	8	cKO	0	Bae2025	mouse	SCN2A	0	PN36_3_cKO
07_60_81	-2.617894290765426	7.9679809029786846	Neurons	8	cKO	0.7419321066728011	Bae2025	mouse	SCN2A	0.7419321066728011	PN36_3_cKO
07_61_22	-0.5587503079377625	8.318289321252612	Neurons	8	cKO	1.254372439684552	Bae2025	mouse	SCN2A	1.254372439684552	PN36_3_cKO
07_61_26	-0.3607647184335206	8.844914000818042	Neurons	8	cKO	0.8827068305658317	Bae2025	mouse	SCN2A	0.8827068305658317	PN36_3_cKO
07_61_35	1.0585268747008827	3.805071395227221	Neurons	7	cKO	1.2823801381990143	Bae2025	mouse	SCN2A	1.2823801381990143	PN36_3_cKO
07_61_43	-5.007377504190108	-12.221529442480298	Astrocytes	4	cKO	0	Bae2025	mouse	SCN2A	0	PN36_3_cKO
07_61_47	-0.6533112663828347	4.798783820459154	Neurons	8	cKO	1.2784199233791131	Bae2025	mouse	SCN2A	1.2784199233791131	PN36_3_cKO
07_61_54	0.3946985017455604	3.1533840115754876	Neurons	7	cKO	1.307125327882128	Bae2025	mouse	SCN2A	1.307125327882128	PN36_3_cKO
07_61_67	-11.40630519278874	-0.672274727037641	Neurons	4	cKO	0	Bae2025	mouse	SCN2A	0	PN36_3_cKO
07_61_75	-10.146723626931808	2.433963816949633	Neurons	2	cKO	0	Bae2025	mouse	SCN2A	0	PN36_3_cKO
07_62_14	8.257591367880204	-2.953215319326612	Oligodendrocytes	5	cKO	0	Bae2025	mouse	SCN2A	0	PN36_3_cKO
07_62_17	1.3871136914886024	4.705018561670092	Neurons	7	cKO	1.9054112768003824	Bae2025	mouse	SCN2A	1.9054112768003824	PN36_3_cKO
07_62_53	0.07430678717265388	3.5835764821260248	Neurons	7	cKO	1.3529503433047263	Bae2025	mouse	SCN2A	1.3529503433047263	PN36_3_cKO
07_62_81	5.985385061422685	-5.054370361974928	Oligodendrocytes	6	cKO	0.9113394884249522	Bae2025	mouse	SCN2A	0.9113394884249522	PN36_3_cKO
07_62_84	-3.113518594583175	-6.94843669574568	Neurons	10	cKO	0	Bae2025	mouse	SCN2A	0	PN36_3_cKO
07_62_85	-2.431068419297836	8.66301111538103	Neurons	8	cKO	1.326893547054616	Bae2025	mouse	SCN2A	1.326893547054616	PN36_3_cKO
07_62_89	9.266212583700517	-2.9509183947355475	Oligodendrocytes	1	cKO	0	Bae2025	mouse	SCN2A	0	PN36_3_cKO
07_62_94	-3.835876821359298	-7.032638031652662	Neurons	10	cKO	1.967914863668725	Bae2025	mouse	SCN2A	1.967914863668725	PN36_3_cKO
07_63_19	3.0582760583556676	6.126207869836596	Neurons	9	cKO	1.3413546596190562	Bae2025	mouse	SCN2A	1.3413546596190562	PN36_3_cKO
07_63_23	6.172718168417314	-11.698599297216626	Endothelial cells	4	cKO	0	Bae2025	mouse	SCN2A	0	PN36_3_cKO
07_63_32	7.095176817098954	-4.207351643255445	Oligodendrocytes	6	cKO	0	Bae2025	mouse	SCN2A	0	PN36_3_cKO
07_63_37	-0.4615877343394373	3.2718875821321283	Neurons	7	cKO	1.6556895683806574	Bae2025	mouse	SCN2A	1.6556895683806574	PN36_3_cKO
07_63_42	-5.3226927507721395	-11.19874711673567	Astrocytes	4	cKO	0	Bae2025	mouse	SCN2A	0	PN36_3_cKO
07_63_47	-0.1979514945351098	3.2550266202180658	Neurons	7	cKO	1.5858920652577542	Bae2025	mouse	SCN2A	1.5858920652577542	PN36_3_cKO
07_63_51	-2.577683090051315	9.288449805566575	Neurons	8	cKO	1.5061340488988004	Bae2025	mouse	SCN2A	1.5061340488988004	PN36_3_cKO
07_63_61	-10.400147317727706	2.6075933392732416	Neurons	2	cKO	0	Bae2025	mouse	SCN2A	0	PN36_3_cKO
07_63_64	6.67684567085872	-4.5521158758909435	Oligodendrocytes	6	cKO	0	Bae2025	mouse	SCN2A	0	PN36_3_cKO
07_63_65	-4.64706265815129	-11.997225243261548	Astrocytes	4	cKO	0	Bae2025	mouse	SCN2A	0	PN36_3_cKO
07_63_74	8.490135313192704	-3.2158834521085944	Oligodendrocytes	1	cKO	2.233096342253446	Bae2025	mouse	SCN2A	2.233096342253446	PN36_3_cKO
07_64_39	-5.56478726752629	-11.076829392126294	Astrocytes	4	cKO	0	Bae2025	mouse	SCN2A	0	PN36_3_cKO
07_64_60	-5.483471750100753	-11.78265424411604	Astrocytes	4	cKO	0	Bae2025	mouse	SCN2A	0	PN36_3_cKO
07_64_86	-11.09313952811589	-1.619651991537305	Epithelial cells	4	cKO	0	Bae2025	mouse	SCN2A	0	PN36_3_cKO
07_65_11	1.1772172462142494	2.6991362984864984	Neurons	7	cKO	0.7709412151655992	Bae2025	mouse	SCN2A	0.7709412151655992	PN36_3_cKO
07_65_55	0.7486779700912025	8.363533538171557	Neurons	8	cKO	1.685147090084164	Bae2025	mouse	SCN2A	1.685147090084164	PN36_3_cKO
07_65_65	-4.5645607698761435	-11.8135065619261	Astrocytes	4	cKO	0	Bae2025	mouse	SCN2A	0	PN36_3_cKO
07_65_66	6.18641483894954	-11.779786545446608	Endothelial cells	4	cKO	0.7829561769507964	Bae2025	mouse	SCN2A	0.7829561769507964	PN36_3_cKO
07_66_15	-3.116345046838424	8.61315588314226	Neurons	8	cKO	1.862177220807315	Bae2025	mouse	SCN2A	1.862177220807315	PN36_3_cKO
07_66_48	-2.2802277792297816	6.464063208886889	Neurons	2	cKO	1.4735580615895587	Bae2025	mouse	SCN2A	1.4735580615895587	PN36_3_cKO
07_67_04	-3.3336356867157435	-7.200024563482496	Neurons	10	cKO	0	Bae2025	mouse	SCN2A	0	PN36_3_cKO
07_67_10	-2.4478855121933436	10.214154761621264	Neurons	8	cKO	2.198232619522161	Bae2025	mouse	SCN2A	2.198232619522161	PN36_3_cKO
07_67_12	1.1947191964782264	2.393497269937304	Neurons	7	cKO	1.2852984167679444	Bae2025	mouse	SCN2A	1.2852984167679444	PN36_3_cKO
07_67_36	8.193574072042802	-3.14555879276106	Oligodendrocytes	1	cKO	0	Bae2025	mouse	SCN2A	0	PN36_3_cKO
07_67_40	0.7052363168395546	3.59743289310625	Neurons	8	cKO	1.6328472973245494	Bae2025	mouse	SCN2A	1.6328472973245494	PN36_3_cKO
07_67_64	9.46729862801204	-0.5595711354524817	Oligodendrocytes	5	cKO	2.054472530350634	Bae2025	mouse	SCN2A	2.054472530350634	PN36_3_cKO
07_67_67	-3.1612025488220667	-6.960306126287672	Neurons	10	cKO	0	Bae2025	mouse	SCN2A	0	PN36_3_cKO
07_67_75	-3.613199828942917	7.641617339441088	Neurons	8	cKO	1.789471471890724	Bae2025	mouse	SCN2A	1.789471471890724	PN36_3_cKO
07_68_05	-0.32034473009934167	4.504139464685228	Neurons	8	cKO	1.4074182275592917	Bae2025	mouse	SCN2A	1.4074182275592917	PN36_3_cKO
07_68_08	-2.8664888132416224	6.512373011895922	Neurons	8	cKO	1.5726127998476855	Bae2025	mouse	SCN2A	1.5726127998476855	PN36_3_cKO
07_68_26	-2.8456736791931605	6.976178210565355	Neurons	8	cKO	1.9627693504868888	Bae2025	mouse	SCN2A	1.9627693504868888	PN36_3_cKO
07_68_30	1.2001190196670082	4.57790664989641	Neurons	7	cKO	1.5920667689538806	Bae2025	mouse	SCN2A	1.5920667689538806	PN36_3_cKO
07_68_37	-5.313844083627364	-11.085307556799146	Astrocytes	4	cKO	0	Bae2025	mouse	SCN2A	0	PN36_3_cKO
07_68_56	-6.83441674598088	-12.220365006139966	Astrocytes	4	cKO	0	Bae2025	mouse	SCN2A	0	PN36_3_cKO
07_68_58	9.506528021017411	-1.473615366628858	Oligodendrocytes	5	cKO	0	Bae2025	mouse	SCN2A	0	PN36_3_cKO
07_68_64	-10.287297128518722	2.034625571557787	Neurons	2	cKO	2.4436719927303687	Bae2025	mouse	SCN2A	2.4436719927303687	PN36_3_cKO
07_69_12	7.853522421041825	-3.431712586096021	Oligodendrocytes	1	cKO	0	Bae2025	mouse	SCN2A	0	PN36_3_cKO
07_69_44	-2.256454705079696	8.295858901330737	Neurons	8	cKO	2.07570151267774	Bae2025	mouse	SCN2A	2.07570151267774	PN36_3_cKO
07_69_46	-1.2916765797935936	7.172414344140795	Neurons	8	cKO	1.7387194286722616	Bae2025	mouse	SCN2A	1.7387194286722616	PN36_3_cKO
07_69_70	-3.772175906976363	-1.459000665357801	Neurons	2	cKO	0	Bae2025	mouse	SCN2A	0	PN36_3_cKO
07_70_21	0.5293587457335975	3.4380357678621087	Neurons	7	cKO	1.6729406650237575	Bae2025	mouse	SCN2A	1.6729406650237575	PN36_3_cKO
07_70_45	-3.3633764971100306	8.784353774377612	Neurons	8	cKO	1.5635451890651688	Bae2025	mouse	SCN2A	1.5635451890651688	PN36_3_cKO
07_70_50	7.391430975118974	-3.211284834554883	Oligodendrocytes	1	cKO	1.7607770465409502	Bae2025	mouse	SCN2A	1.7607770465409502	PN36_3_cKO
07_70_69	-5.888080953439376	-11.349361855200025	Astrocytes	4	cKO	2.028808531238361	Bae2025	mouse	SCN2A	2.028808531238361	PN36_3_cKO
07_70_82	-2.5065571058594203	7.771013778039721	Neurons	8	cKO	2.176171168138387	Bae2025	mouse	SCN2A	2.176171168138387	PN36_3_cKO
07_71_12	3.456334234396317	6.769258540460375	Neurons	9	cKO	2.268305085413919	Bae2025	mouse	SCN2A	2.268305085413919	PN36_3_cKO
07_71_23	-1.6635494221054528	4.978261035272387	Neurons	8	cKO	1.6491514971396837	Bae2025	mouse	SCN2A	1.6491514971396837	PN36_3_cKO
07_71_32	-2.6615895021759486	3.2354901250093255	Neurons	8	cKO	0	Bae2025	mouse	SCN2A	0	PN36_3_cKO
07_71_35	-0.7556495059334252	8.334693473169116	Neurons	8	cKO	1.904325880148679	Bae2025	mouse	SCN2A	1.904325880148679	PN36_3_cKO
07_71_63	-1.095010339101455	6.359518092462328	Neurons	8	cKO	1.6823693107848121	Bae2025	mouse	SCN2A	1.6823693107848121	PN36_3_cKO
07_71_66	1.2432246219314125	5.109215777704027	Neurons	7	cKO	1.4607882465424524	Bae2025	mouse	SCN2A	1.4607882465424524	PN36_3_cKO
07_72_11	7.121753812948564	-4.131723601034376	Oligodendrocytes	6	cKO	0	Bae2025	mouse	SCN2A	0	PN36_3_cKO
07_72_17	-2.0666215408646083	4.678120177575853	Neurons	8	cKO	1.376438400351106	Bae2025	mouse	SCN2A	1.376438400351106	PN36_3_cKO
07_72_19	0.741911173979142	2.606918137857226	Neurons	7	cKO	1.37721353950801	Bae2025	mouse	SCN2A	1.37721353950801	PN36_3_cKO
07_72_32	-2.817261098703048	7.954019110986498	Neurons	8	cKO	1.8702595700131952	Bae2025	mouse	SCN2A	1.8702595700131952	PN36_3_cKO
07_72_37	-4.491744397958419	-11.527931648901196	Astrocytes	4	cKO	0	Bae2025	mouse	SCN2A	0	PN36_3_cKO
07_72_38	-1.6328029621445153	8.250236075708179	Neurons	8	cKO	1.986205174826367	Bae2025	mouse	SCN2A	1.986205174826367	PN36_3_cKO
07_72_43	8.398922086874345	-3.864813286474439	Oligodendrocytes	1	cKO	0	Bae2025	mouse	SCN2A	0	PN36_3_cKO
07_72_44	-1.2158848036133263	8.198650878259448	Neurons	8	cKO	2.058605521179302	Bae2025	mouse	SCN2A	2.058605521179302	PN36_3_cKO
07_72_45	-5.220866559823653	-11.678307015112134	Astrocytes	4	cKO	0	Bae2025	mouse	SCN2A	0	PN36_3_cKO
07_72_53	6.611440778890946	-4.783740479162428	Oligodendrocytes	6	cKO	0	Bae2025	mouse	SCN2A	0	PN36_3_cKO
07_72_96	0.7687675964034584	8.421367209741382	Neurons	8	cKO	1.641603983340422	Bae2025	mouse	SCN2A	1.641603983340422	PN36_3_cKO
07_73_31	-2.4268385160767054	8.735817473718432	Neurons	8	cKO	1.6269452488820455	Bae2025	mouse	SCN2A	1.6269452488820455	PN36_3_cKO
07_73_33	3.2125583898223424	5.691406291314867	Neurons	9	cKO	1.8137300064302833	Bae2025	mouse	SCN2A	1.8137300064302833	PN36_3_cKO
07_73_54	-5.94371211417546	-11.181917626074048	Astrocytes	4	cKO	0	Bae2025	mouse	SCN2A	0	PN36_3_cKO
07_73_55	0.905975819746354	3.852308314630297	Neurons	7	cKO	1.0971145350181764	Bae2025	mouse	SCN2A	1.0971145350181764	PN36_3_cKO
07_73_89	-1.6140372742020104	7.711801093408373	Neurons	8	cKO	1.5615085376088975	Bae2025	mouse	SCN2A	1.5615085376088975	PN36_3_cKO
07_74_73	7.14833700768123	-4.186144310644361	Oligodendrocytes	1	cKO	0	Bae2025	mouse	SCN2A	0	PN36_3_cKO
07_75_11	-0.6793968368374321	7.8093529160707265	Neurons	8	cKO	1.4747696925908378	Bae2025	mouse	SCN2A	1.4747696925908378	PN36_3_cKO
07_75_23	-3.8086999643646697	-6.896361786535475	Neurons	10	cKO	2.468685497600012	Bae2025	mouse	SCN2A	2.468685497600012	PN36_3_cKO
07_75_76	-1.565608381112716	6.825965922662523	Neurons	8	cKO	1.489184015553938	Bae2025	mouse	SCN2A	1.489184015553938	PN36_3_cKO
07_76_26	-5.633547185739181	-11.20425840061018	Astrocytes	4	cKO	0	Bae2025	mouse	SCN2A	0	PN36_3_cKO
07_76_36	-3.0522073496185755	-6.833928066900465	Neurons	10	cKO	1.4658244585710067	Bae2025	mouse	SCN2A	1.4658244585710067	PN36_3_cKO
07_76_45	-6.164286016305587	-12.817509133032056	Astrocytes	4	cKO	0	Bae2025	mouse	SCN2A	0	PN36_3_cKO
07_76_55	3.293309093633988	5.753093283960131	Neurons	9	cKO	1.650535067554633	Bae2025	mouse	SCN2A	1.650535067554633	PN36_3_cKO
07_76_68	-1.6370143879257653	7.990731757470873	Neurons	8	cKO	1.7077357773154749	Bae2025	mouse	SCN2A	1.7077357773154749	PN36_3_cKO
07_76_92	-1.5924252260529017	8.74170927364519	Neurons	8	cKO	1.5288170029520298	Bae2025	mouse	SCN2A	1.5288170029520298	PN36_3_cKO
07_77_09	-10.936492799600265	-1.764135557821485	Astrocytes	10	cKO	0	Bae2025	mouse	SCN2A	0	PN36_3_cKO
07_77_25	2.1022609483397985	-0.24314079772541192	Neurons	7	cKO	1.9902167250513336	Bae2025	mouse	SCN2A	1.9902167250513336	PN36_3_cKO
07_77_38	-3.61898124106755	8.293779891320971	Neurons	8	cKO	1.8718867971681956	Bae2025	mouse	SCN2A	1.8718867971681956	PN36_3_cKO
07_77_49	-1.9625726927124472	7.994772475549486	Neurons	8	cKO	2.220163099996899	Bae2025	mouse	SCN2A	2.220163099996899	PN36_3_cKO
07_77_63	9.170939565817216	-2.955917555502149	Oligodendrocytes	1	cKO	0	Bae2025	mouse	SCN2A	0	PN36_3_cKO
07_77_70	1.468142748991349	2.7913682873933587	Neurons	7	cKO	1.6941121413098563	Bae2025	mouse	SCN2A	1.6941121413098563	PN36_3_cKO
07_77_88	-11.06372344382634	-1.6621013466627326	Epithelial cells	4	cKO	0	Bae2025	mouse	SCN2A	0	PN36_3_cKO
07_78_01	-3.316286920388839	-6.436122852972242	Neurons	10	cKO	0	Bae2025	mouse	SCN2A	0	PN36_3_cKO
07_78_03	-5.895490049203536	-12.881037193945142	Astrocytes	4	cKO	0	Bae2025	mouse	SCN2A	0	PN36_3_cKO
07_78_16	7.69718086830745	-3.842080074957105	Oligodendrocytes	1	cKO	0	Bae2025	mouse	SCN2A	0	PN36_3_cKO
07_78_29	-6.258854268869063	-12.748680550268384	Astrocytes	4	cKO	0	Bae2025	mouse	SCN2A	0	PN36_3_cKO
07_78_32	3.4716926824248815	6.7475243027894765	Neurons	9	cKO	1.3019071792433707	Bae2025	mouse	SCN2A	1.3019071792433707	PN36_3_cKO
07_78_36	2.782166124502518	6.94195751506975	Neurons	9	cKO	2.3172964339960433	Bae2025	mouse	SCN2A	2.3172964339960433	PN36_3_cKO
07_78_39	0.10076898447642584	6.671328585931566	Neurons	8	cKO	1.6352712552298083	Bae2025	mouse	SCN2A	1.6352712552298083	PN36_3_cKO
07_78_49	0.3873596202529456	-6.333260494878981	Oligodendrocytes	3	cKO	0	Bae2025	mouse	SCN2A	0	PN36_3_cKO
07_78_64	-3.624873517831466	-1.5123054568083014	Neurons	2	cKO	2.1132839792037994	Bae2025	mouse	SCN2A	2.1132839792037994	PN36_3_cKO
07_78_75	0.8463552009261635	8.317012351342944	Neurons	8	cKO	1.7787537740473074	Bae2025	mouse	SCN2A	1.7787537740473074	PN36_3_cKO
07_79_23	-3.5502704370819544	-7.508301216772291	Neurons	10	cKO	1.40942009308613	Bae2025	mouse	SCN2A	1.40942009308613	PN36_3_cKO
07_79_44	-3.315117954095504	7.141742270776537	Neurons	8	cKO	2.051069778149234	Bae2025	mouse	SCN2A	2.051069778149234	PN36_3_cKO
07_79_50	0.3846476685203101	3.973119777032641	Neurons	7	cKO	0.96325841727761	Bae2025	mouse	SCN2A	0.96325841727761	PN36_3_cKO
07_79_58	-5.647757409890792	-11.265480477026196	Astrocytes	4	cKO	1.892656826718682	Bae2025	mouse	SCN2A	1.892656826718682	PN36_3_cKO
07_79_64	6.215042234579423	-11.83417363803694	Endothelial cells	4	cKO	1.0026979574623334	Bae2025	mouse	SCN2A	1.0026979574623334	PN36_3_cKO
07_79_66	-4.525159238656661	-12.679342705419751	Astrocytes	4	cKO	0	Bae2025	mouse	SCN2A	0	PN36_3_cKO
07_79_67	3.246067882696488	-5.032801586797926	Oligodendrocytes	6	cKO	0	Bae2025	mouse	SCN2A	0	PN36_3_cKO
07_79_73	-11.874332307656903	-0.8698962513715949	Fibroblasts	4	cKO	0	Bae2025	mouse	SCN2A	0	PN36_3_cKO
07_79_74	-1.3246512401901696	7.862975638696459	Neurons	8	cKO	1.955767439517456	Bae2025	mouse	SCN2A	1.955767439517456	PN36_3_cKO
07_80_19	-0.1580676425301049	4.682912867852953	Neurons	8	cKO	1.2251819488337958	Bae2025	mouse	SCN2A	1.2251819488337958	PN36_3_cKO
07_80_21	-4.9309948671661825	-10.780858475378247	Astrocytes	4	cKO	0	Bae2025	mouse	SCN2A	0	PN36_3_cKO
07_80_50	-3.934794782479904	-1.74933715503523	Neurons	2	cKO	2.5627368312071077	Bae2025	mouse	SCN2A	2.5627368312071077	PN36_3_cKO
07_80_61	7.037419916311601	-4.32294841449568	Oligodendrocytes	6	cKO	1.7098188783986248	Bae2025	mouse	SCN2A	1.7098188783986248	PN36_3_cKO
07_80_63	-11.229729532083176	-0.3104790781051841	Microglia	4	cKO	0	Bae2025	mouse	SCN2A	0	PN36_3_cKO
07_80_78	2.49082625023494	-5.2248735014707774	Oligodendrocytes	3	cKO	0	Bae2025	mouse	SCN2A	0	PN36_3_cKO
07_80_92	0.8250314008391884	4.323105853387621	Neurons	7	cKO	1.6171948170392745	Bae2025	mouse	SCN2A	1.6171948170392745	PN36_3_cKO
07_81_11	-3.261138557275436	8.18815759975603	Neurons	8	cKO	1.629330986992051	Bae2025	mouse	SCN2A	1.629330986992051	PN36_3_cKO
07_81_29	-4.642974256356856	-10.577815491369458	Astrocytes	4	cKO	1.5964455725038855	Bae2025	mouse	SCN2A	1.5964455725038855	PN36_3_cKO
07_81_33	0.8996458064712074	2.9236963208406244	Neurons	7	cKO	1.6049199325212196	Bae2025	mouse	SCN2A	1.6049199325212196	PN36_3_cKO
07_81_37	6.5391026746428995	-4.630613762548658	Oligodendrocytes	6	cKO	0	Bae2025	mouse	SCN2A	0	PN36_3_cKO
07_81_44	-3.3415189970337367	9.22351030666521	Neurons	8	cKO	1.8590834545047552	Bae2025	mouse	SCN2A	1.8590834545047552	PN36_3_cKO
07_81_60	6.564746023336747	-4.284623104742262	Oligodendrocytes	6	cKO	1.1332412143103805	Bae2025	mouse	SCN2A	1.1332412143103805	PN36_3_cKO
07_81_62	-2.4562112081848597	10.264303725549487	Neurons	8	cKO	1.9519918691471767	Bae2025	mouse	SCN2A	1.9519918691471767	PN36_3_cKO
07_81_70	-5.791315435250899	-11.901637512853831	Astrocytes	4	cKO	0	Bae2025	mouse	SCN2A	0	PN36_3_cKO
07_81_72	-1.8190599668823693	8.57795481044939	Neurons	8	cKO	2.046213617513629	Bae2025	mouse	SCN2A	2.046213617513629	PN36_3_cKO
07_81_91	-3.1912449587189173	8.485753577539233	Neurons	8	cKO	1.4394888082264985	Bae2025	mouse	SCN2A	1.4394888082264985	PN36_3_cKO
07_82_87	-3.528425811608932	-6.479572731664869	Neurons	10	cKO	0	Bae2025	mouse	SCN2A	0	PN36_3_cKO
07_83_11	-0.2949242878757928	6.054821532556322	Neurons	8	cKO	0.8499350985503641	Bae2025	mouse	SCN2A	0.8499350985503641	PN36_3_cKO
07_83_15	-1.9648827303253624	9.39736227352312	Neurons	8	cKO	1.417255443144626	Bae2025	mouse	SCN2A	1.417255443144626	PN36_3_cKO
07_83_26	0.07344281784663459	4.334245723077562	Neurons	8	cKO	1.4650243460824393	Bae2025	mouse	SCN2A	1.4650243460824393	PN36_3_cKO
07_83_33	-4.504385351022384	-11.633876282385083	Astrocytes	4	cKO	0	Bae2025	mouse	SCN2A	0	PN36_3_cKO
07_83_35	-6.190863012155196	-12.398855644872876	Astrocytes	4	cKO	0	Bae2025	mouse	SCN2A	0	PN36_3_cKO
07_83_36	-3.7225543249451136	7.82280353862932	Neurons	8	cKO	1.6479643661163563	Bae2025	mouse	SCN2A	1.6479643661163563	PN36_3_cKO
07_83_77	-5.491866945108077	-12.369342285803052	Astrocytes	4	cKO	0	Bae2025	mouse	SCN2A	0	PN36_3_cKO
07_83_86	1.3092646609939125	3.0270333703248773	Neurons	7	cKO	0.75832021611147	Bae2025	mouse	SCN2A	0.75832021611147	PN36_3_cKO
07_84_07	1.1264510165847328	-5.995397526434156	Neurons	3	cKO	0	Bae2025	mouse	SCN2A	0	PN36_3_cKO
07_84_14	-0.6535976816021416	4.464490454980639	Neurons	7	cKO	1.742662943337302	Bae2025	mouse	SCN2A	1.742662943337302	PN36_3_cKO
07_84_47	-3.830027221521042	-6.719600159338209	Neurons	10	cKO	0	Bae2025	mouse	SCN2A	0	PN36_3_cKO
07_84_56	-10.753750680764815	2.6751726086824212	Neurons	2	cKO	1.9160020058807872	Bae2025	mouse	SCN2A	1.9160020058807872	PN36_3_cKO
07_84_62	-2.6247900713287806	11.71850542385271	Neurons	8	cKO	1.790354601913031	Bae2025	mouse	SCN2A	1.790354601913031	PN36_3_cKO
07_84_86	-3.9064949739777064	-1.6305461708814826	Neurons	2	cKO	2.1887364627134054	Bae2025	mouse	SCN2A	2.1887364627134054	PN36_3_cKO
07_85_14	1.1604592811263588	2.699769538232592	Neurons	7	cKO	1.31727545847364	Bae2025	mouse	SCN2A	1.31727545847364	PN36_3_cKO
07_85_23	6.583044649282792	-4.636610466650221	Oligodendrocytes	6	cKO	1.1098029137419911	Bae2025	mouse	SCN2A	1.1098029137419911	PN36_3_cKO
07_85_24	6.208624483267167	-11.560283142736646	Endothelial cells	4	cKO	0	Bae2025	mouse	SCN2A	0	PN36_3_cKO
07_85_83	7.978098989645341	-3.5586964670927252	Oligodendrocytes	1	cKO	0	Bae2025	mouse	SCN2A	0	PN36_3_cKO
07_85_88	-1.808409928163192	7.051063102075365	Neurons	8	cKO	1.508829807537886	Bae2025	mouse	SCN2A	1.508829807537886	PN36_3_cKO
07_86_17	-2.6302381742798304	7.168076079675463	Neurons	8	cKO	1.8564583204772305	Bae2025	mouse	SCN2A	1.8564583204772305	PN36_3_cKO
07_86_21	8.40853226296077	-3.2195148054868903	Oligodendrocytes	1	cKO	0	Bae2025	mouse	SCN2A	0	PN36_3_cKO
07_86_48	-4.925212262948653	-13.133350807836743	Astrocytes	4	cKO	0	Bae2025	mouse	SCN2A	0	PN36_3_cKO
07_86_59	0.9559270154632118	8.186447661706714	Neurons	8	cKO	0.9601136193849584	Bae2025	mouse	SCN2A	0.9601136193849584	PN36_3_cKO
07_87_50	-1.9024893034302208	4.72431139309099	Neurons	8	cKO	1.2345251317895098	Bae2025	mouse	SCN2A	1.2345251317895098	PN36_3_cKO
07_87_72	9.05706799141536	-1.8332020823271	Oligodendrocytes	5	cKO	0	Bae2025	mouse	SCN2A	0	PN36_3_cKO
07_87_80	-4.933102010568282	-11.85950799625227	Astrocytes	4	cKO	0	Bae2025	mouse	SCN2A	0	PN36_3_cKO
07_87_94	-4.824607728799483	-11.890807587316724	Astrocytes	4	cKO	0	Bae2025	mouse	SCN2A	0	PN36_3_cKO
07_88_31	-0.4098269816540692	-6.505800205877516	Neurons	10	cKO	1.5589345699005683	Bae2025	mouse	SCN2A	1.5589345699005683	PN36_3_cKO
07_88_75	-10.406201242288253	3.0113921578614984	Neurons	2	cKO	2.8387521296159437	Bae2025	mouse	SCN2A	2.8387521296159437	PN36_3_cKO
07_88_81	-1.3080680955254052	7.647613566705492	Neurons	8	cKO	2.006199445413618	Bae2025	mouse	SCN2A	2.006199445413618	PN36_3_cKO
07_89_09	0.25075388065943977	-6.407747704199049	Neurons	3	cKO	0	Bae2025	mouse	SCN2A	0	PN36_3_cKO
07_89_46	2.155618072668412	6.546508830377367	Neurons	9	cKO	1.5325770568591386	Bae2025	mouse	SCN2A	1.5325770568591386	PN36_3_cKO
07_89_47	3.225163103262284	7.267959159204271	Neurons	9	cKO	1.4505139538541845	Bae2025	mouse	SCN2A	1.4505139538541845	PN36_3_cKO
07_89_60	9.13051712624202	-3.1493253294737067	Oligodendrocytes	1	cKO	0	Bae2025	mouse	SCN2A	0	PN36_3_cKO
07_89_63	-3.783704398950241	-1.0827002112180917	Neurons	2	cKO	0	Bae2025	mouse	SCN2A	0	PN36_3_cKO
07_89_71	-11.522525667031903	-0.70337505977461	Fibroblasts	4	cKO	0	Bae2025	mouse	SCN2A	0	PN36_3_cKO
07_90_07	7.983286977926591	-2.2973422591001715	Oligodendrocytes	1	cKO	0	Bae2025	mouse	SCN2A	0	PN36_3_cKO
07_90_14	-3.657256721337936	-6.450711685827467	Neurons	10	cKO	0	Bae2025	mouse	SCN2A	0	PN36_3_cKO
07_90_19	-3.868766902764938	-6.650937039068434	Neurons	10	cKO	0	Bae2025	mouse	SCN2A	0	PN36_3_cKO
07_90_27	-2.882019399484298	8.201895278283862	Neurons	8	cKO	1.5349293503152626	Bae2025	mouse	SCN2A	1.5349293503152626	PN36_3_cKO
07_90_31	-3.788616298516891	-6.6090006415159435	Neurons	10	cKO	0	Bae2025	mouse	SCN2A	0	PN36_3_cKO
07_90_69	-3.3085061300598597	-6.849642712286207	Neurons	10	cKO	0	Bae2025	mouse	SCN2A	0	PN36_3_cKO
07_90_95	-0.3634354908071969	8.700275939294604	Neurons	8	cKO	1.554111071883422	Bae2025	mouse	SCN2A	1.554111071883422	PN36_3_cKO
07_91_03	-6.349866746743819	-11.885467011144849	Astrocytes	4	cKO	0	Bae2025	mouse	SCN2A	0	PN36_3_cKO
07_91_27	-4.00868809111943	-7.14628883045027	Neurons	10	cKO	0	Bae2025	mouse	SCN2A	0	PN36_3_cKO
07_91_50	1.8087004434264689	-2.9478754584104743	Astrocytes	4	cKO	0.842150233577543	Bae2025	mouse	SCN2A	0.842150233577543	PN36_3_cKO
07_92_10	-0.6099062699877236	3.680603783914355	Neurons	7	cKO	1.012747773862165	Bae2025	mouse	SCN2A	1.012747773862165	PN36_3_cKO
07_92_17	-2.521937249978683	8.19969610531023	Neurons	8	cKO	1.5724110491451988	Bae2025	mouse	SCN2A	1.5724110491451988	PN36_3_cKO
07_92_48	-1.9161622513138268	5.676801722833422	Neurons	8	cKO	1.4849438302257267	Bae2025	mouse	SCN2A	1.4849438302257267	PN36_3_cKO
07_92_55	0.03755670897135993	3.581285994836596	Neurons	7	cKO	1.49463183882616	Bae2025	mouse	SCN2A	1.49463183882616	PN36_3_cKO
07_92_67	9.478170515219071	-1.4053002182752814	Oligodendrocytes	5	cKO	1.2683356585275651	Bae2025	mouse	SCN2A	1.2683356585275651	PN36_3_cKO
07_93_30	1.3679773818648842	1.8506682332246576	Neurons	7	cKO	0	Bae2025	mouse	SCN2A	0	PN36_3_cKO
07_93_74	6.7577000867522745	-4.437475639990065	Oligodendrocytes	6	cKO	0	Bae2025	mouse	SCN2A	0	PN36_3_cKO
07_94_33	0.6801126014388588	4.164814513513353	Neurons	8	cKO	2.1261817585795737	Bae2025	mouse	SCN2A	2.1261817585795737	PN36_3_cKO
07_94_61	-9.883277772744796	2.2353370602815423	Neurons	2	cKO	0	Bae2025	mouse	SCN2A	0	PN36_3_cKO
07_94_65	-0.7323753822647545	8.558069747278003	Neurons	8	cKO	1.1531073174315412	Bae2025	mouse	SCN2A	1.1531073174315412	PN36_3_cKO
07_94_80	8.544707418600419	-1.5961440388471808	Oligodendrocytes	5	cKO	1.0398604548833474	Bae2025	mouse	SCN2A	1.0398604548833474	PN36_3_cKO
07_95_09	0.11149865500102302	-6.33753581683943	Neurons	3	cKO	0	Bae2025	mouse	SCN2A	0	PN36_3_cKO
07_95_14	0.12215942255625983	3.790182393380907	Neurons	7	cKO	1.5109981875273466	Bae2025	mouse	SCN2A	1.5109981875273466	PN36_3_cKO
07_95_19	9.343767286459306	-2.2376823012144293	Oligodendrocytes	5	cKO	0	Bae2025	mouse	SCN2A	0	PN36_3_cKO
07_95_40	9.183893324056962	-3.022652107885572	Oligodendrocytes	1	cKO	0	Bae2025	mouse	SCN2A	0	PN36_3_cKO
07_95_71	8.100711942831376	-3.4566857401640143	Oligodendrocytes	1	cKO	0	Bae2025	mouse	SCN2A	0	PN36_3_cKO
07_95_92	-1.5558000791870568	7.434962790796068	Neurons	8	cKO	1.0411627869660869	Bae2025	mouse	SCN2A	1.0411627869660869	PN36_3_cKO
07_96_12	-10.02564513572087	2.326579612085131	Neurons	2	cKO	0	Bae2025	mouse	SCN2A	0	PN36_3_cKO
07_96_34	-0.08532020338406304	2.8598113473146234	Neurons	7	cKO	0.9622576696757236	Bae2025	mouse	SCN2A	0.9622576696757236	PN36_3_cKO
07_96_69	0.4950010191596534	8.463777106591968	Neurons	8	cKO	1.3113361929265253	Bae2025	mouse	SCN2A	1.3113361929265253	PN36_3_cKO
07_96_71	1.03715729824672	6.386571448632982	Neurons	8	cKO	1.3691322237175048	Bae2025	mouse	SCN2A	1.3691322237175048	PN36_3_cKO
07_96_90	-3.5238803613983607	9.240819495507983	Neurons	8	cKO	2.200788055494608	Bae2025	mouse	SCN2A	2.200788055494608	PN36_3_cKO
08_01_69	-1.9768445480667565	8.195574324914721	Neurons	8	cKO	1.8641483344299232	Bae2025	mouse	SCN2A	1.8641483344299232	PN36_3_cKO
08_01_73	-3.5377067316376185	-1.107838827779981	Neurons	2	cKO	0	Bae2025	mouse	SCN2A	0	PN36_3_cKO
08_02_51	-1.9215284574829552	5.2011471207826405	Neurons	8	cKO	1.1509604259800887	Bae2025	mouse	SCN2A	1.1509604259800887	PN36_3_cKO
08_02_54	0.4510263215697791	4.3758554871766835	Neurons	7	cKO	1.737815718646358	Bae2025	mouse	SCN2A	1.737815718646358	PN36_3_cKO
08_02_56	-10.166096566995284	2.873477261850146	Neurons	2	cKO	0	Bae2025	mouse	SCN2A	0	PN36_3_cKO
08_02_57	-1.776069282373092	5.190266173669603	Neurons	8	cKO	1.3805915763878571	Bae2025	mouse	SCN2A	1.3805915763878571	PN36_3_cKO
08_03_07	-4.390541194757125	-12.348773438146802	Astrocytes	4	cKO	2.3281806401830094	Bae2025	mouse	SCN2A	2.3281806401830094	PN36_3_cKO
08_03_41	-3.152249454339645	9.535391372033862	Neurons	8	cKO	1.5502973373901603	Bae2025	mouse	SCN2A	1.5502973373901603	PN36_3_cKO
08_03_75	3.313028694311478	5.891439479181078	Neurons	9	cKO	1.2690706319380771	Bae2025	mouse	SCN2A	1.2690706319380771	PN36_3_cKO
08_03_76	0.8532062780059364	4.027794402429369	Neurons	7	cKO	1.775506742896102	Bae2025	mouse	SCN2A	1.775506742896102	PN36_3_cKO
08_03_83	0.9449371110595252	4.859282534906176	Neurons	7	cKO	1.5133340437228675	Bae2025	mouse	SCN2A	1.5133340437228675	PN36_3_cKO
08_04_12	3.222957016149857	7.112690966913012	Neurons	9	cKO	1.1426060198991168	Bae2025	mouse	SCN2A	1.1426060198991168	PN36_3_cKO
08_04_27	-3.0413306940399623	5.477388900110033	Neurons	2	cKO	1.5509802090832585	Bae2025	mouse	SCN2A	1.5509802090832585	PN36_3_cKO
08_04_53	1.6614831697143104	-3.151645380666944	Astrocytes	5	cKO	0.9725715677727448	Bae2025	mouse	SCN2A	0.9725715677727448	PN36_3_cKO
08_04_54	3.453826547781327	6.750032466241625	Neurons	9	cKO	1.7859498421315991	Bae2025	mouse	SCN2A	1.7859498421315991	PN36_3_cKO
08_04_59	-5.216354249795577	-12.046884018591138	Astrocytes	4	cKO	0	Bae2025	mouse	SCN2A	0	PN36_3_cKO
08_04_66	-1.5152637947403405	7.545675795861986	Neurons	8	cKO	1.9092517572645384	Bae2025	mouse	SCN2A	1.9092517572645384	PN36_3_cKO
08_04_76	8.155840994039872	-3.707630116155835	Oligodendrocytes	1	cKO	0	Bae2025	mouse	SCN2A	0	PN36_3_cKO
08_05_20	-2.01479709037175	8.419885199853686	Neurons	8	cKO	1.979440578217828	Bae2025	mouse	SCN2A	1.979440578217828	PN36_3_cKO
08_05_52	-6.248865484079024	-12.314574677160474	Astrocytes	4	cKO	0	Bae2025	mouse	SCN2A	0	PN36_3_cKO
08_05_63	-3.324457763513229	9.297835868188647	Neurons	8	cKO	2.0255375061080665	Bae2025	mouse	SCN2A	2.0255375061080665	PN36_3_cKO
08_05_65	3.196437002340653	5.729378741571215	Neurons	9	cKO	1.8743450409186928	Bae2025	mouse	SCN2A	1.8743450409186928	PN36_3_cKO
08_05_89	0.4559398900664832	4.748930972406176	Neurons	8	cKO	0.8949925831379216	Bae2025	mouse	SCN2A	0.8949925831379216	PN36_3_cKO
08_06_16	-1.2122753847443075	7.0077758248536854	Neurons	8	cKO	1.5868656322488486	Bae2025	mouse	SCN2A	1.5868656322488486	PN36_3_cKO
08_06_35	0.6578190337813881	3.632261555978564	Neurons	8	cKO	1.6603212145398445	Bae2025	mouse	SCN2A	1.6603212145398445	PN36_3_cKO
08_06_42	-3.0455235231720423	9.250690024682788	Neurons	8	cKO	0.7313185430322244	Bae2025	mouse	SCN2A	0.7313185430322244	PN36_3_cKO
08_06_45	-3.343845962365768	8.93919233638933	Neurons	8	cKO	0.8366972536488392	Bae2025	mouse	SCN2A	0.8366972536488392	PN36_3_cKO
08_06_58	-0.9023778129421683	8.700061362573413	Neurons	8	cKO	1.541100134321379	Bae2025	mouse	SCN2A	1.541100134321379	PN36_3_cKO
08_06_79	9.261256338278152	-2.1693441454679694	Oligodendrocytes	5	cKO	0	Bae2025	mouse	SCN2A	0	PN36_3_cKO
08_07_23	2.085933090368607	-0.19472296129772332	Neurons	7	cKO	1.8515756548241251	Bae2025	mouse	SCN2A	1.8515756548241251	PN36_3_cKO
08_07_27	2.7875188600219274	-3.057813364675733	Oligodendrocytes	3	cKO	0	Bae2025	mouse	SCN2A	0	PN36_3_cKO
08_07_41	1.181230546156266	5.037707846948412	Neurons	7	cKO	1.817799983306676	Bae2025	mouse	SCN2A	1.817799983306676	PN36_3_cKO
08_07_69	-3.798697828134201	-1.6065117899687018	Neurons	2	cKO	2.5456003920468335	Bae2025	mouse	SCN2A	2.5456003920468335	PN36_3_cKO
08_07_92	9.498630644003253	-0.6712238375456061	Oligodendrocytes	5	cKO	0.9956506126177808	Bae2025	mouse	SCN2A	0.9956506126177808	PN36_3_cKO
08_08_19	9.68987286202083	-1.559882480314466	Oligodendrocytes	5	cKO	0	Bae2025	mouse	SCN2A	0	PN36_3_cKO
08_08_22	0.13012826553950568	3.7001014168947015	Neurons	7	cKO	1.9561304219553852	Bae2025	mouse	SCN2A	1.9561304219553852	PN36_3_cKO
08_08_41	-1.245128392060897	5.953692000695971	Neurons	8	cKO	1.783319988875906	Bae2025	mouse	SCN2A	1.783319988875906	PN36_3_cKO
08_08_63	-2.765226005395553	6.715990584680346	Neurons	8	cKO	1.6694818619983396	Bae2025	mouse	SCN2A	1.6694818619983396	PN36_3_cKO
08_08_69	-4.012388585885665	-6.920281845739576	Neurons	10	cKO	1.3988750499753295	Bae2025	mouse	SCN2A	1.3988750499753295	PN36_3_cKO
08_08_87	-0.3271638143860314	7.708907168695238	Neurons	8	cKO	1.6527254172162242	Bae2025	mouse	SCN2A	1.6527254172162242	PN36_3_cKO
08_08_88	8.511479498068192	-3.884490925482007	Oligodendrocytes	1	cKO	0	Bae2025	mouse	SCN2A	0	PN36_3_cKO
08_08_94	-4.845725416024825	-12.369295555761548	Astrocytes	4	cKO	0	Bae2025	mouse	SCN2A	0	PN36_3_cKO
08_09_18	0.02837735525737067	4.81718305904558	Neurons	8	cKO	1.3957242037554056	Bae2025	mouse	SCN2A	1.3957242037554056	PN36_3_cKO
08_09_55	9.296991468588212	-2.343285519293042	Oligodendrocytes	5	cKO	0	Bae2025	mouse	SCN2A	0	PN36_3_cKO
08_09_81	9.252756239096025	-2.6780509535581793	Oligodendrocytes	5	cKO	0	Bae2025	mouse	SCN2A	0	PN36_3_cKO
08_10_09	6.559365869680741	-4.726685482671949	Oligodendrocytes	6	cKO	0	Bae2025	mouse	SCN2A	0	PN36_3_cKO
08_10_19	8.83313000313411	-1.3575651232511723	Oligodendrocytes	5	cKO	0	Bae2025	mouse	SCN2A	0	PN36_3_cKO
08_10_22	8.463062406698564	-3.287925440481397	Oligodendrocytes	1	cKO	0	Bae2025	mouse	SCN2A	0	PN36_3_cKO
08_10_34	-2.7590569246613	9.468839209863452	Neurons	8	cKO	2.304296882231355	Bae2025	mouse	SCN2A	2.304296882231355	PN36_3_cKO
08_10_35	-1.2726333726250143	7.0913329537599354	Neurons	8	cKO	1.569279274422975	Bae2025	mouse	SCN2A	1.569279274422975	PN36_3_cKO
08_10_50	-6.046569227059981	-11.802107292822097	Astrocytes	4	cKO	0	Bae2025	mouse	SCN2A	0	PN36_3_cKO
08_11_07	-2.543874620278976	10.163026374170093	Neurons	8	cKO	2.4162066592638483	Bae2025	mouse	SCN2A	2.4162066592638483	PN36_3_cKO
08_11_14	-2.3788123119675135	7.9092956002443104	Neurons	8	cKO	1.5948157792379658	Bae2025	mouse	SCN2A	1.5948157792379658	PN36_3_cKO
08_11_18	-3.385766862710617	8.09331945736101	Neurons	8	cKO	1.9463817258453264	Bae2025	mouse	SCN2A	1.9463817258453264	PN36_3_cKO
08_11_26	9.378993154684403	-2.672950941732618	Oligodendrocytes	5	cKO	0	Bae2025	mouse	SCN2A	0	PN36_3_cKO
08_11_38	1.3414663087523964	3.2900104935853753	Neurons	7	cKO	1.6398796706597996	Bae2025	mouse	SCN2A	1.6398796706597996	PN36_3_cKO
08_11_43	9.166478277365067	-3.0214585844785895	Oligodendrocytes	1	cKO	0	Bae2025	mouse	SCN2A	0	PN36_3_cKO
08_11_51	3.346656204382279	7.132501643487719	Neurons	9	cKO	1.757593139633305	Bae2025	mouse	SCN2A	1.757593139633305	PN36_3_cKO
08_11_56	-5.849974511941573	-11.615323502233716	Astrocytes	4	cKO	0	Bae2025	mouse	SCN2A	0	PN36_3_cKO
08_11_66	9.338167310873368	-2.079395729711744	Oligodendrocytes	5	cKO	0	Bae2025	mouse	SCN2A	0	PN36_3_cKO
08_11_77	-6.634806035836837	-12.748053032568189	Astrocytes	4	cKO	1.777731679171792	Bae2025	mouse	SCN2A	1.777731679171792	PN36_3_cKO
08_11_81	7.367796064535478	-3.201951939275953	Oligodendrocytes	1	cKO	0	Bae2025	mouse	SCN2A	0	PN36_3_cKO
08_11_88	2.1752051126159215	5.097677272149828	Neurons	9	cKO	1.2020861149052329	Bae2025	mouse	SCN2A	1.2020861149052329	PN36_3_cKO
08_11_93	1.604029060522416	-2.9981083456785407	Astrocytes	5	cKO	0	Bae2025	mouse	SCN2A	0	PN36_3_cKO
08_12_11	9.555451513449052	-0.9629054252416815	Oligodendrocytes	5	cKO	0	Bae2025	mouse	SCN2A	0	PN36_3_cKO
08_12_31	-2.339362024148605	7.316736262628344	Neurons	8	cKO	1.7052903499878376	Bae2025	mouse	SCN2A	1.7052903499878376	PN36_3_cKO
08_12_40	-4.765887140115401	-10.767898995092605	Astrocytes	4	cKO	0	Bae2025	mouse	SCN2A	0	PN36_3_cKO
08_12_50	2.01100242249141	-5.498009163549635	Oligodendrocytes	3	cKO	0	Bae2025	mouse	SCN2A	0	PN36_3_cKO
08_12_63	-3.663089631875656	-1.1264096085340705	Neurons	2	cKO	1.3756642665971026	Bae2025	mouse	SCN2A	1.3756642665971026	PN36_3_cKO
08_12_73	-0.9415368128620598	8.501850646325854	Neurons	8	cKO	1.6927116758985834	Bae2025	mouse	SCN2A	1.6927116758985834	PN36_3_cKO
08_13_14	0.699079872289994	4.543468516656664	Neurons	7	cKO	1.5619602882622254	Bae2025	mouse	SCN2A	1.5619602882622254	PN36_3_cKO
08_13_33	1.642394424597123	-2.901098686865064	Astrocytes	5	cKO	0	Bae2025	mouse	SCN2A	0	PN36_3_cKO
08_13_41	7.97502625099788	-3.19975014369795	Oligodendrocytes	1	cKO	0	Bae2025	mouse	SCN2A	0	PN36_3_cKO
08_14_03	-1.003847121080062	8.177026313134936	Neurons	8	cKO	1.77895836945314	Bae2025	mouse	SCN2A	1.77895836945314	PN36_3_cKO
08_14_08	-2.900369523843429	9.137034934350757	Neurons	8	cKO	1.6271095107930378	Bae2025	mouse	SCN2A	1.6271095107930378	PN36_3_cKO
08_14_09	-5.14438760169377	-12.684404808691236	Astrocytes	4	cKO	0	Bae2025	mouse	SCN2A	0	PN36_3_cKO
08_14_11	-11.818350671609542	-0.9046588722974982	Astrocytes	4	cKO	0	Bae2025	mouse	SCN2A	0	PN36_3_cKO
08_14_42	-0.548807686945102	8.470582526513843	Neurons	8	cKO	1.3279796906471797	Bae2025	mouse	SCN2A	1.3279796906471797	PN36_3_cKO
08_14_52	1.265955330053666	4.846144240686205	Neurons	7	cKO	1.4464562357797983	Bae2025	mouse	SCN2A	1.4464562357797983	PN36_3_cKO
08_14_61	-5.200676797708175	-11.737024742773269	Astrocytes	4	cKO	0	Bae2025	mouse	SCN2A	0	PN36_3_cKO
08_14_78	-0.17853015550007562	7.3460092957704335	Neurons	8	cKO	2.001351757872428	Bae2025	mouse	SCN2A	2.001351757872428	PN36_3_cKO
08_14_82	7.513114572683671	-3.950931984594556	Oligodendrocytes	1	cKO	0	Bae2025	mouse	SCN2A	0	PN36_3_cKO
08_14_85	-1.555281995614669	5.021476786920336	Neurons	8	cKO	1.3218459858888778	Bae2025	mouse	SCN2A	1.3218459858888778	PN36_3_cKO
08_15_19	-3.535097478707931	8.289084952661304	Neurons	8	cKO	2.0568485310217315	Bae2025	mouse	SCN2A	2.0568485310217315	PN36_3_cKO
08_15_28	6.212989927450517	-11.875532585790843	Endothelial cells	4	cKO	0	Bae2025	mouse	SCN2A	0	PN36_3_cKO
08_15_37	4.090741754690507	-5.053394753149244	Oligodendrocytes	6	cKO	0	Bae2025	mouse	SCN2A	0	PN36_3_cKO
08_15_59	-0.597039877256057	5.332286399194506	Neurons	8	cKO	1.4965072966014283	Bae2025	mouse	SCN2A	1.4965072966014283	PN36_3_cKO
08_15_64	1.3388837587035682	2.874409240075854	Neurons	7	cKO	1.1341462185939466	Bae2025	mouse	SCN2A	1.1341462185939466	PN36_3_cKO
08_15_77	8.176300169149735	-1.7261311594755375	Oligodendrocytes	5	cKO	0	Bae2025	mouse	SCN2A	0	PN36_3_cKO
08_15_85	8.390318990866044	-3.3591994826109137	Oligodendrocytes	1	cKO	0	Bae2025	mouse	SCN2A	0	PN36_3_cKO
08_16_29	-4.49909484275212	-12.24182935397932	Astrocytes	4	cKO	2.5847452044928483	Bae2025	mouse	SCN2A	2.5847452044928483	PN36_3_cKO
08_16_39	2.8150719415343786	-2.47805710475752	Oligodendrocytes	5	cKO	0	Bae2025	mouse	SCN2A	0	PN36_3_cKO
08_16_40	8.084114195028642	-3.7928559366972174	Oligodendrocytes	1	cKO	0	Bae2025	mouse	SCN2A	0	PN36_3_cKO
08_16_86	8.066838384786942	-4.00548334758589	Oligodendrocytes	1	cKO	0	Bae2025	mouse	SCN2A	0	PN36_3_cKO
08_16_94	1.4562332641280678	4.757347625085619	Neurons	7	cKO	1.268041938579521	Bae2025	mouse	SCN2A	1.268041938579521	PN36_3_cKO
08_17_10	-0.6846012610994789	4.334158938714769	Neurons	7	cKO	1.452943467869272	Bae2025	mouse	SCN2A	1.452943467869272	PN36_3_cKO
08_17_23	-3.8340541113220663	-6.9797257963926524	Neurons	10	cKO	2.351345098983823	Bae2025	mouse	SCN2A	2.351345098983823	PN36_3_cKO
08_17_31	-2.602795242150924	9.5335450585573	Neurons	8	cKO	1.598960794609847	Bae2025	mouse	SCN2A	1.598960794609847	PN36_3_cKO
08_17_36	-10.414216874917647	3.1675327237336908	Neurons	2	cKO	1.6816568373691168	Bae2025	mouse	SCN2A	1.6816568373691168	PN36_3_cKO
08_17_68	7.561527372518876	-3.8073448721677985	Oligodendrocytes	1	cKO	0	Bae2025	mouse	SCN2A	0	PN36_3_cKO
08_17_72	1.3286151897109535	2.2788370068757806	Neurons	7	cKO	2.1748500333407303	Bae2025	mouse	SCN2A	2.1748500333407303	PN36_3_cKO
08_17_80	-11.46034037955632	-0.674594599416944	Astrocytes	4	cKO	0	Bae2025	mouse	SCN2A	0	PN36_3_cKO
08_18_21	-3.3682845819794154	8.947170775720386	Neurons	8	cKO	2.0382164173503243	Bae2025	mouse	SCN2A	2.0382164173503243	PN36_3_cKO
08_18_24	8.195188642660478	-3.5430318896085944	Oligodendrocytes	1	cKO	0	Bae2025	mouse	SCN2A	0	PN36_3_cKO
08_18_32	-2.582305787881515	3.308405202218798	Neurons	8	cKO	0	Bae2025	mouse	SCN2A	0	PN36_3_cKO
08_18_59	0.6919462691939857	8.44567541439226	Neurons	8	cKO	1.7089385833538158	Bae2025	mouse	SCN2A	1.7089385833538158	PN36_3_cKO
08_18_75	-6.230100511392257	-12.459246117284986	Astrocytes	4	cKO	0	Bae2025	mouse	SCN2A	0	PN36_3_cKO
08_18_77	3.0349580060637975	-4.868173557928297	Oligodendrocytes	6	cKO	0	Bae2025	mouse	SCN2A	0	PN36_3_cKO
08_19_03	-0.4317330893181775	7.029479544946459	Neurons	8	cKO	1.7107113444557205	Bae2025	mouse	SCN2A	1.7107113444557205	PN36_3_cKO
08_19_06	5.8009997617400675	-5.052153069189283	Oligodendrocytes	6	cKO	0.9652163331671096	Bae2025	mouse	SCN2A	0.9652163331671096	PN36_3_cKO
08_19_09	-3.3077098120056605	5.5369272645204335	Neurons	2	cKO	2.445113541849304	Bae2025	mouse	SCN2A	2.445113541849304	PN36_3_cKO
08_19_15	1.3476859342254188	6.527524512597826	Neurons	8	cKO	1.7550826923491671	Bae2025	mouse	SCN2A	1.7550826923491671	PN36_3_cKO
08_19_23	-10.348318933328292	2.447349112817553	Neurons	2	cKO	0	Bae2025	mouse	SCN2A	0	PN36_3_cKO
08_19_29	1.3990210305846718	2.8391869481294427	Neurons	7	cKO	1.49941490197182	Bae2025	mouse	SCN2A	1.49941490197182	PN36_3_cKO
08_19_35	-2.926841377099654	8.148204367944507	Neurons	8	cKO	1.8134385290059865	Bae2025	mouse	SCN2A	1.8134385290059865	PN36_3_cKO
08_19_36	-2.410576461633346	10.228209060022143	Neurons	8	cKO	1.935474590800408	Bae2025	mouse	SCN2A	1.935474590800408	PN36_3_cKO
08_19_40	-0.533487862726352	4.3662424500673085	Neurons	7	cKO	1.0741573759153584	Bae2025	mouse	SCN2A	1.0741573759153584	PN36_3_cKO
08_19_54	-0.20669674762119988	7.128864329644945	Neurons	8	cKO	1.5913138260703967	Bae2025	mouse	SCN2A	1.5913138260703967	PN36_3_cKO
08_19_81	-3.812133191903732	8.289647620507983	Neurons	8	cKO	1.6103986042060106	Bae2025	mouse	SCN2A	1.6103986042060106	PN36_3_cKO
08_19_84	-4.073206542810103	-7.100793320348951	Neurons	10	cKO	2.126940701620901	Bae2025	mouse	SCN2A	2.126940701620901	PN36_3_cKO
08_19_94	2.822971941152909	6.174570601770189	Neurons	9	cKO	1.7809163659134843	Bae2025	mouse	SCN2A	1.7809163659134843	PN36_3_cKO
08_20_28	-5.077442048867843	-12.080913025549146	Astrocytes	4	cKO	0	Bae2025	mouse	SCN2A	0	PN36_3_cKO
08_20_29	-1.6892352093063805	7.822194617578295	Neurons	8	cKO	1.987649997752594	Bae2025	mouse	SCN2A	1.987649997752594	PN36_3_cKO
08_20_34	-3.0803979624115443	8.897495787927417	Neurons	8	cKO	1.1333840036244764	Bae2025	mouse	SCN2A	1.1333840036244764	PN36_3_cKO
08_20_59	-3.8055542696320033	-1.200050789526197	Neurons	2	cKO	2.61810435685245	Bae2025	mouse	SCN2A	2.61810435685245	PN36_3_cKO
08_20_71	-2.2707675684296107	8.326913398095874	Neurons	8	cKO	1.089954512032024	Bae2025	mouse	SCN2A	1.089954512032024	PN36_3_cKO
08_20_80	-1.487043379624984	6.846616309472826	Neurons	8	cKO	1.5015081479351238	Bae2025	mouse	SCN2A	1.5015081479351238	PN36_3_cKO
08_20_87	-1.6251512754761193	6.905954402276781	Neurons	8	cKO	1.980947591472124	Bae2025	mouse	SCN2A	1.980947591472124	PN36_3_cKO
08_20_88	-4.8376039255463095	-1.8610212389738288	Neurons	2	cKO	1.3706019591639362	Bae2025	mouse	SCN2A	1.3706019591639362	PN36_3_cKO
08_20_93	6.184984327474931	-4.928350407293531	Oligodendrocytes	6	cKO	0	Bae2025	mouse	SCN2A	0	PN36_3_cKO
08_21_03	-3.753955959161422	9.547012847253589	Neurons	8	cKO	2.079332174369616	Bae2025	mouse	SCN2A	2.079332174369616	PN36_3_cKO
08_21_17	7.622667432943681	-4.180610615423414	Oligodendrocytes	1	cKO	0	Bae2025	mouse	SCN2A	0	PN36_3_cKO
08_21_22	8.731276632467607	-3.686827379873487	Oligodendrocytes	1	cKO	0	Bae2025	mouse	SCN2A	0	PN36_3_cKO
08_21_36	0.7163269530929115	-6.106610733679029	Neurons	3	cKO	0	Bae2025	mouse	SCN2A	0	PN36_3_cKO
08_22_11	-3.8921142805420375	-7.29256339710066	Neurons	10	cKO	1.8777279628395056	Bae2025	mouse	SCN2A	1.8777279628395056	PN36_3_cKO
08_22_15	-4.98185908683171	-11.53921933811018	Astrocytes	4	cKO	0	Bae2025	mouse	SCN2A	0	PN36_3_cKO
08_22_26	0.2931114446319129	8.036024611779956	Neurons	8	cKO	1.6674113319713453	Bae2025	mouse	SCN2A	1.6674113319713453	PN36_3_cKO
08_22_46	8.266368986288407	-2.3890313689024176	Oligodendrocytes	5	cKO	0	Bae2025	mouse	SCN2A	0	PN36_3_cKO
08_22_60	8.124067426840165	-1.866811830213758	Oligodendrocytes	5	cKO	1.2759151045659731	Bae2025	mouse	SCN2A	1.2759151045659731	PN36_3_cKO
08_22_76	-2.596787809213302	8.292397063562182	Neurons	8	cKO	1.8200486967979472	Bae2025	mouse	SCN2A	1.8200486967979472	PN36_3_cKO
08_22_91	-10.363704561074874	2.5316512997834955	Neurons	2	cKO	0	Bae2025	mouse	SCN2A	0	PN36_3_cKO
08_23_09	9.428733946005204	-0.5622963492185797	Oligodendrocytes	5	cKO	0	Bae2025	mouse	SCN2A	0	PN36_3_cKO
08_23_17	8.532665373007157	-3.6991629187376223	Oligodendrocytes	1	cKO	0	Bae2025	mouse	SCN2A	0	PN36_3_cKO
08_23_29	-10.736963151773116	0.6058572943895135	Neurons	2	cKO	0	Bae2025	mouse	SCN2A	0	PN36_3_cKO
08_23_55	8.217897535482743	-2.7804851118833747	Oligodendrocytes	1	cKO	0	Bae2025	mouse	SCN2A	0	PN36_3_cKO
08_23_62	-5.415450452645919	-12.340729195287915	Astrocytes	4	cKO	0	Bae2025	mouse	SCN2A	0	PN36_3_cKO
08_23_87	9.181295515219071	-2.1105824295789923	Oligodendrocytes	5	cKO	0	Bae2025	mouse	SCN2A	0	PN36_3_cKO
08_24_24	-5.374523042520186	-11.514399964025708	Astrocytes	4	cKO	0	Bae2025	mouse	SCN2A	0	PN36_3_cKO
08_24_28	8.545944334188798	-2.55550547283003	Oligodendrocytes	5	cKO	0	Bae2025	mouse	SCN2A	0	PN36_3_cKO
08_25_09	-6.797115205606124	-12.580986458471507	Astrocytes	4	cKO	0	Bae2025	mouse	SCN2A	0	PN36_3_cKO
08_25_16	0.06007039658198615	4.451154750177172	Neurons	8	cKO	1.6579785192293344	Bae2025	mouse	SCN2A	1.6579785192293344	PN36_3_cKO
08_25_19	9.057952047506667	-2.666889864614698	Oligodendrocytes	1	cKO	1.3843475241141217	Bae2025	mouse	SCN2A	1.3843475241141217	PN36_3_cKO
08_25_70	0.5291965018905189	4.571139376947191	Neurons	8	cKO	1.2946857855352591	Bae2025	mouse	SCN2A	1.2946857855352591	PN36_3_cKO
08_26_15	-6.487586377938888	-12.5923676077635	Astrocytes	4	cKO	0	Bae2025	mouse	SCN2A	0	PN36_3_cKO
08_26_41	-3.853148816903732	-7.335120636633131	Neurons	10	cKO	0	Bae2025	mouse	SCN2A	0	PN36_3_cKO
08_26_84	-10.008599160989425	2.760346692392138	Neurons	2	cKO	2.2822746376989413	Bae2025	mouse	SCN2A	2.2822746376989413	PN36_3_cKO
08_27_33	8.424018980184892	-3.1713094298155036	Oligodendrocytes	1	cKO	0	Bae2025	mouse	SCN2A	0	PN36_3_cKO
08_27_37	8.40867054573665	-2.9008390490324225	Oligodendrocytes	1	cKO	0.8676911836018373	Bae2025	mouse	SCN2A	0.8676911836018373	PN36_3_cKO
08_27_48	6.157547594229081	-11.83077378909895	Endothelial cells	4	cKO	0	Bae2025	mouse	SCN2A	0	PN36_3_cKO
08_27_75	-1.0149782288872216	6.002296489068773	Neurons	8	cKO	1.5375531032510747	Bae2025	mouse	SCN2A	1.5375531032510747	PN36_3_cKO
08_27_83	-2.864093898614547	9.705931227990892	Neurons	8	cKO	1.683305555766739	Bae2025	mouse	SCN2A	1.683305555766739	PN36_3_cKO
08_28_32	8.384738088766435	-3.798493582418653	Oligodendrocytes	1	cKO	0	Bae2025	mouse	SCN2A	0	PN36_3_cKO
08_28_47	6.238547445455888	-4.737964111974928	Oligodendrocytes	6	cKO	0	Bae2025	mouse	SCN2A	0	PN36_3_cKO
08_28_48	-0.8450440455280754	7.036338847467211	Neurons	8	cKO	1.841293486517119	Bae2025	mouse	SCN2A	1.841293486517119	PN36_3_cKO
08_28_49	-1.6412235487305138	8.702695411035327	Neurons	8	cKO	1.4473418397333555	Bae2025	mouse	SCN2A	1.4473418397333555	PN36_3_cKO
08_28_72	-1.6254476297699425	7.848758261987475	Neurons	8	cKO	0.8529373516679633	Bae2025	mouse	SCN2A	0.8529373516679633	PN36_3_cKO
08_28_74	-9.626145242532392	1.8776033337800777	Neurons	2	cKO	0	Bae2025	mouse	SCN2A	0	PN36_3_cKO
08_28_77	-2.8188482511841273	9.344915908166676	Neurons	8	cKO	2.46375413294012	Bae2025	mouse	SCN2A	2.46375413294012	PN36_3_cKO
08_28_87	0.18464917055735847	6.721547168084887	Neurons	8	cKO	1.9225387834738263	Bae2025	mouse	SCN2A	1.9225387834738263	PN36_3_cKO
08_29_15	-5.819621442636153	-11.52920194309065	Astrocytes	4	cKO	0	Bae2025	mouse	SCN2A	0	PN36_3_cKO
08_29_42	0.6993314038909462	3.641447823831347	Neurons	7	cKO	1.8724941420364931	Bae2025	mouse	SCN2A	1.8724941420364931	PN36_3_cKO
08_29_45	-3.397810577233932	8.642467063257007	Neurons	8	cKO	1.9078938752664711	Bae2025	mouse	SCN2A	1.9078938752664711	PN36_3_cKO
08_29_59	-6.045032380899093	-11.291699845007154	Astrocytes	4	cKO	0	Bae2025	mouse	SCN2A	0	PN36_3_cKO
08_29_60	-3.1217993486725306	9.189271491357593	Neurons	8	cKO	1.841907449732535	Bae2025	mouse	SCN2A	1.841907449732535	PN36_3_cKO
08_29_70	-3.5094379175507044	8.627843421289233	Neurons	8	cKO	2.1193840286675836	Bae2025	mouse	SCN2A	2.1193840286675836	PN36_3_cKO
08_29_73	-0.8099329162441704	6.305387538263109	Neurons	8	cKO	1.472700683378868	Bae2025	mouse	SCN2A	1.472700683378868	PN36_3_cKO
08_29_79	8.542134405294755	-1.6899087015897956	Oligodendrocytes	5	cKO	1.7432463239831446	Bae2025	mouse	SCN2A	1.7432463239831446	PN36_3_cKO
08_29_92	-0.6296393264137718	6.441398661920336	Neurons	8	cKO	1.6325333176101584	Bae2025	mouse	SCN2A	1.6325333176101584	PN36_3_cKO
08_30_15	-1.0877923954330897	5.6697187836854726	Neurons	8	cKO	0.8617251030663926	Bae2025	mouse	SCN2A	0.8617251030663926	PN36_3_cKO
08_30_37	-3.726212381204269	8.848615210840014	Neurons	8	cKO	0	Bae2025	mouse	SCN2A	0	PN36_3_cKO
08_30_83	-3.8467653978668666	8.232729476281909	Neurons	8	cKO	1.5589345699005683	Bae2025	mouse	SCN2A	1.5589345699005683	PN36_3_cKO
08_31_37	-6.503151773294112	-11.379291969946118	Astrocytes	4	cKO	0	Bae2025	mouse	SCN2A	0	PN36_3_cKO
08_31_46	8.36497986427913	-2.9198910776884284	Oligodendrocytes	1	cKO	1.2390066230336765	Bae2025	mouse	SCN2A	1.2390066230336765	PN36_3_cKO
08_31_55	-2.217346905549667	4.766670268365648	Neurons	8	cKO	1.2500316024214049	Bae2025	mouse	SCN2A	1.2500316024214049	PN36_3_cKO
08_31_93	-3.086562036355636	5.471449893304613	Neurons	2	cKO	1.4224758150550971	Bae2025	mouse	SCN2A	1.4224758150550971	PN36_3_cKO
08_31_95	-2.40641689189305	8.467948478051929	Neurons	8	cKO	2.152359824109816	Bae2025	mouse	SCN2A	2.152359824109816	PN36_3_cKO
08_32_07	8.539424062887528	-3.446666199377271	Oligodendrocytes	1	cKO	0	Bae2025	mouse	SCN2A	0	PN36_3_cKO
08_32_12	-3.837466358026168	-0.92478140037367	Neurons	2	cKO	1.5543563061021872	Bae2025	mouse	SCN2A	1.5543563061021872	PN36_3_cKO
08_32_41	-2.4955641020142054	9.9310698922365	Neurons	8	cKO	2.7430880578430834	Bae2025	mouse	SCN2A	2.7430880578430834	PN36_3_cKO
08_32_63	1.8748630296386268	-3.156428772619458	Astrocytes	5	cKO	0	Bae2025	mouse	SCN2A	0	PN36_3_cKO
08_32_76	-1.8427704561554408	5.033606093713549	Neurons	8	cKO	1.2590483443103289	Bae2025	mouse	SCN2A	1.2590483443103289	PN36_3_cKO
08_32_85	0.11409700028071662	7.254806083032396	Neurons	8	cKO	1.7828290998683347	Bae2025	mouse	SCN2A	1.7828290998683347	PN36_3_cKO
08_32_87	7.361358286062577	-4.607466656378004	Oligodendrocytes	1	cKO	0	Bae2025	mouse	SCN2A	0	PN36_3_cKO
08_33_08	8.602919698873857	-3.5473091189176764	Oligodendrocytes	1	cKO	0	Bae2025	mouse	SCN2A	0	PN36_3_cKO
08_33_12	-3.586199878533981	-6.9669766012937755	Neurons	10	cKO	1.5054789387015626	Bae2025	mouse	SCN2A	1.5054789387015626	PN36_3_cKO
08_33_30	-3.884948371728561	-7.378619152715895	Neurons	10	cKO	0	Bae2025	mouse	SCN2A	0	PN36_3_cKO
08_33_32	-2.664748071511886	3.2243318970887933	Neurons	8	cKO	0	Bae2025	mouse	SCN2A	0	PN36_3_cKO
08_33_37	1.2302989970840004	2.9871104176729	Neurons	7	cKO	1.9316468327619276	Bae2025	mouse	SCN2A	1.9316468327619276	PN36_3_cKO
08_33_51	-3.3166753042541957	7.062673133203295	Neurons	8	cKO	1.723300730917309	Bae2025	mouse	SCN2A	1.723300730917309	PN36_3_cKO
08_33_54	-0.123099117358825	7.217633765527514	Neurons	8	cKO	1.6690350720816085	Bae2025	mouse	SCN2A	1.6690350720816085	PN36_3_cKO
08_33_87	2.687185407797196	6.793672126123217	Neurons	9	cKO	1.477591456443751	Bae2025	mouse	SCN2A	1.477591456443751	PN36_3_cKO
08_33_90	0.6647955190337684	3.192057174035815	Neurons	7	cKO	1.6756893393083991	Bae2025	mouse	SCN2A	1.6756893393083991	PN36_3_cKO
08_34_08	0.6605768214858558	3.7495279725282464	Neurons	7	cKO	1.6090540229895445	Bae2025	mouse	SCN2A	1.6090540229895445	PN36_3_cKO
08_34_14	-0.5734980765782807	-6.549154240301344	Neurons	10	cKO	1.727092487688226	Bae2025	mouse	SCN2A	1.727092487688226	PN36_3_cKO
08_34_21	-0.78204658516278	6.178522151300219	Neurons	8	cKO	1.530920802316185	Bae2025	mouse	SCN2A	1.530920802316185	PN36_3_cKO
08_34_24	-3.092322467645309	8.859263938257007	Neurons	8	cKO	1.763975364650632	Bae2025	mouse	SCN2A	1.763975364650632	PN36_3_cKO
08_34_35	0.9882965099013832	6.545790236779955	Neurons	8	cKO	1.9281063789988573	Bae2025	mouse	SCN2A	1.9281063789988573	PN36_3_cKO
08_34_42	-4.900964139779708	-1.9120592657835211	Neurons	2	cKO	1.576356412388265	Bae2025	mouse	SCN2A	1.576356412388265	PN36_3_cKO
08_34_49	7.268167139211991	-3.439123112371656	Oligodendrocytes	1	cKO	0	Bae2025	mouse	SCN2A	0	PN36_3_cKO
08_34_75	7.171154142538407	-3.909755188635083	Oligodendrocytes	1	cKO	0	Bae2025	mouse	SCN2A	0	PN36_3_cKO
08_34_85	0.76289451233516	6.539024394342211	Neurons	8	cKO	1.5187217943436369	Bae2025	mouse	SCN2A	1.5187217943436369	PN36_3_cKO
08_34_91	-1.8471227873169396	8.599590819665698	Neurons	8	cKO	1.8426083062810237	Bae2025	mouse	SCN2A	1.8426083062810237	PN36_3_cKO
08_34_96	-5.364963888009688	-11.600170571020335	Astrocytes	4	cKO	0	Bae2025	mouse	SCN2A	0	PN36_3_cKO
08_35_05	-3.4567316759430384	-7.169390637090895	Neurons	10	cKO	2.066827823551275	Bae2025	mouse	SCN2A	2.066827823551275	PN36_3_cKO
08_35_33	1.809276939550736	-5.3659681860716075	Astrocytes	3	cKO	0.7991009375651316	Bae2025	mouse	SCN2A	0.7991009375651316	PN36_3_cKO
08_35_45	-3.7982398260437464	9.460342925378589	Neurons	2	cKO	1.834095044214974	Bae2025	mouse	SCN2A	1.834095044214974	PN36_3_cKO
08_35_69	6.836309076467851	-4.569443661382887	Oligodendrocytes	6	cKO	0	Bae2025	mouse	SCN2A	0	PN36_3_cKO
08_35_72	-3.2665761698090052	9.617171805688647	Neurons	8	cKO	1.287004063488554	Bae2025	mouse	SCN2A	1.287004063488554	PN36_3_cKO
08_36_14	-3.826121209939621	-6.97162194888899	Neurons	10	cKO	0	Bae2025	mouse	SCN2A	0	PN36_3_cKO
08_36_23	-11.828998445352218	-0.8467709605009284	Fibroblasts	4	cKO	0	Bae2025	mouse	SCN2A	0	PN36_3_cKO
08_36_24	-5.775394796212813	-11.428261238744946	Astrocytes	4	cKO	0	Bae2025	mouse	SCN2A	0	PN36_3_cKO
08_36_37	-0.3055913437210534	-6.386758286169264	Neurons	10	cKO	0	Bae2025	mouse	SCN2A	0	PN36_3_cKO
08_36_54	-1.2056356061302635	5.507418196985033	Neurons	8	cKO	1.7648501493708826	Bae2025	mouse	SCN2A	1.7648501493708826	PN36_3_cKO
08_36_64	2.845769048849442	-3.1593327109129157	Oligodendrocytes	3	cKO	0.8086453555334593	Bae2025	mouse	SCN2A	0.8086453555334593	PN36_3_cKO
08_36_80	-0.19275814183583	3.280319016763476	Neurons	7	cKO	1.6926483600207896	Bae2025	mouse	SCN2A	1.6926483600207896	PN36_3_cKO
08_36_84	-1.6705646503769371	6.121140998193529	Neurons	8	cKO	1.211905856066732	Bae2025	mouse	SCN2A	1.211905856066732	PN36_3_cKO
08_37_31	-0.5211701903544876	8.748515647241382	Neurons	8	cKO	1.6991458366897554	Bae2025	mouse	SCN2A	1.6991458366897554	PN36_3_cKO
08_37_46	-1.5391582239471886	7.441252272912768	Neurons	8	cKO	1.6692137529747133	Bae2025	mouse	SCN2A	1.6692137529747133	PN36_3_cKO
08_37_50	0.8575102101958778	4.161323588678148	Neurons	7	cKO	1.6809451028877649	Bae2025	mouse	SCN2A	1.6809451028877649	PN36_3_cKO
08_37_56	-6.508170007547042	-12.734243828466626	Astrocytes	4	cKO	0	Bae2025	mouse	SCN2A	0	PN36_3_cKO
08_37_64	-3.3606277693115687	-0.8749138895780768	Neurons	2	cKO	2.6064594886016472	Bae2025	mouse	SCN2A	2.6064594886016472	PN36_3_cKO
08_37_82	-1.8194717157684777	8.835322898217944	Neurons	8	cKO	1.7796017670412307	Bae2025	mouse	SCN2A	1.7796017670412307	PN36_3_cKO
08_37_94	-1.9729186285339808	4.799069922754076	Neurons	8	cKO	1.709336894275142	Bae2025	mouse	SCN2A	1.709336894275142	PN36_3_cKO
08_37_95	-2.546952604135177	6.7385287697999745	Neurons	8	cKO	1.898210047467631	Bae2025	mouse	SCN2A	1.898210047467631	PN36_3_cKO
08_38_03	-6.623341916879317	-12.322470146826	Astrocytes	4	cKO	0	Bae2025	mouse	SCN2A	0	PN36_3_cKO
08_38_06	0.9987086068786172	-5.922969299963209	Astrocytes	3	cKO	0	Bae2025	mouse	SCN2A	0	PN36_3_cKO
08_38_10	1.046448470274308	2.0725541527955804	Neurons	7	cKO	1.171298736156634	Bae2025	mouse	SCN2A	1.171298736156634	PN36_3_cKO
08_38_13	-3.0740529287659144	8.069378417321948	Neurons	8	cKO	0.9670817808227228	Bae2025	mouse	SCN2A	0.9670817808227228	PN36_3_cKO
08_38_30	0.28658610693583747	3.3071260865419183	Neurons	7	cKO	1.417850733718746	Bae2025	mouse	SCN2A	1.417850733718746	PN36_3_cKO
08_38_34	1.8105398427642372	-3.0989851538450446	Astrocytes	5	cKO	0	Bae2025	mouse	SCN2A	0	PN36_3_cKO
08_38_40	-2.519581912835738	9.577313941308764	Neurons	8	cKO	1.6403821405022083	Bae2025	mouse	SCN2A	1.6403821405022083	PN36_3_cKO
08_38_50	-5.629352449258468	-10.951034027746411	Astrocytes	4	cKO	0	Bae2025	mouse	SCN2A	0	PN36_3_cKO
08_38_64	-4.475678323587081	-11.615707832983228	Astrocytes	4	cKO	0	Bae2025	mouse	SCN2A	0	PN36_3_cKO
08_38_76	-0.666743411501548	4.486154597589281	Neurons	7	cKO	1.0816382917819367	Bae2025	mouse	SCN2A	1.0816382917819367	PN36_3_cKO
08_39_18	-5.5871499765717	-11.852275330236646	Astrocytes	4	cKO	0	Bae2025	mouse	SCN2A	0	PN36_3_cKO
08_39_29	-2.4223139274918055	10.132224601098804	Neurons	8	cKO	2.246757027850903	Bae2025	mouse	SCN2A	2.246757027850903	PN36_3_cKO
08_39_34	-3.213080285867355	8.870026152917651	Neurons	8	cKO	1.9601005117685817	Bae2025	mouse	SCN2A	1.9601005117685817	PN36_3_cKO
08_39_51	1.220134617010453	6.258404296228197	Neurons	8	cKO	1.6418917972815192	Bae2025	mouse	SCN2A	1.6418917972815192	PN36_3_cKO
08_39_62	9.054691435018876	-2.657004553487989	Oligodendrocytes	1	cKO	1.4874580041061864	Bae2025	mouse	SCN2A	1.4874580041061864	PN36_3_cKO
08_40_23	8.673256040731767	-1.7227373902113166	Oligodendrocytes	5	cKO	0	Bae2025	mouse	SCN2A	0	PN36_3_cKO
08_40_35	-2.6025747049652552	3.3578532155244623	Neurons	8	cKO	1.0970813025473276	Bae2025	mouse	SCN2A	1.0970813025473276	PN36_3_cKO
08_40_53	9.525847555319167	-0.5987700406820502	Oligodendrocytes	5	cKO	0	Bae2025	mouse	SCN2A	0	PN36_3_cKO
08_40_59	-2.1066584575973963	4.961130183526781	Neurons	8	cKO	1.5817270622541832	Bae2025	mouse	SCN2A	1.5817270622541832	PN36_3_cKO
08_40_76	-0.9931624520622704	7.669721167871264	Neurons	8	cKO	1.745617236698867	Bae2025	mouse	SCN2A	1.745617236698867	PN36_3_cKO
08_40_78	-4.17079746611943	-1.441164809873792	Neurons	2	cKO	2.760154472684169	Bae2025	mouse	SCN2A	2.760154472684169	PN36_3_cKO
08_41_16	-3.3824900377594447	-7.266545731237623	Neurons	10	cKO	0	Bae2025	mouse	SCN2A	0	PN36_3_cKO
08_41_24	2.3158038865722204	-2.821703392675611	Oligodendrocytes	5	cKO	0.4278897034929337	Bae2025	mouse	SCN2A	0.4278897034929337	PN36_3_cKO
08_41_38	-9.07431399711003	2.640130561181811	Neurons	8	cKO	2.0259456223307337	Bae2025	mouse	SCN2A	2.0259456223307337	PN36_3_cKO
08_41_51	-1.9866483200394127	4.561242144891527	Neurons	8	cKO	1.9543228314113288	Bae2025	mouse	SCN2A	1.9543228314113288	PN36_3_cKO
08_42_08	-2.761317609628341	8.969103377649096	Neurons	8	cKO	2.318121522684722	Bae2025	mouse	SCN2A	2.318121522684722	PN36_3_cKO
08_42_14	-5.017958043893477	-13.018726784399243	Astrocytes	4	cKO	1.351622279222048	Bae2025	mouse	SCN2A	1.351622279222048	PN36_3_cKO
08_42_26	-3.6859465826355433	-6.899206597021315	Neurons	10	cKO	0	Bae2025	mouse	SCN2A	0	PN36_3_cKO
08_42_35	1.1425102960265665	2.686688464471606	Neurons	7	cKO	1.3018097718397212	Bae2025	mouse	SCN2A	1.3018097718397212	PN36_3_cKO
08_42_49	-1.6473749864899132	8.739117186853198	Neurons	8	cKO	1.94543030259697	Bae2025	mouse	SCN2A	1.94543030259697	PN36_3_cKO
08_42_59	0.09147852770457526	3.3338108475892816	Neurons	7	cKO	0.6551621110696306	Bae2025	mouse	SCN2A	0.6551621110696306	PN36_3_cKO
08_42_65	0.907051087538102	2.6980240758149896	Neurons	7	cKO	1.5769654995487057	Bae2025	mouse	SCN2A	1.5769654995487057	PN36_3_cKO
08_42_74	1.1285040389693763	4.644354384729174	Neurons	7	cKO	1.5543696851711364	Bae2025	mouse	SCN2A	1.5543696851711364	PN36_3_cKO
08_42_76	-0.3455032844149087	3.165995877572802	Neurons	7	cKO	1.924012234488118	Bae2025	mouse	SCN2A	1.924012234488118	PN36_3_cKO
08_42_80	9.129639745870929	-2.482888180425855	Oligodendrocytes	5	cKO	0	Bae2025	mouse	SCN2A	0	PN36_3_cKO
08_43_09	-5.800867437204024	-12.146675545385571	Astrocytes	4	cKO	0	Bae2025	mouse	SCN2A	0	PN36_3_cKO
08_43_24	3.870526434103348	-5.00700660388777	Oligodendrocytes	6	cKO	0	Bae2025	mouse	SCN2A	0	PN36_3_cKO
08_43_35	9.430307508627276	-2.59061928432295	Oligodendrocytes	5	cKO	0	Bae2025	mouse	SCN2A	0	PN36_3_cKO
08_43_41	-1.8132783163391564	7.914290946313646	Neurons	8	cKO	2.170587061339157	Bae2025	mouse	SCN2A	2.170587061339157	PN36_3_cKO
08_43_54	3.590089918295243	6.739420455285814	Neurons	9	cKO	1.3767151202343857	Bae2025	mouse	SCN2A	1.3767151202343857	PN36_3_cKO
08_43_56	-5.0001100290619345	-11.185263115576	Astrocytes	4	cKO	0	Bae2025	mouse	SCN2A	0	PN36_3_cKO
08_43_64	2.2452188741363073	5.094334166833666	Neurons	9	cKO	1.27911917013338	Bae2025	mouse	SCN2A	1.27911917013338	PN36_3_cKO
08_43_69	9.447483183065753	-0.6896436397344794	Oligodendrocytes	5	cKO	0	Bae2025	mouse	SCN2A	0	PN36_3_cKO
08_43_71	8.857301832357743	-2.998505551031324	Oligodendrocytes	1	cKO	0	Bae2025	mouse	SCN2A	0	PN36_3_cKO
08_43_79	6.16969645134578	-11.677182633093093	Endothelial cells	4	cKO	0	Bae2025	mouse	SCN2A	0	PN36_3_cKO
08_44_02	8.80720627419124	-3.530854183843824	Oligodendrocytes	1	cKO	0	Bae2025	mouse	SCN2A	0	PN36_3_cKO
08_44_05	-2.99892794974675	8.59395937282732	Neurons	8	cKO	2.2539355838938624	Bae2025	mouse	SCN2A	2.2539355838938624	PN36_3_cKO
08_44_23	6.869150758901933	-4.131323534658644	Oligodendrocytes	6	cKO	0	Bae2025	mouse	SCN2A	0	PN36_3_cKO
08_44_40	0.5956037055648353	6.606210749933031	Neurons	8	cKO	1.6915679535278074	Bae2025	mouse	SCN2A	1.6915679535278074	PN36_3_cKO
08_44_41	8.472610593954423	-2.77509136836836	Oligodendrocytes	1	cKO	0	Bae2025	mouse	SCN2A	0	PN36_3_cKO
08_44_51	-1.8570451725326989	6.33729271251848	Neurons	8	cKO	2.181034166487125	Bae2025	mouse	SCN2A	2.181034166487125	PN36_3_cKO
08_44_56	3.634406210104325	6.821218055078295	Neurons	9	cKO	1.8856049242200985	Bae2025	mouse	SCN2A	1.8856049242200985	PN36_3_cKO
08_44_63	-2.024974345048568	4.827525180169848	Neurons	8	cKO	1.7327040209905866	Bae2025	mouse	SCN2A	1.7327040209905866	PN36_3_cKO
08_44_65	-3.907747625192306	-6.927473980596754	Neurons	10	cKO	2.14593349055409	Bae2025	mouse	SCN2A	2.14593349055409	PN36_3_cKO
08_44_94	-3.377058385690353	-7.0129336897642345	Neurons	10	cKO	0	Bae2025	mouse	SCN2A	0	PN36_3_cKO
08_45_07	-3.8902033556305384	-1.6295446936399665	Neurons	2	cKO	0	Bae2025	mouse	SCN2A	0	PN36_3_cKO
08_45_24	-1.117211996396682	5.7504964287965565	Neurons	8	cKO	1.983798552695743	Bae2025	mouse	SCN2A	1.983798552695743	PN36_3_cKO
08_45_43	-3.618032573541305	-6.617022473028395	Neurons	10	cKO	0	Bae2025	mouse	SCN2A	0	PN36_3_cKO
08_45_45	0.04184970370898505	8.106279891320971	Neurons	8	cKO	0.8268433400096433	Bae2025	mouse	SCN2A	0.8268433400096433	PN36_3_cKO
08_45_46	-1.1971957076393578	7.295178931543139	Neurons	8	cKO	1.7191534833811914	Bae2025	mouse	SCN2A	1.7191534833811914	PN36_3_cKO
08_46_01	-4.952940820535323	-2.0100949589521613	Neurons	2	cKO	2.828207858867261	Bae2025	mouse	SCN2A	2.828207858867261	PN36_3_cKO
08_46_18	-3.1460818041168666	6.507321399041918	Neurons	8	cKO	0	Bae2025	mouse	SCN2A	0	PN36_3_cKO
08_46_20	-0.1884830284916375	7.443899672815111	Neurons	8	cKO	1.820819973377242	Bae2025	mouse	SCN2A	1.820819973377242	PN36_3_cKO
08_46_29	6.213064790884355	-12.239903885534495	Endothelial cells	4	cKO	0	Bae2025	mouse	SCN2A	0	PN36_3_cKO
08_46_39	-3.2024058092438197	7.870972197839525	Neurons	8	cKO	2.0272530553551924	Bae2025	mouse	SCN2A	2.0272530553551924	PN36_3_cKO
08_46_42	-1.436081169923446	5.227530997583178	Neurons	8	cKO	1.704130640413784	Bae2025	mouse	SCN2A	1.704130640413784	PN36_3_cKO
08_46_55	-2.5857108820282435	3.3135052140443597	Neurons	8	cKO	1.1686173246849485	Bae2025	mouse	SCN2A	1.1686173246849485	PN36_3_cKO
08_46_66	-0.48532385826637486	5.108529609033373	Neurons	8	cKO	1.7910799679996312	Bae2025	mouse	SCN2A	1.7910799679996312	PN36_3_cKO
08_46_70	-11.814994691690108	-0.8090873543531623	Astrocytes	4	cKO	0	Bae2025	mouse	SCN2A	0	PN36_3_cKO
08_46_82	-5.014832376321456	-11.696179825475904	Astrocytes	4	cKO	0	Bae2025	mouse	SCN2A	0	PN36_3_cKO
08_47_01	9.599026800314286	-2.948597389867994	Oligodendrocytes	5	cKO	0	Bae2025	mouse	SCN2A	0	PN36_3_cKO
08_47_22	-5.890815614541671	-11.108027893713208	Astrocytes	4	cKO	0	Bae2025	mouse	SCN2A	0	PN36_3_cKO
08_47_33	2.822502733389237	-2.7743007723600592	Oligodendrocytes	5	cKO	1.202906361336377	Bae2025	mouse	SCN2A	1.202906361336377	PN36_3_cKO
08_47_44	-6.631279825051925	-12.12579961459944	Astrocytes	4	cKO	0	Bae2025	mouse	SCN2A	0	PN36_3_cKO
08_47_56	-0.16357061155667046	3.097530167886523	Neurons	7	cKO	0.7079959653377353	Bae2025	mouse	SCN2A	0.7079959653377353	PN36_3_cKO
08_47_59	1.5546289693511512	6.472163241693285	Neurons	9	cKO	1.7129320206563647	Bae2025	mouse	SCN2A	1.7129320206563647	PN36_3_cKO
08_47_66	-2.0419417608581996	7.844478171655443	Neurons	8	cKO	1.484970243103798	Bae2025	mouse	SCN2A	1.484970243103798	PN36_3_cKO
08_47_78	-0.08953660615315179	4.269605677911547	Neurons	7	cKO	0.9532036053308606	Bae2025	mouse	SCN2A	0.9532036053308606	PN36_3_cKO
08_47_82	-2.4493352163635707	8.594327491113452	Neurons	8	cKO	0.8180794118962087	Bae2025	mouse	SCN2A	0.8180794118962087	PN36_3_cKO
08_47_96	1.2617118369735267	6.422445815393236	Neurons	8	cKO	1.9249492734632616	Bae2025	mouse	SCN2A	1.9249492734632616	PN36_3_cKO
08_48_01	-2.8248089540802455	7.555556338617113	Neurons	8	cKO	1.669656772427155	Bae2025	mouse	SCN2A	1.669656772427155	PN36_3_cKO
08_48_23	-10.069787858804366	2.5583095963685785	Neurons	2	cKO	0	Bae2025	mouse	SCN2A	0	PN36_3_cKO
08_48_26	9.397302747885089	-0.8402955118925299	Oligodendrocytes	5	cKO	1.2845419959629156	Bae2025	mouse	SCN2A	1.2845419959629156	PN36_3_cKO
08_48_75	-5.113626359780929	-11.484027344396802	Astrocytes	4	cKO	0	Bae2025	mouse	SCN2A	0	PN36_3_cKO
08_48_80	1.5547920476592567	3.8092089112489496	Neurons	7	cKO	1.3595897912353037	Bae2025	mouse	SCN2A	1.3595897912353037	PN36_3_cKO
08_49_20	-0.08236437924732903	3.626677792856005	Neurons	7	cKO	1.3298171740594238	Bae2025	mouse	SCN2A	1.3298171740594238	PN36_3_cKO
08_49_53	-2.784471153100631	8.429231208154468	Neurons	8	cKO	1.8713052299430943	Bae2025	mouse	SCN2A	1.8713052299430943	PN36_3_cKO
08_49_58	9.502012373129228	-1.4702281538755622	Oligodendrocytes	5	cKO	0	Bae2025	mouse	SCN2A	0	PN36_3_cKO
08_49_83	0.06693142763743659	8.172140639611987	Neurons	8	cKO	1.6784598321556474	Bae2025	mouse	SCN2A	1.6784598321556474	PN36_3_cKO
08_50_20	-4.985941766580245	-11.945033508947583	Astrocytes	4	cKO	0	Bae2025	mouse	SCN2A	0	PN36_3_cKO
08_50_29	-4.600692151864669	-12.105125862768384	Astrocytes	4	cKO	1.683439409325996	Bae2025	mouse	SCN2A	1.683439409325996	PN36_3_cKO
08_50_32	9.030246854940753	-3.075609404257032	Oligodendrocytes	1	cKO	0	Bae2025	mouse	SCN2A	0	PN36_3_cKO
08_50_46	2.584115625540116	-5.212037045171949	Oligodendrocytes	3	cKO	0	Bae2025	mouse	SCN2A	0	PN36_3_cKO
08_50_71	-6.6730931986175985	-12.810720879247876	Astrocytes	4	cKO	0	Bae2025	mouse	SCN2A	0	PN36_3_cKO
08_50_76	8.166919828573564	-1.6743393723280158	Oligodendrocytes	5	cKO	1.2486709457768626	Bae2025	mouse	SCN2A	1.2486709457768626	PN36_3_cKO
08_51_12	-1.4643373478256676	8.216072600671557	Neurons	8	cKO	2.1182031294442436	Bae2025	mouse	SCN2A	2.1182031294442436	PN36_3_cKO
08_51_23	0.76370656601558	-6.202997643163893	Oligodendrocytes	3	cKO	0	Bae2025	mouse	SCN2A	0	PN36_3_cKO
08_51_80	0.03428867570529242	3.2853622849672113	Neurons	7	cKO	1.7214933738393066	Bae2025	mouse	SCN2A	1.7214933738393066	PN36_3_cKO
08_51_81	-6.798954843362472	-12.190670448950025	Astrocytes	4	cKO	0	Bae2025	mouse	SCN2A	0	PN36_3_cKO
08_51_87	-5.521925329049727	-11.894378143957349	Astrocytes	4	cKO	0	Bae2025	mouse	SCN2A	0	PN36_3_cKO
08_52_14	-1.336658834298751	8.855100196191577	Neurons	8	cKO	2.1735117788259277	Bae2025	mouse	SCN2A	2.1735117788259277	PN36_3_cKO
08_52_23	0.875235558668473	-6.1088456694395274	Oligodendrocytes	3	cKO	0	Bae2025	mouse	SCN2A	0	PN36_3_cKO
08_52_52	9.233529211202958	-2.317618567159864	Oligodendrocytes	5	cKO	0	Bae2025	mouse	SCN2A	0	PN36_3_cKO
08_52_55	0.4782913338340308	-6.284982163122389	Astrocytes	3	cKO	1.3212244173147152	Bae2025	mouse	SCN2A	1.3212244173147152	PN36_3_cKO
08_53_09	0.5249183189071205	3.3076806481569085	Neurons	7	cKO	1.4926623956481553	Bae2025	mouse	SCN2A	1.4926623956481553	PN36_3_cKO
08_53_19	7.536747575918534	-3.972047526052686	Oligodendrocytes	1	cKO	0	Bae2025	mouse	SCN2A	0	PN36_3_cKO
08_53_56	0.6273398410476234	4.140217822381762	Neurons	7	cKO	1.2191924056032457	Bae2025	mouse	SCN2A	1.2191924056032457	PN36_3_cKO
08_53_63	-0.4132428344391797	8.418314498254565	Neurons	8	cKO	1.6690273044075443	Bae2025	mouse	SCN2A	1.6690273044075443	PN36_3_cKO
08_53_65	6.271357656637528	-4.749751526525709	Oligodendrocytes	6	cKO	1.4403488632230173	Bae2025	mouse	SCN2A	1.4403488632230173	PN36_3_cKO
08_54_01	-0.831688611587188	5.887075942346361	Neurons	8	cKO	1.517458480043283	Bae2025	mouse	SCN2A	1.517458480043283	PN36_3_cKO
08_54_10	-3.3104611624084925	-0.9079914275915352	Neurons	2	cKO	0	Bae2025	mouse	SCN2A	0	PN36_3_cKO
08_54_23	9.335263372579911	-3.104409176519605	Oligodendrocytes	1	cKO	0	Bae2025	mouse	SCN2A	0	PN36_3_cKO
08_54_64	1.0006420623458412	-6.043315369299147	Oligodendrocytes	3	cKO	0	Bae2025	mouse	SCN2A	0	PN36_3_cKO
08_54_77	3.299201131979325	7.253506224939135	Neurons	9	cKO	2.1928682100338195	Bae2025	mouse	SCN2A	2.1928682100338195	PN36_3_cKO
08_55_31	0.6364939223922279	5.047009032556322	Neurons	8	cKO	1.720308998273438	Bae2025	mouse	SCN2A	1.720308998273438	PN36_3_cKO
08_55_46	-0.8799015570484612	7.917637389489916	Neurons	8	cKO	2.0445389325122347	Bae2025	mouse	SCN2A	2.0445389325122347	PN36_3_cKO
08_55_56	1.84694254509578	-3.2103600088865485	Astrocytes	6	cKO	1.0972807305485972	Bae2025	mouse	SCN2A	1.0972807305485972	PN36_3_cKO
08_55_67	9.658934713522294	-1.4462930743009772	Oligodendrocytes	5	cKO	0	Bae2025	mouse	SCN2A	0	PN36_3_cKO
08_55_76	7.110777021566728	-4.6152004782469005	Oligodendrocytes	1	cKO	1.6592407349179186	Bae2025	mouse	SCN2A	1.6592407349179186	PN36_3_cKO
08_56_15	-2.1044131506287074	4.9463134225099354	Neurons	8	cKO	1.7712923395501483	Bae2025	mouse	SCN2A	1.7712923395501483	PN36_3_cKO
08_56_47	-0.7141184199654076	5.194725077935961	Neurons	8	cKO	1.617990248898579	Bae2025	mouse	SCN2A	1.617990248898579	PN36_3_cKO
08_56_60	-0.2626993496023629	-6.466792065313551	Neurons	10	cKO	0	Bae2025	mouse	SCN2A	0	PN36_3_cKO
08_56_80	-0.00791710503926018	2.7551181729524408	Neurons	7	cKO	1.5185365935894808	Bae2025	mouse	SCN2A	1.5185365935894808	PN36_3_cKO
08_57_19	0.7370852243102577	4.078368705102709	Neurons	7	cKO	1.847325309239911	Bae2025	mouse	SCN2A	1.847325309239911	PN36_3_cKO
08_57_26	-3.145707248529098	9.033610862085132	Neurons	8	cKO	1.6568330801680593	Bae2025	mouse	SCN2A	1.6568330801680593	PN36_3_cKO
08_57_32	-2.4777494657837367	10.187431853601243	Neurons	8	cKO	1.948256672319044	Bae2025	mouse	SCN2A	1.948256672319044	PN36_3_cKO
08_57_43	-2.322234152635238	9.87816004116228	Neurons	8	cKO	1.868922856940738	Bae2025	mouse	SCN2A	1.868922856940738	PN36_3_cKO
08_57_49	-5.606824277719161	-11.484053093603343	Astrocytes	4	cKO	1.302589495615698	Bae2025	mouse	SCN2A	1.302589495615698	PN36_3_cKO
08_57_71	-0.5634814713202927	7.458016913720873	Neurons	8	cKO	1.4738545712519862	Bae2025	mouse	SCN2A	1.4738545712519862	PN36_3_cKO
08_57_83	-11.179006456216475	-0.1899057530225244	Microglia	4	cKO	0	Bae2025	mouse	SCN2A	0	PN36_3_cKO
08_57_88	1.6706241380370643	-3.019427258184644	Astrocytes	5	cKO	0	Bae2025	mouse	SCN2A	0	PN36_3_cKO
08_58_65	0.16001033894191047	2.67341093380144	Astrocytes	7	cKO	0.9806556750487484	Bae2025	mouse	SCN2A	0.9806556750487484	PN36_3_cKO
08_58_74	-9.906548379739425	2.784457009622362	Neurons	2	cKO	1.77528463202455	Bae2025	mouse	SCN2A	1.77528463202455	PN36_3_cKO
08_58_91	-0.7037645418249581	5.690899890252855	Neurons	8	cKO	1.3855448295420143	Bae2025	mouse	SCN2A	1.3855448295420143	PN36_3_cKO
08_58_96	-10.132884858926436	2.2366571839540277	Neurons	2	cKO	1.8462759520322536	Bae2025	mouse	SCN2A	1.8462759520322536	PN36_3_cKO
08_59_02	-0.27204373367657403	7.471574347802904	Neurons	8	cKO	2.140495846965526	Bae2025	mouse	SCN2A	2.140495846965526	PN36_3_cKO
08_59_21	-2.837127326806686	9.729507964441089	Neurons	8	cKO	1.6612421248261622	Bae2025	mouse	SCN2A	1.6612421248261622	PN36_3_cKO
08_59_43	-1.3895912755333395	7.167133849450853	Neurons	8	cKO	1.7116413580846392	Bae2025	mouse	SCN2A	1.7116413580846392	PN36_3_cKO
08_59_57	-10.119845269998214	2.9775810654847894	Neurons	2	cKO	0	Bae2025	mouse	SCN2A	0	PN36_3_cKO
08_59_69	-0.7821960140072319	6.788571399041918	Neurons	8	cKO	1.77615761026252	Bae2025	mouse	SCN2A	1.77615761026252	PN36_3_cKO
08_59_85	8.140415311972001	-3.428944784811231	Oligodendrocytes	1	cKO	0	Bae2025	mouse	SCN2A	0	PN36_3_cKO
08_59_89	8.236278654257157	-3.7924236838133063	Oligodendrocytes	1	cKO	0	Bae2025	mouse	SCN2A	0	PN36_3_cKO
08_59_94	-4.52390706427922	-11.620127159765454	Astrocytes	4	cKO	0	Bae2025	mouse	SCN2A	0	PN36_3_cKO
08_60_09	0.38894045464167853	3.3565671857087884	Neurons	7	cKO	1.3806212929066528	Bae2025	mouse	SCN2A	1.3806212929066528	PN36_3_cKO
08_60_48	-3.3679939497314906	9.223676245996264	Neurons	8	cKO	1.871266475190042	Bae2025	mouse	SCN2A	1.871266475190042	PN36_3_cKO
08_60_54	-1.8147468555771324	9.24280790645769	Neurons	8	cKO	1.114391040894591	Bae2025	mouse	SCN2A	1.114391040894591	PN36_3_cKO
08_60_55	0.0125638555682685	8.063318770715503	Neurons	8	cKO	1.751530520655376	Bae2025	mouse	SCN2A	1.751530520655376	PN36_3_cKO
08_61_12	-2.675351976236007	9.196775000879075	Neurons	8	cKO	1.6591833106325409	Bae2025	mouse	SCN2A	1.6591833106325409	PN36_3_cKO
08_61_22	0.17611616961131354	-6.362894970586988	Neurons	3	cKO	0	Bae2025	mouse	SCN2A	0	PN36_3_cKO
08_61_28	8.399314047018388	-1.3237455670149054	Oligodendrocytes	5	cKO	0	Bae2025	mouse	SCN2A	0	PN36_3_cKO
08_61_54	-9.36950957663884	1.8753807957856927	Neurons	7	cKO	0	Bae2025	mouse	SCN2A	0	PN36_3_cKO
08_61_75	0.3917126666701819	4.3191280778138905	Neurons	7	cKO	1.6789488285696481	Bae2025	mouse	SCN2A	1.6789488285696481	PN36_3_cKO
08_62_18	6.801879526296952	-4.521924454382154	Oligodendrocytes	6	cKO	0	Bae2025	mouse	SCN2A	0	PN36_3_cKO
08_62_36	8.754024625936845	-2.6976453844816413	Oligodendrocytes	5	cKO	0	Bae2025	mouse	SCN2A	0	PN36_3_cKO
08_62_46	-4.967304109414718	-12.371498543432446	Astrocytes	4	cKO	0	Bae2025	mouse	SCN2A	0	PN36_3_cKO
08_62_55	-5.840565084298751	-11.576241928747388	Astrocytes	4	cKO	0	Bae2025	mouse	SCN2A	0	PN36_3_cKO
08_62_80	-2.351451753457687	7.278236430475023	Neurons	8	cKO	1.4988296672967942	Bae2025	mouse	SCN2A	1.4988296672967942	PN36_3_cKO
08_63_29	2.873753906408646	6.505575698205736	Neurons	9	cKO	1.735699956597592	Bae2025	mouse	SCN2A	1.735699956597592	PN36_3_cKO
08_63_33	-2.626298068841598	9.202096503564624	Neurons	8	cKO	1.1936542024275585	Bae2025	mouse	SCN2A	1.1936542024275585	PN36_3_cKO
08_63_48	-10.2383049715363	2.584462207147387	Neurons	2	cKO	1.9514160129298357	Bae2025	mouse	SCN2A	1.9514160129298357	PN36_3_cKO
08_63_53	-1.9814485300384972	5.5352111275880604	Neurons	8	cKO	1.5427966288599777	Bae2025	mouse	SCN2A	1.5427966288599777	PN36_3_cKO
08_63_75	-2.4428925503097987	8.082665961572436	Neurons	8	cKO	0.643740127861685	Bae2025	mouse	SCN2A	0.643740127861685	PN36_3_cKO
08_63_80	-11.61528956778874	-0.7143577520162787	Fibroblasts	4	cKO	0	Bae2025	mouse	SCN2A	0	PN36_3_cKO
08_63_81	-6.540181039651534	-12.744061905554029	Astrocytes	4	cKO	0	Bae2025	mouse	SCN2A	0	PN36_3_cKO
08_64_10	0.8188962947524574	2.307287734338549	Neurons	7	cKO	0.9364967480477452	Bae2025	mouse	SCN2A	0.9364967480477452	PN36_3_cKO
08_64_16	0.02386391274104377	7.558204215356615	Neurons	8	cKO	1.4219253827590084	Bae2025	mouse	SCN2A	1.4219253827590084	PN36_3_cKO
08_64_26	-3.767582773049972	-7.024795967748854	Neurons	10	cKO	0	Bae2025	mouse	SCN2A	0	PN36_3_cKO
08_64_38	-3.399035571893356	9.43522791225603	Neurons	8	cKO	1.858237815848954	Bae2025	mouse	SCN2A	1.858237815848954	PN36_3_cKO
08_64_46	8.207468153158525	-2.562663513830396	Oligodendrocytes	1	cKO	0	Bae2025	mouse	SCN2A	0	PN36_3_cKO
08_64_69	0.8674435626662758	4.920519393274096	Neurons	7	cKO	1.130092135401745	Bae2025	mouse	SCN2A	1.130092135401745	PN36_3_cKO
08_65_22	-3.280115722497604	5.350214045831469	Neurons	8	cKO	1.824437472750918	Bae2025	mouse	SCN2A	1.824437472750918	PN36_3_cKO
08_65_70	6.4388829480803995	-4.698662716558668	Oligodendrocytes	6	cKO	0	Bae2025	mouse	SCN2A	0	PN36_3_cKO
08_66_06	1.322700740019181	2.678602021524218	Neurons	7	cKO	1.5151691711508526	Bae2025	mouse	SCN2A	1.5151691711508526	PN36_3_cKO
08_66_20	-3.758779167016647	-1.286945182493421	Neurons	2	cKO	2.450420473716831	Bae2025	mouse	SCN2A	2.450420473716831	PN36_3_cKO
08_66_43	0.8414014588988807	3.894755881616381	Neurons	7	cKO	1.5539602044206096	Bae2025	mouse	SCN2A	1.5539602044206096	PN36_3_cKO
08_66_47	8.482566953817704	-2.0077594105512824	Oligodendrocytes	5	cKO	0	Bae2025	mouse	SCN2A	0	PN36_3_cKO
08_66_78	1.1358997832931068	8.554519217798022	Neurons	8	cKO	0.9300689172840452	Bae2025	mouse	SCN2A	0.9300689172840452	PN36_3_cKO
08_66_84	0.6222271930373695	3.1219923909395013	Neurons	7	cKO	0.8635718655716719	Bae2025	mouse	SCN2A	0.8635718655716719	PN36_3_cKO
08_66_90	-2.016392110665939	6.6441684182374745	Neurons	8	cKO	1.597006179757027	Bae2025	mouse	SCN2A	1.597006179757027	PN36_3_cKO
08_66_94	0.98578429333339	-6.0957045141966075	Oligodendrocytes	3	cKO	0	Bae2025	mouse	SCN2A	0	PN36_3_cKO
08_67_20	1.774104000250199	-3.025241810491773	Astrocytes	5	cKO	0.6328674220086451	Bae2025	mouse	SCN2A	0.6328674220086451	PN36_3_cKO
08_67_26	-3.5240370024048304	-1.4416966025144782	Neurons	2	cKO	0	Bae2025	mouse	SCN2A	0	PN36_3_cKO
08_67_35	-3.2244087446533656	9.363225501367358	Neurons	8	cKO	1.435572337613208	Bae2025	mouse	SCN2A	1.435572337613208	PN36_3_cKO
08_67_44	-9.75604236014714	2.045103591272143	Neurons	2	cKO	0	Bae2025	mouse	SCN2A	0	PN36_3_cKO
08_67_49	-1.4890005577408287	8.374519866296557	Neurons	8	cKO	2.1738888712077835	Bae2025	mouse	SCN2A	2.1738888712077835	PN36_3_cKO
08_67_50	-5.808276056131026	-11.066581207922193	Astrocytes	4	cKO	0	Bae2025	mouse	SCN2A	0	PN36_3_cKO
08_67_58	-4.000442622979781	-7.191637474706861	Neurons	10	cKO	1.692422279362423	Bae2025	mouse	SCN2A	1.692422279362423	PN36_3_cKO
08_67_59	-1.4734308708511803	5.284007590600756	Neurons	8	cKO	1.674528479117594	Bae2025	mouse	SCN2A	1.674528479117594	PN36_3_cKO
08_67_77	-4.771498082955977	-1.7807728831083502	Neurons	2	cKO	3.131540024793877	Bae2025	mouse	SCN2A	3.131540024793877	PN36_3_cKO
08_67_83	3.561394334951737	-5.009531933477613	Oligodendrocytes	6	cKO	0	Bae2025	mouse	SCN2A	0	PN36_3_cKO
08_68_13	8.853458524862626	-2.9231311861784186	Oligodendrocytes	1	cKO	0	Bae2025	mouse	SCN2A	0	PN36_3_cKO
08_68_30	-10.39410102256169	2.5707493241517816	Neurons	2	cKO	0	Bae2025	mouse	SCN2A	0	PN36_3_cKO
08_68_57	-2.149440764268539	4.616933863946703	Neurons	8	cKO	1.1662537255860856	Bae2025	mouse	SCN2A	1.1662537255860856	PN36_3_cKO
08_68_72	6.162161470571855	-12.18928380649397	Endothelial cells	4	cKO	0	Bae2025	mouse	SCN2A	0	PN36_3_cKO
08_69_20	-0.03973957785000542	6.67275003750017	Neurons	8	cKO	1.73329560695441	Bae2025	mouse	SCN2A	1.73329560695441	PN36_3_cKO
08_69_37	-3.022075771173141	9.085381072351243	Neurons	8	cKO	1.553620880418353	Bae2025	mouse	SCN2A	1.553620880418353	PN36_3_cKO
08_69_40	8.44332230202327	-2.6433293406278815	Oligodendrocytes	5	cKO	0	Bae2025	mouse	SCN2A	0	PN36_3_cKO
08_69_46	-4.6020058382355185	-10.411280113867017	Astrocytes	4	cKO	1.1820059557151834	Bae2025	mouse	SCN2A	1.1820059557151834	PN36_3_cKO
08_69_59	-2.3115792263351893	9.2570558007448	Neurons	8	cKO	2.1337605429231776	Bae2025	mouse	SCN2A	2.1337605429231776	PN36_3_cKO
08_69_67	-5.652437566598556	-11.199197251013013	Astrocytes	4	cKO	2.1486047886558457	Bae2025	mouse	SCN2A	2.1486047886558457	PN36_3_cKO
08_69_89	-2.271840332826278	6.872309249231127	Neurons	8	cKO	1.344554522448976	Bae2025	mouse	SCN2A	1.344554522448976	PN36_3_cKO
08_69_90	0.29531318060527106	4.793248694726732	Neurons	8	cKO	1.5793225605087435	Bae2025	mouse	SCN2A	1.5793225605087435	PN36_3_cKO
08_70_15	9.314640165487626	-1.9574865881712165	Oligodendrocytes	5	cKO	0	Bae2025	mouse	SCN2A	0	PN36_3_cKO
08_70_16	8.258895994345048	-3.5521919314176764	Oligodendrocytes	1	cKO	0	Bae2025	mouse	SCN2A	0	PN36_3_cKO
08_70_17	-0.32338440307011346	7.164359610864428	Neurons	8	cKO	1.664050205436164	Bae2025	mouse	SCN2A	1.664050205436164	PN36_3_cKO
08_70_20	-1.8007373798691246	7.855358641931322	Neurons	8	cKO	1.5258810230458826	Bae2025	mouse	SCN2A	1.5258810230458826	PN36_3_cKO
08_70_50	-2.00801408179631	8.206578772851733	Neurons	8	cKO	1.5164307468157754	Bae2025	mouse	SCN2A	1.5164307468157754	PN36_3_cKO
08_70_62	-5.4149636019073935	-11.266105133703444	Astrocytes	4	cKO	1.5852438173947905	Bae2025	mouse	SCN2A	1.5852438173947905	PN36_3_cKO
08_70_66	-4.5365456331573935	-9.635540444067212	Astrocytes	10	cKO	0	Bae2025	mouse	SCN2A	0	PN36_3_cKO
08_70_73	2.451549888769486	-5.27780624072859	Oligodendrocytes	3	cKO	0	Bae2025	mouse	SCN2A	0	PN36_3_cKO
08_70_89	-3.476357339700362	-6.873303848913404	Neurons	10	cKO	0	Bae2025	mouse	SCN2A	0	PN36_3_cKO
08_71_17	0.8962509643233803	4.1615910943239	Neurons	7	cKO	0.8234216453387705	Bae2025	mouse	SCN2A	0.8234216453387705	PN36_3_cKO
08_71_25	-3.160592435678146	9.16449980098894	Neurons	8	cKO	1.934638230475248	Bae2025	mouse	SCN2A	1.934638230475248	PN36_3_cKO
08_71_29	0.502677501360276	3.8958735879152098	Neurons	7	cKO	1.6034489168005512	Bae2025	mouse	SCN2A	1.6034489168005512	PN36_3_cKO
08_71_36	9.575375677267411	-0.6074405197412696	Oligodendrocytes	5	cKO	0.7812187807888755	Bae2025	mouse	SCN2A	0.7812187807888755	PN36_3_cKO
08_71_58	1.7379277955688026	4.703383010217455	Neurons	7	cKO	1.644078385026685	Bae2025	mouse	SCN2A	1.644078385026685	PN36_3_cKO
08_72_05	-4.830442308267257	-10.729524094274732	Astrocytes	4	cKO	0	Bae2025	mouse	SCN2A	0	PN36_3_cKO
08_72_15	-5.96552550681462	-11.297633606603831	Astrocytes	4	cKO	0	Bae2025	mouse	SCN2A	0	PN36_3_cKO
08_72_32	6.393903375784257	-4.510353523901197	Oligodendrocytes	6	cKO	1.0385616640354618	Bae2025	mouse	SCN2A	1.0385616640354618	PN36_3_cKO
08_73_12	0.3177487861312415	3.808684867212084	Neurons	7	cKO	1.4691210349567685	Bae2025	mouse	SCN2A	1.4691210349567685	PN36_3_cKO
08_73_15	6.970142961660722	-4.2642530981809825	Oligodendrocytes	6	cKO	1.6505107700340975	Bae2025	mouse	SCN2A	1.6505107700340975	PN36_3_cKO
08_73_17	-5.979438661416671	-11.219685990026685	Astrocytes	4	cKO	1.5022134633382114	Bae2025	mouse	SCN2A	1.5022134633382114	PN36_3_cKO
08_73_58	-0.06877037771572808	2.9816608842103753	Neurons	7	cKO	1.4441721476978615	Bae2025	mouse	SCN2A	1.4441721476978615	PN36_3_cKO
08_73_64	0.08463394753108283	2.784265797921923	Neurons	7	cKO	1.5057973108800518	Bae2025	mouse	SCN2A	1.5057973108800518	PN36_3_cKO
08_73_95	-5.981741308053634	-12.958856064489575	Astrocytes	4	cKO	0	Bae2025	mouse	SCN2A	0	PN36_3_cKO
08_74_16	-3.188115238031051	9.567632239648608	Neurons	8	cKO	1.7526862997276116	Bae2025	mouse	SCN2A	1.7526862997276116	PN36_3_cKO
08_74_28	-3.2895349253021693	-0.834064084699842	Neurons	2	cKO	2.667563271085006	Bae2025	mouse	SCN2A	2.667563271085006	PN36_3_cKO
08_74_49	-1.7661023128830406	7.804727595636156	Neurons	8	cKO	1.7896376246745591	Bae2025	mouse	SCN2A	1.7896376246745591	PN36_3_cKO
08_74_67	-3.7284835565887904	-6.949495274236891	Neurons	10	cKO	0	Bae2025	mouse	SCN2A	0	PN36_3_cKO
08_74_85	2.3851028691924596	6.031241935083178	Neurons	9	cKO	1.7715622948119338	Bae2025	mouse	SCN2A	1.7715622948119338	PN36_3_cKO
08_75_23	-3.480274080117843	8.158957045861987	Neurons	8	cKO	2.2800390922785523	Bae2025	mouse	SCN2A	2.2800390922785523	PN36_3_cKO
08_75_34	0.1445368539489295	-6.414103466680738	Neurons	3	cKO	1.1611060578598846	Bae2025	mouse	SCN2A	1.1611060578598846	PN36_3_cKO
08_75_46	-2.0541352022491908	4.5495286401002675	Neurons	8	cKO	1.514546233198022	Bae2025	mouse	SCN2A	1.514546233198022	PN36_3_cKO
08_75_96	-3.2201622713409876	-6.802712876013014	Neurons	10	cKO	0	Bae2025	mouse	SCN2A	0	PN36_3_cKO
08_76_27	-3.1968842733704066	8.437076133081225	Neurons	8	cKO	2.3767379250726597	Bae2025	mouse	SCN2A	2.3767379250726597	PN36_3_cKO
08_76_32	-10.76529872306218	0.6026776846139703	Neurons	2	cKO	0	Bae2025	mouse	SCN2A	0	PN36_3_cKO
08_76_72	-4.6524208772980185	-11.53203054111311	Astrocytes	4	cKO	0	Bae2025	mouse	SCN2A	0	PN36_3_cKO
08_76_88	-4.4885486353241415	-11.773242432287429	Astrocytes	4	cKO	0	Bae2025	mouse	SCN2A	0	PN36_3_cKO
08_76_95	-4.686678289254806	-12.813725907018872	Astrocytes	4	cKO	0	Bae2025	mouse	SCN2A	0	PN36_3_cKO
08_77_12	1.9146648656524208	-3.2467538897306647	Astrocytes	5	cKO	0	Bae2025	mouse	SCN2A	0	PN36_3_cKO
08_77_15	0.4206519734061744	-6.291027981451246	Neurons	3	cKO	0.894422351789198	Bae2025	mouse	SCN2A	0.894422351789198	PN36_3_cKO
08_77_31	1.0199412118590858	5.1094346459596425	Neurons	8	cKO	1.7331545120994978	Bae2025	mouse	SCN2A	1.7331545120994978	PN36_3_cKO
08_77_33	-11.78681743033757	-0.8465731326849188	Fibroblasts	4	cKO	0	Bae2025	mouse	SCN2A	0	PN36_3_cKO
08_77_39	8.24071514717708	-1.594269949606153	Oligodendrocytes	5	cKO	0	Bae2025	mouse	SCN2A	0	PN36_3_cKO
08_77_77	1.752189756552079	-1.013984579256269	Astrocytes	7	cKO	1.3550281181411608	Bae2025	mouse	SCN2A	1.3550281181411608	PN36_3_cKO
08_78_05	1.0434769403136757	-6.071432072332594	Oligodendrocytes	3	cKO	0	Bae2025	mouse	SCN2A	0	PN36_3_cKO
08_78_08	7.990734220663407	-3.6903903071195807	Oligodendrocytes	1	cKO	0	Bae2025	mouse	SCN2A	0	PN36_3_cKO
08_78_58	-0.4464096294768665	7.202789347955492	Neurons	8	cKO	1.7597748425742823	Bae2025	mouse	SCN2A	1.7597748425742823	PN36_3_cKO
08_78_63	1.295772315183976	6.231121581384447	Neurons	8	cKO	1.463741734549172	Bae2025	mouse	SCN2A	1.463741734549172	PN36_3_cKO
08_78_74	7.091444612661698	-4.273763615301344	Oligodendrocytes	1	cKO	0	Bae2025	mouse	SCN2A	0	PN36_3_cKO
08_78_89	8.172845960775712	-3.8435806814939704	Oligodendrocytes	1	cKO	0	Bae2025	mouse	SCN2A	0	PN36_3_cKO
08_79_04	2.713117958227494	-4.699023682287428	Oligodendrocytes	3	cKO	0.6289179832022092	Bae2025	mouse	SCN2A	0.6289179832022092	PN36_3_cKO
08_79_22	9.055416227499345	-2.0516341511518683	Oligodendrocytes	5	cKO	0	Bae2025	mouse	SCN2A	0	PN36_3_cKO
08_79_27	3.766542555013993	6.614576857873705	Neurons	9	cKO	2.091974832728692	Bae2025	mouse	SCN2A	2.091974832728692	PN36_3_cKO
08_79_75	8.404812933126786	-3.4822527949125495	Oligodendrocytes	1	cKO	0	Bae2025	mouse	SCN2A	0	PN36_3_cKO
08_79_80	3.245786310354569	6.524648230859545	Neurons	9	cKO	2.1780780927922336	Bae2025	mouse	SCN2A	2.1780780927922336	PN36_3_cKO
08_79_84	1.449592591444352	-5.810880142858717	Oligodendrocytes	3	cKO	0	Bae2025	mouse	SCN2A	0	PN36_3_cKO
08_80_21	7.832446218649247	-3.251191336324903	Oligodendrocytes	1	cKO	0	Bae2025	mouse	SCN2A	0	PN36_3_cKO
08_80_30	-2.7182255972229457	7.000231307336596	Neurons	8	cKO	1.934849344288227	Bae2025	mouse	SCN2A	1.934849344288227	PN36_3_cKO
08_80_49	1.1026362191833046	8.59917120296648	Neurons	8	cKO	1.8072914107074631	Bae2025	mouse	SCN2A	1.8072914107074631	PN36_3_cKO
08_80_51	-4.9718812692963095	-1.9827568117887704	Neurons	2	cKO	3.5398225349278825	Bae2025	mouse	SCN2A	3.5398225349278825	PN36_3_cKO
08_80_75	-5.012008546670577	-2.0194632593900885	Neurons	2	cKO	2.3382703213866765	Bae2025	mouse	SCN2A	2.3382703213866765	PN36_3_cKO
08_81_11	-2.1097117651306605	4.521571677514818	Neurons	8	cKO	1.8748405116890463	Bae2025	mouse	SCN2A	1.8748405116890463	PN36_3_cKO
08_81_17	1.1718034755385902	2.3833187039583	Neurons	7	cKO	1.0830577321032169	Bae2025	mouse	SCN2A	1.0830577321032169	PN36_3_cKO
08_81_42	8.657498480001786	-3.534080225637647	Oligodendrocytes	1	cKO	0	Bae2025	mouse	SCN2A	0	PN36_3_cKO
08_81_52	1.5871537934936073	-2.898678261450025	Astrocytes	5	cKO	0.7370681173050136	Bae2025	mouse	SCN2A	0.7370681173050136	PN36_3_cKO
08_81_60	-2.8323050726257777	8.319310706445483	Neurons	8	cKO	0.8766838611188735	Bae2025	mouse	SCN2A	0.8766838611188735	PN36_3_cKO
08_81_75	0.8088660251296547	3.9734526093690663	Neurons	7	cKO	1.419859509906512	Bae2025	mouse	SCN2A	1.419859509906512	PN36_3_cKO
08_81_79	-4.333687185128829	-11.745487648657056	Astrocytes	4	cKO	0	Bae2025	mouse	SCN2A	0	PN36_3_cKO
08_81_81	0.955387474218705	2.4570973332612787	Neurons	7	cKO	1.9752505808012268	Bae2025	mouse	SCN2A	1.9752505808012268	PN36_3_cKO
08_81_94	-3.3850716341339564	8.238122504541186	Neurons	8	cKO	1.5259936978479995	Bae2025	mouse	SCN2A	1.5259936978479995	PN36_3_cKO
08_82_04	-5.2605518091522665	-11.932903725317212	Astrocytes	4	cKO	0	Bae2025	mouse	SCN2A	0	PN36_3_cKO
08_82_18	2.635443569341996	-4.313909012487623	Astrocytes	6	cKO	0	Bae2025	mouse	SCN2A	0	PN36_3_cKO
08_82_77	-4.131396411737105	-7.322315174749586	Neurons	10	cKO	1.9022947142404671	Bae2025	mouse	SCN2A	1.9022947142404671	PN36_3_cKO
08_83_02	1.4222099792159584	2.649983208963183	Neurons	7	cKO	0	Bae2025	mouse	SCN2A	0	PN36_3_cKO
08_83_27	3.2794979821837926	7.305026095697191	Neurons	9	cKO	1.473428382676958	Bae2025	mouse	SCN2A	1.473428382676958	PN36_3_cKO
08_83_43	-0.824114023526809	8.911250632592944	Neurons	8	cKO	1.4021001612910786	Bae2025	mouse	SCN2A	1.4021001612910786	PN36_3_cKO
08_83_45	8.665617109457353	-2.3436019007475104	Oligodendrocytes	5	cKO	0	Bae2025	mouse	SCN2A	0	PN36_3_cKO
08_83_62	0.6785124551452186	6.424900096246508	Neurons	8	cKO	2.0366988826800214	Bae2025	mouse	SCN2A	2.0366988826800214	PN36_3_cKO
08_83_81	6.063182474294999	-12.64591928165266	Endothelial cells	4	cKO	0	Bae2025	mouse	SCN2A	0	PN36_3_cKO
08_84_15	2.88622796646724	-2.8816921297819342	Oligodendrocytes	5	cKO	0.8322709446019063	Bae2025	mouse	SCN2A	0.8322709446019063	PN36_3_cKO
08_84_18	-3.60911214240422	9.607115310022143	Neurons	8	cKO	2.616985729456795	Bae2025	mouse	SCN2A	2.616985729456795	PN36_3_cKO
08_84_37	8.24232304207454	-2.7011017386228766	Oligodendrocytes	5	cKO	0	Bae2025	mouse	SCN2A	0	PN36_3_cKO
08_84_45	-5.688365339120528	-11.49934526126692	Astrocytes	4	cKO	0	Bae2025	mouse	SCN2A	0	PN36_3_cKO
08_84_64	8.984701276937821	-3.132945257833692	Oligodendrocytes	1	cKO	0	Bae2025	mouse	SCN2A	0	PN36_3_cKO
08_84_90	-3.00931441672673	9.532508414575366	Neurons	8	cKO	1.2397038057397431	Bae2025	mouse	SCN2A	1.2397038057397431	PN36_3_cKO
08_85_03	-3.8307105291687464	-1.72784753482649	Neurons	2	cKO	3.19836942609886	Bae2025	mouse	SCN2A	3.19836942609886	PN36_3_cKO
08_85_28	-2.557678579171798	6.900526564904955	Neurons	8	cKO	0.8770936040106173	Bae2025	mouse	SCN2A	0.8770936040106173	PN36_3_cKO
08_85_49	8.688423277059892	-3.3643452708036627	Oligodendrocytes	1	cKO	0	Bae2025	mouse	SCN2A	0	PN36_3_cKO
08_85_67	8.822349668661454	-3.28546996753523	Oligodendrocytes	1	cKO	0	Bae2025	mouse	SCN2A	0	PN36_3_cKO
08_86_31	-2.2580161083542323	4.8044701035707265	Neurons	8	cKO	2.2443782612158985	Bae2025	mouse	SCN2A	2.2443782612158985	PN36_3_cKO
08_86_43	-6.357260106881759	-12.3445705954344	Astrocytes	4	cKO	0	Bae2025	mouse	SCN2A	0	PN36_3_cKO
08_86_44	8.653682829061845	-3.5513071600706305	Oligodendrocytes	1	cKO	0	Bae2025	mouse	SCN2A	0	PN36_3_cKO
08_86_45	-4.464536546548507	-9.631631333044265	Astrocytes	10	cKO	1.1042438401564771	Bae2025	mouse	SCN2A	1.1042438401564771	PN36_3_cKO
08_87_25	-5.033871053537032	-2.0342735831052985	Neurons	2	cKO	2.333630528241064	Bae2025	mouse	SCN2A	2.333630528241064	PN36_3_cKO
08_87_28	-3.4036971319519496	-6.904375511816236	Neurons	10	cKO	2.577970778465797	Bae2025	mouse	SCN2A	2.577970778465797	PN36_3_cKO
08_87_34	1.0291873227752235	3.994868796655444	Neurons	7	cKO	1.3576192901653397	Bae2025	mouse	SCN2A	1.3576192901653397	PN36_3_cKO
08_87_35	-6.626813291391036	-11.366836029699536	Astrocytes	4	cKO	0	Bae2025	mouse	SCN2A	0	PN36_3_cKO
08_87_46	-11.099751352151534	-1.6348211352140631	Astrocytes	4	cKO	0	Bae2025	mouse	SCN2A	0	PN36_3_cKO
08_87_60	7.029935003439286	-4.343656498602125	Oligodendrocytes	1	cKO	0	Bae2025	mouse	SCN2A	0	PN36_3_cKO
08_87_70	-3.942636607965133	-1.6134521548063483	Neurons	2	cKO	0	Bae2025	mouse	SCN2A	0	PN36_3_cKO
08_87_74	7.862631918112138	-3.105029064825269	Oligodendrocytes	1	cKO	0	Bae2025	mouse	SCN2A	0	PN36_3_cKO
08_87_81	-3.2175041426025843	-6.7080583159239024	Neurons	10	cKO	0	Bae2025	mouse	SCN2A	0	PN36_3_cKO
08_87_90	-2.126361011346481	8.887859862634448	Neurons	8	cKO	1.3056209905988203	Bae2025	mouse	SCN2A	1.3056209905988203	PN36_3_cKO
08_88_18	9.506007314840652	-1.1940698210508551	Oligodendrocytes	5	cKO	0	Bae2025	mouse	SCN2A	0	PN36_3_cKO
08_88_21	-2.147237061341903	9.602521460840014	Neurons	8	cKO	1.9248659333876676	Bae2025	mouse	SCN2A	1.9248659333876676	PN36_3_cKO
08_88_37	-3.833385347207687	-6.93829675357649	Neurons	10	cKO	0	Bae2025	mouse	SCN2A	0	PN36_3_cKO
08_88_70	-5.827234147866866	-11.119671303442212	Astrocytes	4	cKO	0	Bae2025	mouse	SCN2A	0	PN36_3_cKO
08_88_75	-1.6295844305359335	7.2354064400880604	Neurons	8	cKO	1.8496496777356688	Bae2025	mouse	SCN2A	1.8496496777356688	PN36_3_cKO
08_89_06	-0.04249113686909417	6.688891928979662	Neurons	8	cKO	1.6584280583872348	Bae2025	mouse	SCN2A	1.6584280583872348	PN36_3_cKO
08_89_15	3.4217499505675817	6.688994925805834	Neurons	9	cKO	1.497885426528353	Bae2025	mouse	SCN2A	1.497885426528353	PN36_3_cKO
08_89_30	-5.378186582406661	-11.27475400607893	Astrocytes	4	cKO	0	Bae2025	mouse	SCN2A	0	PN36_3_cKO
08_89_32	-4.2876054037415	-12.171988922765944	Astrocytes	4	cKO	0	Bae2025	mouse	SCN2A	0	PN36_3_cKO
08_89_67	-6.959836839517257	-12.445540863683911	Astrocytes	4	cKO	0	Bae2025	mouse	SCN2A	0	PN36_3_cKO
08_89_75	-10.76611029990544	0.5493683036058221	Neurons	4	cKO	1.4853401395920618	Bae2025	mouse	SCN2A	1.4853401395920618	PN36_3_cKO
08_90_05	-4.665990709146163	-10.600730377844068	Astrocytes	4	cKO	0	Bae2025	mouse	SCN2A	0	PN36_3_cKO
08_90_19	7.931207777181962	-3.5271069590360846	Oligodendrocytes	1	cKO	1.5319370085144932	Bae2025	mouse	SCN2A	1.5319370085144932	PN36_3_cKO
08_90_38	9.504907728353835	-0.685963589361402	Oligodendrocytes	5	cKO	0	Bae2025	mouse	SCN2A	0	PN36_3_cKO
08_90_53	-2.476332305749557	7.291614096948412	Neurons	8	cKO	1.755874500467344	Bae2025	mouse	SCN2A	1.755874500467344	PN36_3_cKO
08_91_27	-1.9336251009308312	8.546231787988452	Neurons	8	cKO	1.6503650031962755	Bae2025	mouse	SCN2A	1.6503650031962755	PN36_3_cKO
08_91_48	-3.742394565423629	-1.00207449834654	Neurons	2	cKO	1.4232525681142838	Bae2025	mouse	SCN2A	1.4232525681142838	PN36_3_cKO
08_92_04	-2.531761287530563	8.732894461938647	Neurons	8	cKO	2.2494462725882856	Bae2025	mouse	SCN2A	2.2494462725882856	PN36_3_cKO
08_92_05	0.8285204183257606	3.84808019954851	Neurons	7	cKO	1.4745639831773294	Bae2025	mouse	SCN2A	1.4745639831773294	PN36_3_cKO
08_92_11	0.46688789240489265	3.070102017709521	Neurons	7	cKO	1.013306295205318	Bae2025	mouse	SCN2A	1.013306295205318	PN36_3_cKO
08_92_27	-2.6093553293549037	8.783842604944018	Neurons	8	cKO	1.0676646673884835	Bae2025	mouse	SCN2A	1.0676646673884835	PN36_3_cKO
08_92_37	-4.977236150582931	-1.988812047651502	Neurons	2	cKO	3.120975076836399	Bae2025	mouse	SCN2A	3.120975076836399	PN36_3_cKO
08_92_40	3.1308237325347448	7.10917524654558	Neurons	9	cKO	1.9860986190171117	Bae2025	mouse	SCN2A	1.9860986190171117	PN36_3_cKO
08_92_54	0.7431139957107094	-6.027942139318678	Astrocytes	3	cKO	0	Bae2025	mouse	SCN2A	0	PN36_3_cKO
08_93_24	-6.979130624612472	-11.531346756628247	Astrocytes	4	cKO	0	Bae2025	mouse	SCN2A	0	PN36_3_cKO
08_93_30	0.05318307987818976	3.964081805536059	Neurons	7	cKO	1.498165439328634	Bae2025	mouse	SCN2A	1.498165439328634	PN36_3_cKO
08_93_39	-2.1423817861877894	4.912015002557543	Neurons	8	cKO	1.954270825234564	Bae2025	mouse	SCN2A	1.954270825234564	PN36_3_cKO
08_93_47	6.087297559896806	-12.59314294498274	Endothelial cells	4	cKO	0	Bae2025	mouse	SCN2A	0	PN36_3_cKO
08_93_49	-4.730911134561202	-11.414810616186353	Astrocytes	4	cKO	1.434840764052246	Bae2025	mouse	SCN2A	1.434840764052246	PN36_3_cKO
08_93_51	-3.361607192834518	9.475730460473804	Neurons	8	cKO	1.4091474033136395	Bae2025	mouse	SCN2A	1.4091474033136395	PN36_3_cKO
08_93_57	-2.2638289917313075	7.778574031183031	Neurons	8	cKO	2.323514139263846	Bae2025	mouse	SCN2A	2.323514139263846	PN36_3_cKO
08_93_71	-4.6087316263519735	-1.743343550375196	Neurons	2	cKO	2.529774736017784	Bae2025	mouse	SCN2A	2.529774736017784	PN36_3_cKO
08_93_91	-11.068267701944016	-1.656647640875074	Epithelial cells	4	cKO	0	Bae2025	mouse	SCN2A	0	PN36_3_cKO
08_94_04	1.274700046697953	-5.947884518316481	Oligodendrocytes	3	cKO	0	Bae2025	mouse	SCN2A	0	PN36_3_cKO
08_94_07	-3.73172390349736	7.949246924707201	Neurons	8	cKO	1.875931725974714	Bae2025	mouse	SCN2A	1.875931725974714	PN36_3_cKO
08_94_24	-11.785938142617844	-0.8084832016737189	Astrocytes	4	cKO	0	Bae2025	mouse	SCN2A	0	PN36_3_cKO
08_94_46	0.1904379736579444	7.883586448022631	Neurons	8	cKO	1.798527519288335	Bae2025	mouse	SCN2A	1.798527519288335	PN36_3_cKO
08_94_61	0.48424488417277595	4.100070994684008	Neurons	7	cKO	1.6673405434871518	Bae2025	mouse	SCN2A	1.6673405434871518	PN36_3_cKO
08_94_80	8.258045316854814	-3.648533064535352	Oligodendrocytes	1	cKO	0	Bae2025	mouse	SCN2A	0	PN36_3_cKO
08_94_81	-2.6089833963715052	11.700336974450854	Neurons	8	cKO	1.2493804369193349	Bae2025	mouse	SCN2A	1.2493804369193349	PN36_3_cKO
08_94_83	7.007341505209306	-3.5754367892057624	Oligodendrocytes	6	cKO	0.9852254165949986	Bae2025	mouse	SCN2A	0.9852254165949986	PN36_3_cKO
08_94_91	7.341494203726152	-3.7750310484678473	Oligodendrocytes	1	cKO	1.101822564298358	Bae2025	mouse	SCN2A	1.101822564298358	PN36_3_cKO
08_94_94	-5.868479131539962	-11.4039606634886	Astrocytes	4	cKO	0	Bae2025	mouse	SCN2A	0	PN36_3_cKO
08_95_03	9.46086895577083	-0.7053113166601386	Oligodendrocytes	5	cKO	0	Bae2025	mouse	SCN2A	0	PN36_3_cKO
08_95_05	3.543288589636185	-4.968459088018629	Oligodendrocytes	6	cKO	0	Bae2025	mouse	SCN2A	0	PN36_3_cKO
08_95_18	-6.476375936349532	-11.562006432226392	Astrocytes	4	cKO	0	Bae2025	mouse	SCN2A	0	PN36_3_cKO
08_95_22	7.665278555075028	-2.48785730045149	Oligodendrocytes	1	cKO	0	Bae2025	mouse	SCN2A	0	PN36_3_cKO
08_95_37	-0.00126513727535942	8.269502204248218	Neurons	8	cKO	1.1316019891937144	Bae2025	mouse	SCN2A	1.1316019891937144	PN36_3_cKO
08_95_68	-6.0736001718842	-12.659998375585769	Astrocytes	4	cKO	0	Bae2025	mouse	SCN2A	0	PN36_3_cKO
08_95_70	-3.1966840017639613	-7.305127102544996	Neurons	10	cKO	0	Bae2025	mouse	SCN2A	0	PN36_3_cKO
08_96_12	-9.999695657571456	2.1165626462190423	Neurons	2	cKO	1.893135747003989	Bae2025	mouse	SCN2A	1.893135747003989	PN36_3_cKO
08_96_17	3.211094499746659	7.220232051202562	Neurons	9	cKO	0	Bae2025	mouse	SCN2A	0	PN36_3_cKO
08_96_21	6.957958341757157	-5.19144149463484	Oligodendrocytes	6	cKO	0	Bae2025	mouse	SCN2A	0	PN36_3_cKO
08_96_30	-3.731199382623336	-6.7517923895628185	Neurons	10	cKO	0	Bae2025	mouse	SCN2A	0	PN36_3_cKO
08_96_48	-2.274837731202743	8.758201163598804	Neurons	8	cKO	1.518710652935273	Bae2025	mouse	SCN2A	1.518710652935273	PN36_3_cKO
08_96_53	-0.705935357888839	4.326807540246752	Neurons	7	cKO	1.8129019058018645	Bae2025	mouse	SCN2A	1.8129019058018645	PN36_3_cKO
08_96_91	-1.208905934175155	7.853516143152025	Neurons	8	cKO	1.8859843881241256	Bae2025	mouse	SCN2A	1.8859843881241256	PN36_3_cKO
09_01_08	0.4892263423598792	8.519287627527026	Neurons	8	cKO	2.0799959058529316	Bae2025	mouse	SCN2A	2.0799959058529316	PN36_3_cKO
09_01_14	0.8747087728179481	4.57983068782976	Neurons	7	cKO	1.3707992425616762	Bae2025	mouse	SCN2A	1.3707992425616762	PN36_3_cKO
09_01_43	-3.2717958677612757	9.746865790674	Neurons	8	cKO	1.5603440451053725	Bae2025	mouse	SCN2A	1.5603440451053725	PN36_3_cKO
09_01_48	-3.468789933999679	8.650956672021655	Neurons	8	cKO	1.3795450113631476	Bae2025	mouse	SCN2A	1.3795450113631476	PN36_3_cKO
09_01_88	2.947235227743485	-2.4336056296140876	Neurons	5	cKO	1.4468998655844605	Bae2025	mouse	SCN2A	1.4468998655844605	PN36_3_cKO
09_01_95	-4.132794498284957	-7.134074169805738	Neurons	10	cKO	2.446557567905548	Bae2025	mouse	SCN2A	2.446557567905548	PN36_3_cKO
09_02_05	3.5881005536712194	6.7593698914735585	Neurons	9	cKO	1.9803160423771953	Bae2025	mouse	SCN2A	1.9803160423771953	PN36_3_cKO
09_02_28	9.52056896797786	-0.7100988213331427	Oligodendrocytes	5	cKO	0.8715557469389994	Bae2025	mouse	SCN2A	0.8715557469389994	PN36_3_cKO
09_02_32	9.493898512045243	-1.8245340172559943	Oligodendrocytes	5	cKO	0	Bae2025	mouse	SCN2A	0	PN36_3_cKO
09_02_34	2.093202711263993	-2.656706768682691	Astrocytes	7	cKO	0.6320816999434415	Bae2025	mouse	SCN2A	0.6320816999434415	PN36_3_cKO
09_02_39	3.3218485128081823	6.447819751092699	Neurons	9	cKO	2.1089960483560244	Bae2025	mouse	SCN2A	2.1089960483560244	PN36_3_cKO
09_02_42	1.2387785922683263	4.009925883600023	Neurons	7	cKO	1.6202705805709274	Bae2025	mouse	SCN2A	1.6202705805709274	PN36_3_cKO
09_02_54	-9.208459733804366	2.6176236088960443	Neurons	7	cKO	1.2889052605526132	Bae2025	mouse	SCN2A	1.2889052605526132	PN36_3_cKO
09_02_87	-2.896435378869674	-7.119779545477125	Neurons	10	cKO	0	Bae2025	mouse	SCN2A	0	PN36_3_cKO
09_03_32	-3.1995297659241175	6.637285750695971	Neurons	8	cKO	0	Bae2025	mouse	SCN2A	0	PN36_3_cKO
09_03_58	-1.7222799051605675	8.920307677575854	Neurons	8	cKO	1.3436325092403378	Bae2025	mouse	SCN2A	1.3436325092403378	PN36_3_cKO
09_03_84	-3.4868711222015834	-6.514617878607008	Neurons	10	cKO	1.9056978576898296	Bae2025	mouse	SCN2A	1.9056978576898296	PN36_3_cKO
09_03_89	0.6776777516997841	4.126303714105394	Neurons	8	cKO	1.6720868236969582	Bae2025	mouse	SCN2A	1.6720868236969582	PN36_3_cKO
09_03_92	-1.9674668300949547	7.655151408502367	Neurons	8	cKO	1.6131970568429734	Bae2025	mouse	SCN2A	1.6131970568429734	PN36_3_cKO
09_04_05	-4.74382197745671	-11.763460594824048	Astrocytes	4	cKO	0	Bae2025	mouse	SCN2A	0	PN36_3_cKO
09_04_10	1.0534983884490516	-6.024918038061354	Oligodendrocytes	3	cKO	0	Bae2025	mouse	SCN2A	0	PN36_3_cKO
09_04_14	-1.615738152345321	5.867778342553881	Neurons	8	cKO	1.625141015471912	Bae2025	mouse	SCN2A	1.625141015471912	PN36_3_cKO
09_04_16	9.40356457344661	-2.415520149877759	Oligodendrocytes	5	cKO	0	Bae2025	mouse	SCN2A	0	PN36_3_cKO
09_04_45	-4.017454265435836	-1.3661474768430917	Neurons	2	cKO	1.8749184017986815	Bae2025	mouse	SCN2A	1.8749184017986815	PN36_3_cKO
09_04_58	-0.5119451198779557	4.380061190912035	Neurons	7	cKO	1.2878350537187753	Bae2025	mouse	SCN2A	1.2878350537187753	PN36_3_cKO
09_05_24	0.7328892957366493	4.34398273784807	Neurons	7	cKO	1.0644814806009024	Bae2025	mouse	SCN2A	1.0644814806009024	PN36_3_cKO
09_05_34	8.427793623129228	-2.9471010748655524	Oligodendrocytes	1	cKO	1.1108948023703469	Bae2025	mouse	SCN2A	1.1108948023703469	PN36_3_cKO
09_05_37	-5.496260522683761	-12.129641014745925	Astrocytes	4	cKO	0	Bae2025	mouse	SCN2A	0	PN36_3_cKO
09_05_39	9.14899265877376	-2.0921290699751105	Oligodendrocytes	5	cKO	0	Bae2025	mouse	SCN2A	0	PN36_3_cKO
09_05_53	0.6620208036101844	2.422758858987597	Neurons	7	cKO	0.6724824352354964	Bae2025	mouse	SCN2A	0.6724824352354964	PN36_3_cKO
09_05_68	-1.697660325845382	7.392173808404711	Neurons	8	cKO	1.8483761819812643	Bae2025	mouse	SCN2A	1.8483761819812643	PN36_3_cKO
09_05_74	2.236985326925614	-0.1920311484844413	Neurons	7	cKO	2.446557567905548	Bae2025	mouse	SCN2A	2.446557567905548	PN36_3_cKO
09_05_81	-0.4308610826783393	5.794453662225512	Neurons	8	cKO	0.6429904373250503	Bae2025	mouse	SCN2A	0.6429904373250503	PN36_3_cKO
09_05_89	-10.293298600991866	2.3589530404298578	Neurons	2	cKO	1.9681796845284956	Bae2025	mouse	SCN2A	1.9681796845284956	PN36_3_cKO
09_05_93	5.2420469533599405	-5.138673741033766	Oligodendrocytes	6	cKO	0.7905797136902467	Bae2025	mouse	SCN2A	0.7905797136902467	PN36_3_cKO
09_06_16	-1.4566029299103234	7.441487353631762	Neurons	8	cKO	1.9382352961467155	Bae2025	mouse	SCN2A	1.9382352961467155	PN36_3_cKO
09_06_38	7.98465645424495	-3.628463465383741	Oligodendrocytes	1	cKO	1.2470779048607596	Bae2025	mouse	SCN2A	1.2470779048607596	PN36_3_cKO
09_06_53	-2.8594509352051234	6.489356082269457	Neurons	8	cKO	1.4442216353443498	Bae2025	mouse	SCN2A	1.4442216353443498	PN36_3_cKO
09_06_58	-3.147066711267135	8.410872977563647	Neurons	8	cKO	1.462821340293582	Bae2025	mouse	SCN2A	1.462821340293582	PN36_3_cKO
09_06_76	-0.6257553387485955	8.464738410302905	Neurons	8	cKO	1.6694235684743173	Bae2025	mouse	SCN2A	1.6694235684743173	PN36_3_cKO
09_06_87	-3.234562515100143	-7.248195606878492	Neurons	10	cKO	1.242852084595914	Bae2025	mouse	SCN2A	1.242852084595914	PN36_3_cKO
09_06_88	-1.5665166366898031	7.968419593164232	Neurons	8	cKO	1.500226118381706	Bae2025	mouse	SCN2A	1.500226118381706	PN36_3_cKO
09_07_53	-3.240675567468307	-6.417907196691725	Neurons	10	cKO	0	Bae2025	mouse	SCN2A	0	PN36_3_cKO
09_08_17	0.3753454696334388	4.17338947612932	Neurons	7	cKO	1.393278220289859	Bae2025	mouse	SCN2A	1.393278220289859	PN36_3_cKO
09_08_25	8.711987615743974	-1.815181929281446	Oligodendrocytes	5	cKO	0	Bae2025	mouse	SCN2A	0	PN36_3_cKO
09_08_67	-1.445490895589492	8.873060744592456	Neurons	8	cKO	1.0013887935053456	Bae2025	mouse	SCN2A	1.0013887935053456	PN36_3_cKO
09_08_91	-4.3886858213745565	-12.427915054968093	Astrocytes	4	cKO	0	Bae2025	mouse	SCN2A	0	PN36_3_cKO
09_09_09	-2.859299300988815	6.5926852639405995	Neurons	8	cKO	1.8153091031051796	Bae2025	mouse	SCN2A	1.8153091031051796	PN36_3_cKO
09_09_15	-4.353756307443282	-1.5726949755460944	Neurons	2	cKO	2.0547691313352106	Bae2025	mouse	SCN2A	2.0547691313352106	PN36_3_cKO
09_09_18	-9.849275468667647	2.873660605737475	Neurons	8	cKO	0	Bae2025	mouse	SCN2A	0	PN36_3_cKO
09_09_35	-1.3139681804977867	7.549871486017016	Neurons	8	cKO	1.3870898881985074	Bae2025	mouse	SCN2A	1.3870898881985074	PN36_3_cKO
09_09_84	0.8772621165908363	8.092253249475268	Neurons	8	cKO	1.7044249858334042	Bae2025	mouse	SCN2A	1.7044249858334042	PN36_3_cKO
09_09_87	8.496044279257157	-3.327867943456861	Oligodendrocytes	1	cKO	0	Bae2025	mouse	SCN2A	0	PN36_3_cKO
09_10_06	-11.11582076438298	-1.5980057303220954	Astrocytes	4	cKO	0	Bae2025	mouse	SCN2A	0	PN36_3_cKO
09_10_10	-6.327447770913741	-12.738055664709302	Astrocytes	4	cKO	0	Bae2025	mouse	SCN2A	0	PN36_3_cKO
09_10_23	-2.1577687252365565	7.416096728631762	Neurons	8	cKO	1.6540918790294832	Bae2025	mouse	SCN2A	1.6540918790294832	PN36_3_cKO
09_10_33	-5.131114839395186	-11.331962067297193	Astrocytes	4	cKO	0	Bae2025	mouse	SCN2A	0	PN36_3_cKO
09_10_40	-1.9606704700790856	4.759512465783861	Neurons	8	cKO	1.6594992042039447	Bae2025	mouse	SCN2A	1.6594992042039447	PN36_3_cKO
09_10_48	-4.851289151986739	-1.916819769552442	Neurons	2	cKO	1.7855366737897858	Bae2025	mouse	SCN2A	1.7855366737897858	PN36_3_cKO
09_10_52	-4.619311212381026	-11.997168022802564	Astrocytes	4	cKO	1.1070834970514296	Bae2025	mouse	SCN2A	1.1070834970514296	PN36_3_cKO
09_10_71	-1.5434825409256432	8.743741553613452	Neurons	8	cKO	1.7534359424060968	Bae2025	mouse	SCN2A	1.7534359424060968	PN36_3_cKO
09_10_77	1.9643415223754432	-3.223481852224561	Astrocytes	5	cKO	0	Bae2025	mouse	SCN2A	0	PN36_3_cKO
09_10_80	6.542089582601884	-4.7660440985471935	Oligodendrocytes	6	cKO	1.067226527689309	Bae2025	mouse	SCN2A	1.067226527689309	PN36_3_cKO
09_10_89	-3.533665298303268	7.832916301080492	Neurons	8	cKO	1.8956952480088607	Bae2025	mouse	SCN2A	1.8956952480088607	PN36_3_cKO
09_11_06	-4.814731954415938	-12.74169679324934	Astrocytes	4	cKO	0	Bae2025	mouse	SCN2A	0	PN36_3_cKO
09_11_14	-1.0889224994980309	6.557593863794115	Neurons	8	cKO	1.5795434374223989	Bae2025	mouse	SCN2A	1.5795434374223989	PN36_3_cKO
09_11_50	0.6165810834563759	8.446279090234546	Neurons	8	cKO	1.3521885536757443	Bae2025	mouse	SCN2A	1.3521885536757443	PN36_3_cKO
09_11_58	-5.026402829965255	-11.611316162756175	Astrocytes	4	cKO	0	Bae2025	mouse	SCN2A	0	PN36_3_cKO
09_11_64	0.6664309512771156	4.1232920106141835	Neurons	7	cKO	1.70733838501255	Bae2025	mouse	SCN2A	1.70733838501255	PN36_3_cKO
09_12_13	8.720220686117509	-3.119230705908033	Oligodendrocytes	1	cKO	0	Bae2025	mouse	SCN2A	0	PN36_3_cKO
09_12_40	-0.1830761123501275	8.407341521569995	Neurons	8	cKO	1.7270449633300529	Bae2025	mouse	SCN2A	1.7270449633300529	PN36_3_cKO
09_12_43	0.8521307717956093	7.939370673486498	Neurons	8	cKO	1.5004709744397988	Bae2025	mouse	SCN2A	1.5004709744397988	PN36_3_cKO
09_12_44	-3.7211550463043666	-7.440233666113111	Neurons	10	cKO	0	Bae2025	mouse	SCN2A	0	PN36_3_cKO
09_13_14	-9.305376886209151	2.602907460519579	Neurons	7	cKO	0	Bae2025	mouse	SCN2A	0	PN36_3_cKO
09_13_21	5.734680772940019	-5.144120175054762	Oligodendrocytes	6	cKO	0.9906211755911252	Bae2025	mouse	SCN2A	0.9906211755911252	PN36_3_cKO
09_13_66	-0.25342848785748223	7.150588553735521	Neurons	8	cKO	1.9998212668598951	Bae2025	mouse	SCN2A	1.9998212668598951	PN36_3_cKO
09_13_80	7.765308500448564	-3.8509869162351817	Oligodendrocytes	1	cKO	0	Bae2025	mouse	SCN2A	0	PN36_3_cKO
09_13_89	2.318032861868241	5.143337767907885	Neurons	9	cKO	1.312602962083965	Bae2025	mouse	SCN2A	1.312602962083965	PN36_3_cKO
09_13_92	8.020712972799638	-3.692543703726026	Oligodendrocytes	1	cKO	0	Bae2025	mouse	SCN2A	0	PN36_3_cKO
09_14_06	-4.559169172128341	-10.296329933813306	Astrocytes	4	cKO	1.153478368754051	Bae2025	mouse	SCN2A	1.153478368754051	PN36_3_cKO
09_14_46	9.079543234030108	-3.21810312908003	Oligodendrocytes	1	cKO	0	Bae2025	mouse	SCN2A	0	PN36_3_cKO
09_14_52	-9.2127341020905	2.780756276437548	Neurons	7	cKO	1.1509604259800887	Bae2025	mouse	SCN2A	1.1509604259800887	PN36_3_cKO
09_14_57	8.39708721748958	-3.785015303304883	Oligodendrocytes	1	cKO	0	Bae2025	mouse	SCN2A	0	PN36_3_cKO
09_14_78	-10.21894633658757	3.289136689492968	Neurons	8	cKO	1.4640336279715138	Bae2025	mouse	SCN2A	1.4640336279715138	PN36_3_cKO
09_14_87	-4.640407918771407	-12.050475556066724	Astrocytes	4	cKO	0	Bae2025	mouse	SCN2A	0	PN36_3_cKO
09_15_16	-0.5116148654424164	5.491903823205736	Neurons	8	cKO	1.5327272837052792	Bae2025	mouse	SCN2A	1.5327272837052792	PN36_3_cKO
09_15_27	8.093188406149247	-3.771046358755323	Oligodendrocytes	1	cKO	0	Bae2025	mouse	SCN2A	0	PN36_3_cKO
09_15_35	-1.6035925138794396	8.488594573327807	Neurons	8	cKO	1.4282297297277933	Bae2025	mouse	SCN2A	1.4282297297277933	PN36_3_cKO
09_15_39	0.6777994643844154	4.230491679498461	Neurons	7	cKO	1.81541983122043	Bae2025	mouse	SCN2A	1.81541983122043	PN36_3_cKO
09_15_59	-10.28645121940007	2.591804784127978	Neurons	2	cKO	0	Bae2025	mouse	SCN2A	0	PN36_3_cKO
09_15_89	-0.35491851606001595	8.499522727319507	Neurons	8	cKO	1.613289008336198	Bae2025	mouse	SCN2A	1.613289008336198	PN36_3_cKO
09_16_32	0.32748240343699714	7.771719497033861	Neurons	8	cKO	1.3661476727725546	Bae2025	mouse	SCN2A	1.3661476727725546	PN36_3_cKO
09_16_59	9.07929051033626	-1.9683142487318244	Oligodendrocytes	5	cKO	0	Bae2025	mouse	SCN2A	0	PN36_3_cKO
09_16_69	7.881955267111161	-3.7271120135099616	Oligodendrocytes	1	cKO	0	Bae2025	mouse	SCN2A	0	PN36_3_cKO
09_16_84	-4.9720739115082235	-12.37408490817854	Astrocytes	4	cKO	0	Bae2025	mouse	SCN2A	0	PN36_3_cKO
09_17_05	-1.3507483590446925	7.668546717950609	Neurons	8	cKO	1.8634249757821748	Bae2025	mouse	SCN2A	1.8634249757821748	PN36_3_cKO
09_17_15	-0.4885993737780068	4.748227160760668	Neurons	8	cKO	1.4466513937223966	Bae2025	mouse	SCN2A	1.4466513937223966	PN36_3_cKO
09_17_36	-10.319403528054854	3.0694699700563226	Neurons	2	cKO	0	Bae2025	mouse	SCN2A	0	PN36_3_cKO
09_17_37	0.8990283023513344	3.0553005154817376	Neurons	7	cKO	1.1046935093406425	Bae2025	mouse	SCN2A	1.1046935093406425	PN36_3_cKO
09_17_80	-5.5213550318085165	-11.183816391638013	Astrocytes	4	cKO	1.431680628799869	Bae2025	mouse	SCN2A	1.431680628799869	PN36_3_cKO
09_17_82	-1.3857191193901512	7.476835292169359	Neurons	8	cKO	1.4662088768129418	Bae2025	mouse	SCN2A	1.4662088768129418	PN36_3_cKO
09_18_14	-2.4353457678162074	9.456118148156907	Neurons	8	cKO	1.8445213237777756	Bae2025	mouse	SCN2A	1.8445213237777756	PN36_3_cKO
09_18_20	-4.1025859106384726	-7.158772904089186	Neurons	10	cKO	0	Bae2025	mouse	SCN2A	0	PN36_3_cKO
09_18_32	-2.8107269991241908	9.048134368249682	Neurons	8	cKO	1.926367482101986	Bae2025	mouse	SCN2A	1.926367482101986	PN36_3_cKO
09_18_35	-6.812486051400802	-11.816384751013013	Astrocytes	4	cKO	0	Bae2025	mouse	SCN2A	0	PN36_3_cKO
09_18_48	-0.2817193258606408	3.0739341195314203	Neurons	7	cKO	0	Bae2025	mouse	SCN2A	0	PN36_3_cKO
09_18_63	3.312318922201493	6.5603952820985585	Neurons	9	cKO	1.4508890306321087	Bae2025	mouse	SCN2A	1.4508890306321087	PN36_3_cKO
09_18_72	8.97679913155208	-2.3496064726621833	Oligodendrocytes	5	cKO	0	Bae2025	mouse	SCN2A	0	PN36_3_cKO
09_18_81	1.4246097814239052	1.668609779664782	Oligodendrocytes	5	cKO	0.8809651925981767	Bae2025	mouse	SCN2A	0.8809651925981767	PN36_3_cKO
09_18_88	2.7084995519317174	-2.5782889906675543	Oligodendrocytes	10	cKO	0	Bae2025	mouse	SCN2A	0	PN36_3_cKO
09_19_01	-0.760335205873153	5.98819021541765	Neurons	8	cKO	1.7185203068596522	Bae2025	mouse	SCN2A	1.7185203068596522	PN36_3_cKO
09_19_03	-10.07626998313298	3.2316401417939935	Neurons	2	cKO	0	Bae2025	mouse	SCN2A	0	PN36_3_cKO
09_19_09	-0.2579503048264001	7.864933532068041	Neurons	8	cKO	1.4865494774638228	Bae2025	mouse	SCN2A	1.4865494774638228	PN36_3_cKO
09_19_16	-3.2876790750824427	5.4051804955690175	Neurons	2	cKO	2.306328642006573	Bae2025	mouse	SCN2A	2.306328642006573	PN36_3_cKO
09_19_23	-10.324679254373214	2.1739943440645013	Neurons	2	cKO	0	Bae2025	mouse	SCN2A	0	PN36_3_cKO
09_19_35	-2.387011646112106	9.12449793178728	Neurons	8	cKO	1.3307722339296777	Bae2025	mouse	SCN2A	1.3307722339296777	PN36_3_cKO
09_19_40	3.279024721304276	5.87830309230974	Neurons	9	cKO	1.4127523214402309	Bae2025	mouse	SCN2A	1.4127523214402309	PN36_3_cKO
09_20_11	-3.7509888399445033	-1.2887684885771002	Neurons	2	cKO	1.794472948527675	Bae2025	mouse	SCN2A	1.794472948527675	PN36_3_cKO
09_20_22	-4.913746713479659	-11.858902413061353	Astrocytes	4	cKO	0	Bae2025	mouse	SCN2A	0	PN36_3_cKO
09_20_47	1.220398665586808	4.936260741540697	Neurons	7	cKO	0.7611748041543588	Bae2025	mouse	SCN2A	0.7611748041543588	PN36_3_cKO
09_20_50	-2.756657003244064	9.639086287805346	Neurons	8	cKO	1.2334607373565794	Bae2025	mouse	SCN2A	1.2334607373565794	PN36_3_cKO
09_20_54	-1.1891483653389427	7.595402282068041	Neurons	8	cKO	1.4609437600016306	Bae2025	mouse	SCN2A	1.4609437600016306	PN36_3_cKO
09_20_64	-4.016729949792525	-1.6104179207594125	Neurons	2	cKO	2.2755863298316292	Bae2025	mouse	SCN2A	2.2755863298316292	PN36_3_cKO
09_20_65	7.879152418295243	-2.092348176649305	Oligodendrocytes	1	cKO	0	Bae2025	mouse	SCN2A	0	PN36_3_cKO
09_20_71	-3.9387987840973353	-7.262089211157057	Neurons	10	cKO	0	Bae2025	mouse	SCN2A	0	PN36_3_cKO
09_20_77	-1.8999952066742392	5.2000718529908925	Neurons	8	cKO	2.039010472817344	Bae2025	mouse	SCN2A	2.039010472817344	PN36_3_cKO
09_20_96	-5.204322217782638	-11.29148336093733	Astrocytes	4	cKO	0	Bae2025	mouse	SCN2A	0	PN36_3_cKO
09_21_03	-2.7902907121979212	8.772586386987475	Neurons	8	cKO	1.5453678730001896	Bae2025	mouse	SCN2A	1.5453678730001896	PN36_3_cKO
09_21_29	7.688417555013993	-2.7321354929716315	Oligodendrocytes	1	cKO	0	Bae2025	mouse	SCN2A	0	PN36_3_cKO
09_21_32	8.538345457235673	-4.143085200002882	Oligodendrocytes	1	cKO	0	Bae2025	mouse	SCN2A	0	PN36_3_cKO
09_21_35	8.652443052450517	-3.1807276789457526	Oligodendrocytes	1	cKO	0	Bae2025	mouse	SCN2A	0	PN36_3_cKO
09_21_53	-3.573667167504928	-1.3770294968397343	Neurons	2	cKO	2.0450409561465372	Bae2025	mouse	SCN2A	2.0450409561465372	PN36_3_cKO
09_21_96	-3.4617136705719447	-6.785801369360182	Neurons	10	cKO	1.5159313645246324	Bae2025	mouse	SCN2A	1.5159313645246324	PN36_3_cKO
09_22_08	8.666558386007646	-3.213417250326368	Oligodendrocytes	1	cKO	1.2502685795741957	Bae2025	mouse	SCN2A	1.2502685795741957	PN36_3_cKO
09_22_31	0.6830148708022621	4.739684623071459	Neurons	8	cKO	1.7633745770240377	Bae2025	mouse	SCN2A	1.7633745770240377	PN36_3_cKO
09_22_48	-5.823728917916915	-11.462777573278638	Astrocytes	4	cKO	0	Bae2025	mouse	SCN2A	0	PN36_3_cKO
09_22_91	0.7939172994292762	4.348679583856371	Neurons	7	cKO	1.5587863810408271	Bae2025	mouse	SCN2A	1.5587863810408271	PN36_3_cKO
09_23_04	-11.877848504861497	-0.844166714361402	Fibroblasts	4	cKO	0	Bae2025	mouse	SCN2A	0	PN36_3_cKO
09_23_05	-2.485306857904098	9.145326178857593	Neurons	8	cKO	1.8943001341903505	Bae2025	mouse	SCN2A	1.8943001341903505	PN36_3_cKO
09_23_06	-0.9531241048180076	7.608641665765551	Neurons	8	cKO	1.6420037580480755	Bae2025	mouse	SCN2A	1.6420037580480755	PN36_3_cKO
09_23_29	-0.8972386110626671	4.579664271661547	Neurons	2	cKO	0	Bae2025	mouse	SCN2A	0	PN36_3_cKO
09_23_50	3.332441688696244	5.661548178979662	Neurons	9	cKO	1.2160377260910868	Bae2025	mouse	SCN2A	1.2160377260910868	PN36_3_cKO
09_23_59	-0.4252307180367921	6.964552443811205	Neurons	8	cKO	0.9812461107442206	Bae2025	mouse	SCN2A	0.9812461107442206	PN36_3_cKO
09_23_76	-3.9287074793182826	-7.0792154852659435	Neurons	10	cKO	1.9823496503742088	Bae2025	mouse	SCN2A	1.9823496503742088	PN36_3_cKO
09_23_82	-2.472431300958297	8.997374099084643	Neurons	8	cKO	1.473195028185524	Bae2025	mouse	SCN2A	1.473195028185524	PN36_3_cKO
09_23_93	8.211490751425126	-3.5548688952238288	Oligodendrocytes	1	cKO	0	Bae2025	mouse	SCN2A	0	PN36_3_cKO
09_24_16	8.158485532919267	-3.601171690633985	Oligodendrocytes	1	cKO	0	Bae2025	mouse	SCN2A	0	PN36_3_cKO
09_24_17	-3.5223864305817103	-7.337353665044996	Neurons	10	cKO	0	Bae2025	mouse	SCN2A	0	PN36_3_cKO
09_24_26	8.775468946615556	-2.955177981069776	Oligodendrocytes	1	cKO	0	Bae2025	mouse	SCN2A	0	PN36_3_cKO
09_24_41	-3.970967887719772	-7.079211670568678	Neurons	10	cKO	1.319213101419748	Bae2025	mouse	SCN2A	1.319213101419748	PN36_3_cKO
09_24_52	6.1129761945403605	-11.905909973791331	Endothelial cells	4	cKO	0	Bae2025	mouse	SCN2A	0	PN36_3_cKO
09_24_54	7.606248975912431	-3.3162612501890387	Oligodendrocytes	1	cKO	0	Bae2025	mouse	SCN2A	0	PN36_3_cKO
09_24_63	-1.2342237819038842	7.808954757043627	Neurons	8	cKO	1.5805418055357283	Bae2025	mouse	SCN2A	1.5805418055357283	PN36_3_cKO
09_24_66	-3.9291905153595423	-7.170617539098951	Neurons	10	cKO	1.247431518155778	Bae2025	mouse	SCN2A	1.247431518155778	PN36_3_cKO
09_24_80	0.06785947195658942	6.488418143579271	Neurons	8	cKO	1.6505485665534545	Bae2025	mouse	SCN2A	1.6505485665534545	PN36_3_cKO
09_25_07	1.1930648099578407	2.8151944096772943	Neurons	7	cKO	1.4566327009395286	Bae2025	mouse	SCN2A	1.4566327009395286	PN36_3_cKO
09_25_14	-3.7529891718231654	8.17086366970232	Neurons	8	cKO	1.6160303710890784	Bae2025	mouse	SCN2A	1.6160303710890784	PN36_3_cKO
09_25_25	-11.865704416116378	-0.8562190119535651	Fibroblasts	4	cKO	0	Bae2025	mouse	SCN2A	0	PN36_3_cKO
09_25_27	-1.7541543234192345	5.204410594293383	Neurons	8	cKO	0.4704916447217573	Bae2025	mouse	SCN2A	0.4704916447217573	PN36_3_cKO
09_25_45	1.0402755748427894	3.462102931329516	Neurons	7	cKO	1.2912716175838268	Bae2025	mouse	SCN2A	1.2912716175838268	PN36_3_cKO
09_25_61	9.393662573019364	-0.6837375942976203	Oligodendrocytes	5	cKO	0	Bae2025	mouse	SCN2A	0	PN36_3_cKO
09_25_95	-2.684133409341476	6.6390767510621815	Neurons	8	cKO	1.8035223338100088	Bae2025	mouse	SCN2A	1.8035223338100088	PN36_3_cKO
09_26_14	-5.612129567941329	-11.57524057071516	Astrocytes	4	cKO	0	Bae2025	mouse	SCN2A	0	PN36_3_cKO
09_26_46	1.8837257634795692	-3.196435410192701	Astrocytes	4	cKO	0.5356253721164805	Bae2025	mouse	SCN2A	0.5356253721164805	PN36_3_cKO
09_26_66	9.084786535421708	-2.3942231718809333	Oligodendrocytes	5	cKO	0	Bae2025	mouse	SCN2A	0	PN36_3_cKO
09_26_84	-9.97762381919255	2.794236224481371	Neurons	2	cKO	1.777731679171792	Bae2025	mouse	SCN2A	1.777731679171792	PN36_3_cKO
09_27_08	8.133450628439286	-3.6392983977110114	Oligodendrocytes	1	cKO	0	Bae2025	mouse	SCN2A	0	PN36_3_cKO
09_27_25	8.388095976034501	-3.5862710062772956	Oligodendrocytes	1	cKO	0	Bae2025	mouse	SCN2A	0	PN36_3_cKO
09_27_39	-1.2218971837364647	8.307243865319995	Neurons	8	cKO	1.835000498666697	Bae2025	mouse	SCN2A	1.835000498666697	PN36_3_cKO
09_27_71	1.2583938848174598	3.074579518625048	Neurons	7	cKO	1.526388215247146	Bae2025	mouse	SCN2A	1.526388215247146	PN36_3_cKO
09_27_73	8.200809599081376	-3.5690700594694342	Oligodendrocytes	1	cKO	0	Bae2025	mouse	SCN2A	0	PN36_3_cKO
09_28_41	-1.4322398293816063	5.057255309411791	Neurons	8	cKO	1.6510590259074596	Bae2025	mouse	SCN2A	1.6510590259074596	PN36_3_cKO
09_28_46	0.8660058986342933	6.43069509823015	Neurons	8	cKO	1.5888297728980456	Bae2025	mouse	SCN2A	1.5888297728980456	PN36_3_cKO
09_28_51	3.2480267297423864	7.04926781017473	Neurons	9	cKO	1.0931753305725824	Bae2025	mouse	SCN2A	1.0931753305725824	PN36_3_cKO
09_28_74	0.1392549287475135	2.910027783700732	Neurons	7	cKO	1.340638010949395	Bae2025	mouse	SCN2A	1.340638010949395	PN36_3_cKO
09_28_87	-1.986005543550155	8.439345877954272	Neurons	8	cKO	2.037848718074488	Bae2025	mouse	SCN2A	2.037848718074488	PN36_3_cKO
09_29_03	2.198447347799638	-0.14188030328461793	Neurons	7	cKO	0.7679460517451212	Bae2025	mouse	SCN2A	0.7679460517451212	PN36_3_cKO
09_29_35	-5.164580224832198	-11.653013664892407	Astrocytes	4	cKO	0	Bae2025	mouse	SCN2A	0	PN36_3_cKO
09_29_62	2.0252059709228063	-5.190320927313063	Neurons	3	cKO	1.5873297405873965	Bae2025	mouse	SCN2A	1.5873297405873965	PN36_3_cKO
09_29_79	-1.1028015006386254	8.129800360986499	Neurons	8	cKO	1.704231807534287	Bae2025	mouse	SCN2A	1.704231807534287	PN36_3_cKO
09_29_88	2.781309009710648	-4.351723152807447	Oligodendrocytes	3	cKO	0	Bae2025	mouse	SCN2A	0	PN36_3_cKO
09_30_04	6.02291500679622	-5.148973900488111	Oligodendrocytes	6	cKO	0	Bae2025	mouse	SCN2A	0	PN36_3_cKO
09_30_29	2.1230038415587926	-5.403941113165113	Oligodendrocytes	3	cKO	0	Bae2025	mouse	SCN2A	0	PN36_3_cKO
09_30_33	7.503732801596024	-2.9603855196745124	Neurons	1	cKO	1.4782444366515373	Bae2025	mouse	SCN2A	1.4782444366515373	PN36_3_cKO
09_30_41	-3.1310411680542445	7.668536227533129	Neurons	8	cKO	1.863901654519472	Bae2025	mouse	SCN2A	1.863901654519472	PN36_3_cKO
09_30_78	-4.4258044946991415	-12.673168617895335	Astrocytes	4	cKO	0	Bae2025	mouse	SCN2A	0	PN36_3_cKO
09_30_81	5.976359487692216	-5.139563996008131	Oligodendrocytes	6	cKO	0	Bae2025	mouse	SCN2A	0	PN36_3_cKO
09_30_87	9.042054296652177	-3.1812629286558356	Oligodendrocytes	1	cKO	0	Bae2025	mouse	SCN2A	0	PN36_3_cKO
09_31_44	-5.0705116976105185	-11.791466194799634	Astrocytes	4	cKO	0	Bae2025	mouse	SCN2A	0	PN36_3_cKO
09_31_55	-2.633338569482467	9.207297843286304	Neurons	8	cKO	1.9596202504930305	Bae2025	mouse	SCN2A	1.9596202504930305	PN36_3_cKO
09_31_73	2.8585098992980504	-2.5791649405271735	Oligodendrocytes	5	cKO	0.597330170802566	Bae2025	mouse	SCN2A	0.597330170802566	PN36_3_cKO
09_31_83	2.785234094778397	6.205304187127855	Neurons	9	cKO	1.0746970444538897	Bae2025	mouse	SCN2A	1.0746970444538897	PN36_3_cKO
09_32_12	-0.02331104763378838	5.305190127679613	Neurons	8	cKO	1.5469502857231412	Bae2025	mouse	SCN2A	1.5469502857231412	PN36_3_cKO
09_32_31	-5.133827089151046	-11.233429390600415	Astrocytes	4	cKO	0	Bae2025	mouse	SCN2A	0	PN36_3_cKO
09_32_41	-10.54378592856755	1.0592911656587396	Microglia	2	cKO	2.724252514845439	Bae2025	mouse	SCN2A	2.724252514845439	PN36_3_cKO
09_32_54	-6.781953691323897	-11.843307930639478	Astrocytes	4	cKO	1.2133165770732028	Bae2025	mouse	SCN2A	1.2133165770732028	PN36_3_cKO
09_32_55	-1.7905654896103356	9.16603330928972	Neurons	8	cKO	1.8720031659800984	Bae2025	mouse	SCN2A	1.8720031659800984	PN36_3_cKO
09_32_67	-1.005384980519912	7.464960139581469	Neurons	8	cKO	0.947461884839075	Bae2025	mouse	SCN2A	0.947461884839075	PN36_3_cKO
09_32_85	-10.596100686868333	3.2417068894593988	Neurons	8	cKO	1.940869988035398	Bae2025	mouse	SCN2A	1.940869988035398	PN36_3_cKO
09_32_94	1.737577320257523	6.415626090356615	Neurons	9	cKO	1.561806187902152	Bae2025	mouse	SCN2A	1.561806187902152	PN36_3_cKO
09_33_23	-2.8878277529083705	9.765053313562182	Neurons	8	cKO	1.8983762183645243	Bae2025	mouse	SCN2A	1.8983762183645243	PN36_3_cKO
09_33_61	-5.738180993875167	-12.048808533361646	Astrocytes	4	cKO	1.45692128261703	Bae2025	mouse	SCN2A	1.45692128261703	PN36_3_cKO
09_33_76	7.276140810171464	-4.031743008306715	Oligodendrocytes	1	cKO	0	Bae2025	mouse	SCN2A	0	PN36_3_cKO
09_33_90	-9.537999986489911	1.9758165295808587	Neurons	2	cKO	1.7760993783250458	Bae2025	mouse	SCN2A	1.7760993783250458	PN36_3_cKO
09_34_05	-9.825627206643722	2.5691221173494134	Neurons	2	cKO	0	Bae2025	mouse	SCN2A	0	PN36_3_cKO
09_34_21	-9.724414705117844	3.2591312344758783	Neurons	8	cKO	1.2807749789024188	Bae2025	mouse	SCN2A	1.2807749789024188	PN36_3_cKO
09_34_24	-2.0652172554337	4.493450206109789	Neurons	8	cKO	1.3075853332661165	Bae2025	mouse	SCN2A	1.3075853332661165	PN36_3_cKO
09_34_70	-1.713187931855819	4.649947207757738	Neurons	8	cKO	1.0803422440454338	Bae2025	mouse	SCN2A	1.0803422440454338	PN36_3_cKO
09_34_83	-11.523136972268722	-0.7165988270551886	Fibroblasts	4	cKO	0	Bae2025	mouse	SCN2A	0	PN36_3_cKO
09_35_18	-5.724521993478438	-11.269373375585769	Astrocytes	4	cKO	0	Bae2025	mouse	SCN2A	0	PN36_3_cKO
09_35_21	7.680090070883134	-3.711722809484693	Oligodendrocytes	1	cKO	0	Bae2025	mouse	SCN2A	0	PN36_3_cKO
09_35_29	-0.9403209377132866	6.597200434991625	Neurons	8	cKO	1.294097945657851	Bae2025	mouse	SCN2A	1.294097945657851	PN36_3_cKO
09_35_33	-4.888929723580977	-1.9028558317930424	Neurons	2	cKO	2.806512953803425	Bae2025	mouse	SCN2A	2.806512953803425	PN36_3_cKO
09_35_48	8.468762518087724	-4.272568184545729	Oligodendrocytes	1	cKO	0	Bae2025	mouse	SCN2A	0	PN36_3_cKO
09_35_73	-2.6802664984070277	9.349224608728198	Neurons	8	cKO	1.6263296243569745	Bae2025	mouse	SCN2A	1.6263296243569745	PN36_3_cKO
09_36_11	-0.7467775333725426	7.223782103845385	Neurons	8	cKO	1.3027845926103483	Bae2025	mouse	SCN2A	1.3027845926103483	PN36_3_cKO
09_36_22	2.092639804998734	5.027253669091967	Neurons	9	cKO	0.8711110780201581	Bae2025	mouse	SCN2A	0.8711110780201581	PN36_3_cKO
09_36_37	-3.070854305108688	-7.232399899175856	Neurons	10	cKO	1.7229226866463747	Bae2025	mouse	SCN2A	1.7229226866463747	PN36_3_cKO
09_36_39	1.0968956958449867	8.586408179590014	Neurons	8	cKO	1.893029293418692	Bae2025	mouse	SCN2A	1.893029293418692	PN36_3_cKO
09_36_72	3.696906686941483	6.536666434594896	Neurons	9	cKO	1.393955498694735	Bae2025	mouse	SCN2A	1.393955498694735	PN36_3_cKO
09_36_74	-0.7405312646233055	8.77218965847185	Neurons	8	cKO	2.4081857820835246	Bae2025	mouse	SCN2A	2.4081857820835246	PN36_3_cKO
09_36_79	-3.77186906226506	-0.961325306108686	Neurons	2	cKO	2.0108548694536426	Bae2025	mouse	SCN2A	2.0108548694536426	PN36_3_cKO
09_36_83	-0.8614894438587639	6.216540854760912	Neurons	8	cKO	1.435355484401557	Bae2025	mouse	SCN2A	1.435355484401557	PN36_3_cKO
09_36_95	-5.213614343484542	-12.132631737402171	Astrocytes	4	cKO	0	Bae2025	mouse	SCN2A	0	PN36_3_cKO
09_37_46	-10.358193277200362	2.9892621453492914	Neurons	2	cKO	2.4494530824632204	Bae2025	mouse	SCN2A	2.4494530824632204	PN36_3_cKO
09_37_57	0.3390392076171424	8.087297957727221	Neurons	8	cKO	1.4216489325547756	Bae2025	mouse	SCN2A	1.4216489325547756	PN36_3_cKO
09_37_88	-2.857252954324386	9.790867369958669	Neurons	8	cKO	1.7258895335313005	Bae2025	mouse	SCN2A	1.7258895335313005	PN36_3_cKO
09_37_89	7.261232496420243	-5.144913632086012	Oligodendrocytes	6	cKO	0	Bae2025	mouse	SCN2A	0	PN36_3_cKO
09_37_94	-4.921476243814132	-10.732986885717605	Astrocytes	4	cKO	0	Bae2025	mouse	SCN2A	0	PN36_3_cKO
09_38_07	-5.130250810464522	-12.081409889867992	Astrocytes	4	cKO	0	Bae2025	mouse	SCN2A	0	PN36_3_cKO
09_38_69	1.693234325567582	-2.882628399542066	Astrocytes	5	cKO	0	Bae2025	mouse	SCN2A	0	PN36_3_cKO
09_39_02	-1.279076694329879	6.597416442224291	Neurons	8	cKO	1.5402995546589748	Bae2025	mouse	SCN2A	1.5402995546589748	PN36_3_cKO
09_39_24	0.08250057808528205	7.431640189477709	Neurons	8	cKO	1.4813882144558286	Bae2025	mouse	SCN2A	1.4813882144558286	PN36_3_cKO
09_39_43	-3.042533992608688	9.727017920800952	Neurons	8	cKO	1.915096718925396	Bae2025	mouse	SCN2A	1.915096718925396	PN36_3_cKO
09_39_55	7.805540205160478	-3.4588274542600836	Oligodendrocytes	1	cKO	0	Bae2025	mouse	SCN2A	0	PN36_3_cKO
09_40_15	-6.460138200601241	-12.513638931921216	Astrocytes	4	cKO	0	Bae2025	mouse	SCN2A	0	PN36_3_cKO
09_40_18	-3.894670842965743	-6.924646813085768	Neurons	10	cKO	0	Bae2025	mouse	SCN2A	0	PN36_3_cKO
09_40_24	9.672056318441728	-0.8988385979444709	Oligodendrocytes	5	cKO	0	Bae2025	mouse	SCN2A	0	PN36_3_cKO
09_40_37	-10.797178148111009	0.5307673629014764	Neurons	4	cKO	1.4758968770264775	Bae2025	mouse	SCN2A	1.4758968770264775	PN36_3_cKO
09_40_56	-4.350673555215499	-10.031068283727857	Neurons	2	cKO	1.2203415652928422	Bae2025	mouse	SCN2A	1.2203415652928422	PN36_3_cKO
09_40_64	-3.832467435678146	-1.095583755186292	Neurons	2	cKO	2.816357807818896	Bae2025	mouse	SCN2A	2.816357807818896	PN36_3_cKO
09_40_86	-2.7208496321045375	9.577969115564136	Neurons	8	cKO	0	Bae2025	mouse	SCN2A	0	PN36_3_cKO
09_40_96	-3.6010304678284144	-7.173973519018385	Neurons	10	cKO	1.131673150928998	Bae2025	mouse	SCN2A	1.131673150928998	PN36_3_cKO
09_41_03	-2.3770651806198573	6.827920478173998	Neurons	8	cKO	1.4338058549320944	Bae2025	mouse	SCN2A	1.4338058549320944	PN36_3_cKO
09_41_15	-0.03324833401074151	3.048310321161059	Neurons	7	cKO	1.2116296746255082	Bae2025	mouse	SCN2A	1.2116296746255082	PN36_3_cKO
09_41_25	-0.772789298375747	6.89806799251726	Neurons	8	cKO	1.3841922798620776	Bae2025	mouse	SCN2A	1.3841922798620776	PN36_3_cKO
09_41_31	6.096582056204179	-4.815481621435377	Oligodendrocytes	6	cKO	0.6098715036309071	Bae2025	mouse	SCN2A	0.6098715036309071	PN36_3_cKO
09_41_33	6.761295438925126	-4.347867447546217	Oligodendrocytes	6	cKO	0	Bae2025	mouse	SCN2A	0	PN36_3_cKO
09_41_37	-1.9914027441345663	4.724206965753344	Neurons	8	cKO	1.078299396401413	Bae2025	mouse	SCN2A	1.078299396401413	PN36_3_cKO
09_41_38	-1.492557762941024	7.348880809137133	Neurons	8	cKO	1.751407020107403	Bae2025	mouse	SCN2A	1.751407020107403	PN36_3_cKO
09_41_40	-2.248890398820541	9.212577384301929	Neurons	8	cKO	1.7491461612056	Bae2025	mouse	SCN2A	1.7491461612056	PN36_3_cKO
09_41_43	3.527998806158402	6.42220596630266	Neurons	9	cKO	1.6445165525612788	Bae2025	mouse	SCN2A	1.6445165525612788	PN36_3_cKO
09_41_47	8.952475668112138	-2.778704363516065	Oligodendrocytes	1	cKO	0	Bae2025	mouse	SCN2A	0	PN36_3_cKO
09_41_49	7.875435949484208	-1.9516545120985236	Oligodendrocytes	5	cKO	0	Bae2025	mouse	SCN2A	0	PN36_3_cKO
09_41_53	2.76371443382869	-2.5003339831144538	Neurons	5	cKO	1.64399415457973	Bae2025	mouse	SCN2A	1.64399415457973	PN36_3_cKO
09_41_74	1.081665993849137	2.4778752740114007	Neurons	7	cKO	0.5968160716215132	Bae2025	mouse	SCN2A	0.5968160716215132	PN36_3_cKO
09_42_11	7.243332506338456	-4.892913777044508	Oligodendrocytes	6	cKO	0	Bae2025	mouse	SCN2A	0	PN36_3_cKO
09_42_58	-3.217872260888717	-6.9564480368406505	Neurons	10	cKO	0	Bae2025	mouse	SCN2A	0	PN36_3_cKO
09_42_69	-3.1224440325104212	-6.8369178358823985	Neurons	10	cKO	0	Bae2025	mouse	SCN2A	0	PN36_3_cKO
09_43_03	-2.7332891214691615	9.278522055932788	Neurons	8	cKO	2.358069258432694	Bae2025	mouse	SCN2A	2.358069258432694	PN36_3_cKO
09_43_12	-2.610015510400436	8.834414046594409	Neurons	8	cKO	1.1226440295581743	Bae2025	mouse	SCN2A	1.1226440295581743	PN36_3_cKO
09_43_16	-1.580501197656295	8.91710047084978	Neurons	8	cKO	0.6801391859184116	Bae2025	mouse	SCN2A	0.6801391859184116	PN36_3_cKO
09_43_24	-4.803986429055831	-11.490317780187818	Astrocytes	4	cKO	0	Bae2025	mouse	SCN2A	0	PN36_3_cKO
09_43_31	6.3114720594085245	-11.454198319128247	Endothelial cells	5	cKO	0	Bae2025	mouse	SCN2A	0	PN36_3_cKO
09_43_65	-1.9298074234329672	8.799171965905932	Neurons	8	cKO	1.335020716186086	Bae2025	mouse	SCN2A	1.335020716186086	PN36_3_cKO
09_43_77	-3.196587442239425	7.107136767694262	Neurons	8	cKO	1.4110588072228951	Bae2025	mouse	SCN2A	1.4110588072228951	PN36_3_cKO
09_43_84	0.7356600772536781	8.52199892360857	Neurons	8	cKO	1.6582078388094512	Bae2025	mouse	SCN2A	1.6582078388094512	PN36_3_cKO
09_43_88	1.043894292036393	2.8125515397279535	Neurons	7	cKO	1.176121169276077	Bae2025	mouse	SCN2A	1.176121169276077	PN36_3_cKO
09_44_07	-0.04625704773297051	-6.430942970922682	Neurons	3	cKO	1.645258714158168	Bae2025	mouse	SCN2A	1.645258714158168	PN36_3_cKO
09_44_34	1.5370167504943395	4.74173836071184	Neurons	7	cKO	1.0838984131239748	Bae2025	mouse	SCN2A	1.0838984131239748	PN36_3_cKO
09_44_41	-10.86761176474919	0.3748817856996331	Astrocytes	4	cKO	0	Bae2025	mouse	SCN2A	0	PN36_3_cKO
09_44_86	-3.0195773828827357	9.376369994470386	Neurons	8	cKO	1.2922477429123964	Bae2025	mouse	SCN2A	1.2922477429123964	PN36_3_cKO
09_45_14	8.803016782919267	-3.2028364722044196	Oligodendrocytes	1	cKO	0	Bae2025	mouse	SCN2A	0	PN36_3_cKO
09_45_20	-1.5700341451965782	5.696218531915453	Neurons	8	cKO	1.9110283433293425	Bae2025	mouse	SCN2A	1.9110283433293425	PN36_3_cKO
09_45_50	-4.830268262704513	-11.457967240026685	Astrocytes	4	cKO	0	Bae2025	mouse	SCN2A	0	PN36_3_cKO
09_45_72	-5.695556043466231	-11.427454430273269	Astrocytes	4	cKO	0	Bae2025	mouse	SCN2A	0	PN36_3_cKO
09_45_75	0.8469325315154579	3.897943061181811	Neurons	7	cKO	1.484827316026923	Bae2025	mouse	SCN2A	1.484827316026923	PN36_3_cKO
09_45_82	2.628296257177689	-2.3378736559660163	Neurons	7	cKO	0	Bae2025	mouse	SCN2A	0	PN36_3_cKO
09_46_05	-2.315067886193893	9.07207636196306	Neurons	8	cKO	1.48549118011333	Bae2025	mouse	SCN2A	1.48549118011333	PN36_3_cKO
09_46_06	-3.7267514456116175	-6.922184902837965	Neurons	10	cKO	1.4856044842427711	Bae2025	mouse	SCN2A	1.4856044842427711	PN36_3_cKO
09_46_15	-5.1730273950897665	-12.910057503393384	Astrocytes	4	cKO	0	Bae2025	mouse	SCN2A	0	PN36_3_cKO
09_46_20	-10.76893412955632	3.0487266000001703	Neurons	2	cKO	0	Bae2025	mouse	SCN2A	0	PN36_3_cKO
09_46_28	0.09407174698481818	6.571892302819994	Neurons	8	cKO	1.6973149047176004	Bae2025	mouse	SCN2A	1.6973149047176004	PN36_3_cKO
09_46_35	-2.281415461381576	7.302492659875658	Neurons	8	cKO	1.5660375278071312	Bae2025	mouse	SCN2A	1.5660375278071312	PN36_3_cKO
09_46_46	-1.2007164347969506	5.483797114679125	Neurons	8	cKO	1.9849990626720484	Bae2025	mouse	SCN2A	1.9849990626720484	PN36_3_cKO
09_46_54	7.939696432272294	-3.0353397909910407	Oligodendrocytes	1	cKO	0	Bae2025	mouse	SCN2A	0	PN36_3_cKO
09_46_86	-2.5403143156372523	11.628001731225757	Neurons	8	cKO	1.4490470838774765	Bae2025	mouse	SCN2A	1.4490470838774765	PN36_3_cKO
09_46_88	-0.8042474079929802	5.609801333734301	Neurons	8	cKO	1.3241677595452672	Bae2025	mouse	SCN2A	1.3241677595452672	PN36_3_cKO
09_47_34	-2.954648612817428	8.75671057064226	Neurons	8	cKO	1.0528027526368156	Bae2025	mouse	SCN2A	1.0528027526368156	PN36_3_cKO
09_47_37	-3.973745225747726	-1.6319893185407843	Neurons	2	cKO	0	Bae2025	mouse	SCN2A	0	PN36_3_cKO
09_47_63	1.541710020223954	-4.947256523779127	Neurons	3	cKO	1.220678364319376	Bae2025	mouse	SCN2A	1.220678364319376	PN36_3_cKO
09_47_66	8.796033025900224	-1.8303938690931525	Oligodendrocytes	5	cKO	0.6946003414400204	Bae2025	mouse	SCN2A	0.6946003414400204	PN36_3_cKO
09_47_78	-10.406736253579757	2.396283191034106	Neurons	2	cKO	2.5653186677787247	Bae2025	mouse	SCN2A	2.5653186677787247	PN36_3_cKO
09_48_21	-4.061903833230636	-1.3711459223539555	Neurons	2	cKO	1.7836803748827674	Bae2025	mouse	SCN2A	1.7836803748827674	PN36_3_cKO
09_48_22	-3.256643413385055	9.777141135522632	Neurons	8	cKO	1.0489917696482465	Bae2025	mouse	SCN2A	1.0489917696482465	PN36_3_cKO
09_48_23	-10.15764033683171	2.195936244317797	Neurons	2	cKO	0	Bae2025	mouse	SCN2A	0	PN36_3_cKO
09_48_25	-3.316722749551437	-6.975431877783033	Neurons	10	cKO	0	Bae2025	mouse	SCN2A	0	PN36_3_cKO
09_48_31	7.160877348104814	-4.679368931463453	Oligodendrocytes	6	cKO	0	Bae2025	mouse	SCN2A	0	PN36_3_cKO
09_48_48	9.632089735189776	-2.4872746054441657	Oligodendrocytes	5	cKO	0	Bae2025	mouse	SCN2A	0	PN36_3_cKO
09_48_53	-4.581282972177169	-12.137919861486646	Astrocytes	4	cKO	0	Bae2025	mouse	SCN2A	0	PN36_3_cKO
09_48_84	8.98692524544368	-2.3544785563261237	Oligodendrocytes	5	cKO	1.0801586829528675	Bae2025	mouse	SCN2A	1.0801586829528675	PN36_3_cKO
09_49_12	1.2286714326537636	3.9340897019593983	Neurons	7	cKO	0.7327752070716702	Bae2025	mouse	SCN2A	0.7327752070716702	PN36_3_cKO
09_49_37	-6.011659501870772	-11.717759567907544	Astrocytes	4	cKO	0	Bae2025	mouse	SCN2A	0	PN36_3_cKO
09_49_73	6.06346094719539	-12.628456551244946	Endothelial cells	4	cKO	0	Bae2025	mouse	SCN2A	0	PN36_3_cKO
09_50_41	2.144294382253983	-0.2877278063804832	Neurons	7	cKO	0	Bae2025	mouse	SCN2A	0	PN36_3_cKO
09_50_49	-6.620373605569503	-12.300054985693189	Astrocytes	4	cKO	0	Bae2025	mouse	SCN2A	0	PN36_3_cKO
09_50_51	0.44997626654277106	7.818601172754076	Neurons	8	cKO	1.0720298907379635	Bae2025	mouse	SCN2A	1.0720298907379635	PN36_3_cKO
09_50_76	8.480112196127275	-3.274671513250562	Oligodendrocytes	1	cKO	0	Bae2025	mouse	SCN2A	0	PN36_3_cKO
09_51_58	9.597999693075517	-0.6389535848409857	Oligodendrocytes	5	cKO	0	Bae2025	mouse	SCN2A	0	PN36_3_cKO
09_51_73	-5.626748918374679	-11.134400803259108	Astrocytes	4	cKO	0	Bae2025	mouse	SCN2A	0	PN36_3_cKO
09_52_08	-2.8572779882751917	8.969629805871753	Neurons	8	cKO	1.9355887124589557	Bae2025	mouse	SCN2A	1.9355887124589557	PN36_3_cKO
09_52_37	9.616541982809403	-1.217691499403211	Oligodendrocytes	5	cKO	0	Bae2025	mouse	SCN2A	0	PN36_3_cKO
09_52_44	-4.880111574014327	-11.411041695287915	Astrocytes	4	cKO	1.1934139224502518	Bae2025	mouse	SCN2A	1.1934139224502518	PN36_3_cKO
09_52_67	-0.5070013355516407	7.592937987634447	Neurons	8	cKO	1.2042528771466996	Bae2025	mouse	SCN2A	1.2042528771466996	PN36_3_cKO
09_52_71	3.4251130830443883	5.781270068475512	Neurons	9	cKO	1.6908868951819511	Bae2025	mouse	SCN2A	1.6908868951819511	PN36_3_cKO
09_53_09	0.5608146201766517	3.3016310151307855	Neurons	7	cKO	1.2620180591002006	Bae2025	mouse	SCN2A	1.2620180591002006	PN36_3_cKO
09_53_42	2.8080192815459752	-3.3448020998747077	Oligodendrocytes	3	cKO	0	Bae2025	mouse	SCN2A	0	PN36_3_cKO
09_53_65	7.146332861105302	-4.2948298041136	Oligodendrocytes	6	cKO	0.7475654514722451	Bae2025	mouse	SCN2A	0.7475654514722451	PN36_3_cKO
09_53_73	3.5140422593749547	7.163736384698656	Neurons	9	cKO	1.9665921514495703	Bae2025	mouse	SCN2A	1.9665921514495703	PN36_3_cKO
09_53_88	-4.988307832559249	-11.48143525760481	Astrocytes	4	cKO	0	Bae2025	mouse	SCN2A	0	PN36_3_cKO
09_53_95	-0.8389936376415703	8.041525405236987	Neurons	8	cKO	1.8120870043844963	Bae2025	mouse	SCN2A	1.8120870043844963	PN36_3_cKO
09_54_03	-2.269453405221603	9.1973576958864	Neurons	8	cKO	1.6767608394511448	Bae2025	mouse	SCN2A	1.6767608394511448	PN36_3_cKO
09_54_61	3.572742582479813	5.987380069085863	Neurons	9	cKO	1.553363677604662	Bae2025	mouse	SCN2A	1.553363677604662	PN36_3_cKO
09_54_67	-2.4795948255859828	10.214117568322925	Neurons	8	cKO	1.9376295367130556	Bae2025	mouse	SCN2A	1.9376295367130556	PN36_3_cKO
09_55_03	2.1715010415709997	-3.5559200827390876	Astrocytes	6	cKO	0	Bae2025	mouse	SCN2A	0	PN36_3_cKO
09_55_18	0.01158616058001776	8.421076339074878	Neurons	8	cKO	0.9798927187441666	Bae2025	mouse	SCN2A	0.9798927187441666	PN36_3_cKO
09_55_39	1.4817026864684608	4.526779692956713	Neurons	7	cKO	1.342826935617308	Bae2025	mouse	SCN2A	1.342826935617308	PN36_3_cKO
09_55_44	0.4835606824553992	4.720683615991381	Neurons	8	cKO	1.7922225822822266	Bae2025	mouse	SCN2A	1.7922225822822266	PN36_3_cKO
09_55_49	0.9335694324172524	4.077992957422045	Neurons	7	cKO	0.969039573503654	Bae2025	mouse	SCN2A	0.969039573503654	PN36_3_cKO
09_55_55	-2.1960107076965785	4.767505210229662	Neurons	8	cKO	2.007546597783664	Bae2025	mouse	SCN2A	2.007546597783664	PN36_3_cKO
09_55_58	3.2663942586577916	-4.9287757460386485	Oligodendrocytes	6	cKO	0	Bae2025	mouse	SCN2A	0	PN36_3_cKO
09_55_61	8.080113531271317	-3.0980109755308356	Oligodendrocytes	5	cKO	0	Bae2025	mouse	SCN2A	0	PN36_3_cKO
09_55_65	1.0542253266967323	3.506393712350634	Neurons	7	cKO	1.707966924142861	Bae2025	mouse	SCN2A	1.707966924142861	PN36_3_cKO
09_55_74	9.264798284689286	-0.8595043007642951	Oligodendrocytes	5	cKO	0	Bae2025	mouse	SCN2A	0	PN36_3_cKO
09_55_75	-1.507083891709945	7.388050597497728	Neurons	8	cKO	1.2676474944892326	Bae2025	mouse	SCN2A	1.2676474944892326	PN36_3_cKO
09_55_84	1.0626055013335731	2.107183020898608	Neurons	7	cKO	1.004449284717891	Bae2025	mouse	SCN2A	1.004449284717891	PN36_3_cKO
09_55_85	0.0185649108088996	2.946661513635424	Neurons	7	cKO	1.5946175523064774	Bae2025	mouse	SCN2A	1.5946175523064774	PN36_3_cKO
09_56_12	2.1709116708434606	-0.34522542696306374	Neurons	7	cKO	0.8995824952064091	Bae2025	mouse	SCN2A	0.8995824952064091	PN36_3_cKO
09_56_16	7.396373869100907	-3.1151423041135993	Oligodendrocytes	1	cKO	0	Bae2025	mouse	SCN2A	0	PN36_3_cKO
09_56_19	-1.5628383148514244	7.491489451715258	Neurons	8	cKO	1.9459637223972313	Bae2025	mouse	SCN2A	1.9459637223972313	PN36_3_cKO
09_56_21	-10.791799424966475	0.5585221465318475	Neurons	2	cKO	2.8891448217788676	Bae2025	mouse	SCN2A	2.8891448217788676	PN36_3_cKO
09_56_36	1.168420315901139	3.6651850159852777	Neurons	7	cKO	1.3788656017237575	Bae2025	mouse	SCN2A	1.3788656017237575	PN36_3_cKO
09_56_53	-2.8533049810730433	9.471270125695971	Neurons	8	cKO	2.0133619080390868	Bae2025	mouse	SCN2A	2.0133619080390868	PN36_3_cKO
09_56_71	-3.485490201791427	7.7649851258485585	Neurons	8	cKO	1.786259875617492	Bae2025	mouse	SCN2A	1.786259875617492	PN36_3_cKO
09_56_73	-3.978763936837814	-1.389128405264112	Neurons	2	cKO	1.9861373648525495	Bae2025	mouse	SCN2A	1.9861373648525495	PN36_3_cKO
09_56_82	9.043957830587724	-2.237655359914991	Oligodendrocytes	5	cKO	0	Bae2025	mouse	SCN2A	0	PN36_3_cKO
09_56_84	-4.46570861228337	-12.407589394262525	Astrocytes	4	cKO	0	Bae2025	mouse	SCN2A	0	PN36_3_cKO
09_57_07	-11.774954675515792	-0.8161285106451239	Fibroblasts	4	cKO	0	Bae2025	mouse	SCN2A	0	PN36_3_cKO
09_57_33	9.552990080038407	-0.533203351906034	Oligodendrocytes	5	cKO	0	Bae2025	mouse	SCN2A	0	PN36_3_cKO
09_57_51	1.507579923788407	3.997181933709887	Neurons	7	cKO	1.0480587518995506	Bae2025	mouse	SCN2A	1.0480587518995506	PN36_3_cKO
09_57_53	3.10369622818599	5.71251301128557	Neurons	9	cKO	1.1148865811004387	Bae2025	mouse	SCN2A	1.1148865811004387	PN36_3_cKO
09_58_04	-4.544796346505782	-11.562282044103831	Astrocytes	4	cKO	0	Bae2025	mouse	SCN2A	0	PN36_3_cKO
09_58_24	-0.7708984602295372	6.255844157525805	Neurons	8	cKO	1.646974508199671	Bae2025	mouse	SCN2A	1.646974508199671	PN36_3_cKO
09_58_26	1.6379114400542762	-2.915873247793409	Astrocytes	5	cKO	0	Bae2025	mouse	SCN2A	0	PN36_3_cKO
09_58_37	-10.73224913962712	0.7010241564004693	Neurons	2	cKO	1.8594265601182585	Bae2025	mouse	SCN2A	1.8594265601182585	PN36_3_cKO
09_58_48	-3.463430761178634	7.816034358331469	Neurons	8	cKO	0	Bae2025	mouse	SCN2A	0	PN36_3_cKO
09_58_50	-2.8939641702972865	9.656583350488452	Neurons	8	cKO	2.0965148034967127	Bae2025	mouse	SCN2A	2.0965148034967127	PN36_3_cKO
09_58_52	-1.078050791104934	8.964019339868335	Neurons	8	cKO	1.661484070351117	Bae2025	mouse	SCN2A	1.661484070351117	PN36_3_cKO
09_58_74	-1.509085534890792	7.216850322076586	Neurons	8	cKO	1.4248330158150335	Bae2025	mouse	SCN2A	1.4248330158150335	PN36_3_cKO
09_58_76	3.6095482122100377	6.230140727350023	Neurons	9	cKO	1.7650781354959122	Bae2025	mouse	SCN2A	1.7650781354959122	PN36_3_cKO
09_58_90	-1.5504441250168297	5.136841338464525	Neurons	8	cKO	1.2834092554942602	Bae2025	mouse	SCN2A	1.2834092554942602	PN36_3_cKO
09_58_92	1.094895006338456	2.557944339105395	Neurons	7	cKO	1.1337411509038375	Bae2025	mouse	SCN2A	1.1337411509038375	PN36_3_cKO
09_58_96	0.10430562607417364	4.289093058892992	Neurons	7	cKO	1.588264102563238	Bae2025	mouse	SCN2A	1.588264102563238	PN36_3_cKO
09_59_33	1.3105562936461952	2.9521408494203363	Neurons	7	cKO	1.6147619565871134	Bae2025	mouse	SCN2A	1.6147619565871134	PN36_3_cKO
09_59_34	0.08809930197367927	6.613339942285326	Neurons	8	cKO	1.0652285983023917	Bae2025	mouse	SCN2A	1.0652285983023917	PN36_3_cKO
09_59_43	-10.052194475015304	3.1080010350435052	Neurons	2	cKO	2.281879683642564	Bae2025	mouse	SCN2A	2.281879683642564	PN36_3_cKO
09_59_45	-4.485998987039229	-12.4960016791136	Astrocytes	4	cKO	0	Bae2025	mouse	SCN2A	0	PN36_3_cKO
09_59_57	1.1810220491088417	4.618521254846361	Neurons	7	cKO	1.3613133888909783	Bae2025	mouse	SCN2A	1.3613133888909783	PN36_3_cKO
09_59_69	-9.713838456948896	3.25935630161455	Neurons	8	cKO	2.069242102310943	Bae2025	mouse	SCN2A	2.069242102310943	PN36_3_cKO
09_60_17	-4.7330859888397665	-12.027112442663404	Astrocytes	4	cKO	0	Bae2025	mouse	SCN2A	0	PN36_3_cKO
09_60_54	-2.5955802191101527	8.26337961513689	Neurons	8	cKO	2.1615637125637637	Bae2025	mouse	SCN2A	2.1615637125637637	PN36_3_cKO
09_60_69	-0.5469747845136139	7.100013297387865	Neurons	8	cKO	1.2563758725689422	Bae2025	mouse	SCN2A	1.2563758725689422	PN36_3_cKO
09_60_74	-1.1425383079849694	4.766182940789965	Neurons	2	cKO	2.1333667435813695	Bae2025	mouse	SCN2A	2.1333667435813695	PN36_3_cKO
09_60_86	-2.5331197965942835	10.272428077050952	Neurons	8	cKO	2.0883295951116816	Bae2025	mouse	SCN2A	2.0883295951116816	PN36_3_cKO
09_61_21	-4.662101625283858	-11.697390038183425	Astrocytes	4	cKO	0	Bae2025	mouse	SCN2A	0	PN36_3_cKO
09_61_54	-9.573024629434247	1.8254520114152704	Neurons	2	cKO	0	Bae2025	mouse	SCN2A	0	PN36_3_cKO
09_61_61	6.436238886038163	-5.244618851354811	Oligodendrocytes	6	cKO	0	Bae2025	mouse	SCN2A	0	PN36_3_cKO
09_61_62	-4.8369020212494345	-11.452782112768384	Astrocytes	4	cKO	0	Bae2025	mouse	SCN2A	0	PN36_3_cKO
09_61_87	7.484878660360673	-3.9639939848692145	Oligodendrocytes	1	cKO	0	Bae2025	mouse	SCN2A	0	PN36_3_cKO
09_61_94	8.630685926596025	-2.827997166326734	Oligodendrocytes	5	cKO	0	Bae2025	mouse	SCN2A	0	PN36_3_cKO
09_62_30	-1.8826789844833824	4.928985160180834	Neurons	8	cKO	1.8022057662825328	Bae2025	mouse	SCN2A	1.8022057662825328	PN36_3_cKO
09_62_46	-4.362369893869063	-10.160059410742017	Astrocytes	4	cKO	1.4302275680294407	Bae2025	mouse	SCN2A	1.4302275680294407	PN36_3_cKO
09_62_49	0.7609580766356971	2.4359476979463373	Neurons	7	cKO	1.3270970443185852	Bae2025	mouse	SCN2A	1.3270970443185852	PN36_3_cKO
09_62_61	-5.135844110330245	-12.241088349035474	Astrocytes	4	cKO	0	Bae2025	mouse	SCN2A	0	PN36_3_cKO
09_62_62	7.907969595114091	-3.6460051123411383	Oligodendrocytes	1	cKO	1.1767028323618869	Bae2025	mouse	SCN2A	1.1767028323618869	PN36_3_cKO
09_62_64	1.7515445958770302	6.314067881891039	Neurons	9	cKO	1.7209978444804086	Bae2025	mouse	SCN2A	1.7209978444804086	PN36_3_cKO
09_62_73	-4.641265271981856	-11.64978070895979	Astrocytes	4	cKO	0	Bae2025	mouse	SCN2A	0	PN36_3_cKO
09_63_26	-0.20566698797573785	6.823781531640795	Neurons	8	cKO	1.642951861733624	Bae2025	mouse	SCN2A	1.642951861733624	PN36_3_cKO
09_63_31	-3.0507382143341517	9.708586257287768	Neurons	8	cKO	1.0809300990931603	Bae2025	mouse	SCN2A	1.0809300990931603	PN36_3_cKO
09_63_42	8.801790357748368	-2.0175200287611212	Oligodendrocytes	5	cKO	0	Bae2025	mouse	SCN2A	0	PN36_3_cKO
09_63_48	0.13409668318400642	4.301982444116381	Neurons	7	cKO	1.7639127587925574	Bae2025	mouse	SCN2A	1.7639127587925574	PN36_3_cKO
09_63_55	-4.731993078073165	-11.53393312137434	Astrocytes	4	cKO	0	Bae2025	mouse	SCN2A	0	PN36_3_cKO
09_63_57	-2.209526180108688	4.699083369561937	Neurons	8	cKO	0	Bae2025	mouse	SCN2A	0	PN36_3_cKO
09_63_66	0.6362110387481239	3.7638197358339105	Neurons	7	cKO	1.4333802215107896	Bae2025	mouse	SCN2A	1.4333802215107896	PN36_3_cKO
09_63_78	0.5683748733199623	3.4618201668947015	Neurons	7	cKO	1.2790879750717803	Bae2025	mouse	SCN2A	1.2790879750717803	PN36_3_cKO
09_63_90	2.0663465272582555	-3.2230908457548346	Astrocytes	6	cKO	0.5285244677837253	Bae2025	mouse	SCN2A	0.5285244677837253	PN36_3_cKO
09_64_23	-2.07602310069432	4.546741050073412	Neurons	8	cKO	1.4900266041066237	Bae2025	mouse	SCN2A	1.4900266041066237	PN36_3_cKO
09_64_48	1.7505341779387975	6.548828643152025	Neurons	9	cKO	1.1437947500441132	Bae2025	mouse	SCN2A	1.1437947500441132	PN36_3_cKO
09_64_83	-0.04832953103413323	2.8221693452089105	Neurons	7	cKO	1.7313255964701937	Bae2025	mouse	SCN2A	1.7313255964701937	PN36_3_cKO
09_65_05	0.4623573433555152	3.120442431756762	Neurons	7	cKO	0.7996399392507367	Bae2025	mouse	SCN2A	0.7996399392507367	PN36_3_cKO
09_65_09	-2.911465762933395	9.60582403499773	Neurons	8	cKO	1.8435205770773504	Bae2025	mouse	SCN2A	1.8435205770773504	PN36_3_cKO
09_65_15	0.38077402226100227	3.430416148492602	Neurons	7	cKO	1.9102189705636232	Bae2025	mouse	SCN2A	1.9102189705636232	PN36_3_cKO
09_65_19	6.169880033651689	-12.36950727145979	Endothelial cells	4	cKO	0	Bae2025	mouse	SCN2A	0	PN36_3_cKO
09_65_22	1.7323690663970497	-5.621442753484938	Oligodendrocytes	3	cKO	0	Bae2025	mouse	SCN2A	0	PN36_3_cKO
09_65_30	-2.638892530282638	10.153105300256518	Neurons	8	cKO	0.95966616462541	Bae2025	mouse	SCN2A	0.95966616462541	PN36_3_cKO
09_65_82	3.5950070630706334	5.934401553460863	Neurons	9	cKO	1.722280481602329	Bae2025	mouse	SCN2A	1.722280481602329	PN36_3_cKO
09_65_85	-0.9898649442993614	8.742908042260913	Neurons	8	cKO	1.3321051131604833	Bae2025	mouse	SCN2A	1.3321051131604833	PN36_3_cKO
09_66_01	6.327129484335282	-11.25138803165266	Oligodendrocytes	5	cKO	0	Bae2025	mouse	SCN2A	0	PN36_3_cKO
09_66_07	-2.576571105798385	11.64859632808855	Neurons	8	cKO	1.595609280486342	Bae2025	mouse	SCN2A	1.595609280486342	PN36_3_cKO
09_66_22	-11.15970504172673	-0.17341835483768847	Microglia	4	cKO	0	Bae2025	mouse	SCN2A	0	PN36_3_cKO
09_66_41	-5.556853650888106	-12.239264923742503	Astrocytes	4	cKO	0	Bae2025	mouse	SCN2A	0	PN36_3_cKO
09_66_72	-5.493629812081954	-11.656784493139478	Astrocytes	4	cKO	0	Bae2025	mouse	SCN2A	0	PN36_3_cKO
09_67_02	-6.390123723825118	-12.801698166540357	Astrocytes	4	cKO	0	Bae2025	mouse	SCN2A	0	PN36_3_cKO
09_67_08	8.098516584555009	-3.5217849795133795	Oligodendrocytes	1	cKO	0	Bae2025	mouse	SCN2A	0	PN36_3_cKO
09_67_16	-1.9434556949936364	7.654673140832689	Neurons	8	cKO	0.9364810312046532	Bae2025	mouse	SCN2A	0.9364810312046532	PN36_3_cKO
09_67_44	0.2195118080771949	3.4124453480928216	Neurons	7	cKO	1.3081353972987524	Bae2025	mouse	SCN2A	1.3081353972987524	PN36_3_cKO
09_67_63	-5.549787401040694	-11.723613220861646	Astrocytes	4	cKO	0	Bae2025	mouse	SCN2A	0	PN36_3_cKO
09_67_70	-3.255990384896896	9.0050387795656	Neurons	8	cKO	2.036765993968926	Bae2025	mouse	SCN2A	2.036765993968926	PN36_3_cKO
09_68_30	-0.9258200813137504	7.366924327203539	Neurons	8	cKO	1.7138692101943014	Bae2025	mouse	SCN2A	1.7138692101943014	PN36_3_cKO
09_68_46	-0.7707369614445183	8.416657965966968	Neurons	8	cKO	0.5273549257172012	Bae2025	mouse	SCN2A	0.5273549257172012	PN36_3_cKO
09_68_47	-7.07931887992253	-11.665590721777171	Astrocytes	4	cKO	0	Bae2025	mouse	SCN2A	0	PN36_3_cKO
09_68_64	0.6215739261306312	4.118633311578539	Neurons	7	cKO	1.9351826831254988	Bae2025	mouse	SCN2A	1.9351826831254988	PN36_3_cKO
09_69_20	-10.439240335305833	3.324813645669726	Neurons	8	cKO	2.028808531238361	Bae2025	mouse	SCN2A	2.028808531238361	PN36_3_cKO
09_69_23	7.238567472616532	-4.429234940221998	Oligodendrocytes	1	cKO	0	Bae2025	mouse	SCN2A	0	PN36_3_cKO
09_69_50	-0.6851036239468071	6.1277852471559315	Neurons	8	cKO	1.1492394610827903	Bae2025	mouse	SCN2A	1.1492394610827903	PN36_3_cKO
09_69_59	-2.6955066908203578	8.023795646020679	Neurons	8	cKO	1.6026882290675055	Bae2025	mouse	SCN2A	1.6026882290675055	PN36_3_cKO
09_69_89	-4.768949388345382	-10.671529251745437	Astrocytes	4	cKO	0	Bae2025	mouse	SCN2A	0	PN36_3_cKO
09_69_90	-10.305399774392743	2.48551277477434	Neurons	2	cKO	0	Bae2025	mouse	SCN2A	0	PN36_3_cKO
09_69_93	-3.0620998133026576	8.750337165185718	Neurons	8	cKO	1.864477370420229	Bae2025	mouse	SCN2A	1.864477370420229	PN36_3_cKO
09_70_10	3.4115632783568883	5.600121539422777	Neurons	9	cKO	0.8545050987921528	Bae2025	mouse	SCN2A	0.8545050987921528	PN36_3_cKO
09_71_06	-3.639359592279098	-1.225617605856153	Neurons	2	cKO	2.303485588327296	Bae2025	mouse	SCN2A	2.303485588327296	PN36_3_cKO
09_71_14	1.3634635221160438	3.924373668023852	Neurons	7	cKO	1.6018949093638395	Bae2025	mouse	SCN2A	1.6018949093638395	PN36_3_cKO
09_71_29	-10.101638673623702	2.316213887521533	Neurons	2	cKO	0	Bae2025	mouse	SCN2A	0	PN36_3_cKO
09_71_43	2.65199363342891	-5.15972705524275	Oligodendrocytes	3	cKO	0	Bae2025	mouse	SCN2A	0	PN36_3_cKO
09_71_76	-5.77261721976628	-12.85147805850813	Astrocytes	4	cKO	0	Bae2025	mouse	SCN2A	0	PN36_3_cKO
09_71_95	0.2632974993384864	-6.384139019659254	Neurons	3	cKO	0	Bae2025	mouse	SCN2A	0	PN36_3_cKO
09_71_96	7.056199194113114	-4.155585724523756	Oligodendrocytes	6	cKO	0	Bae2025	mouse	SCN2A	0	PN36_3_cKO
09_72_05	-1.325687109311721	8.585818808862475	Neurons	8	cKO	1.776655423391685	Bae2025	mouse	SCN2A	1.776655423391685	PN36_3_cKO
09_72_22	1.007273436704972	2.4380357678621087	Neurons	7	cKO	1.4472105957244177	Bae2025	mouse	SCN2A	1.4472105957244177	PN36_3_cKO
09_72_29	-4.889209626992843	-1.92673714797804	Neurons	2	cKO	1.6352079106061352	Bae2025	mouse	SCN2A	1.6352079106061352	PN36_3_cKO
09_72_41	1.4723612081206825	3.9674802239625726	Neurons	7	cKO	1.175256322059775	Bae2025	mouse	SCN2A	1.175256322059775	PN36_3_cKO
09_72_60	-3.533297418435714	-1.1189267818243231	Neurons	2	cKO	2.557870983504659	Bae2025	mouse	SCN2A	2.557870983504659	PN36_3_cKO
09_72_66	-3.2273801554047084	-6.966492134741041	Neurons	10	cKO	0	Bae2025	mouse	SCN2A	0	PN36_3_cKO
09_72_71	9.145918012777663	-1.745912868192884	Oligodendrocytes	5	cKO	1.4461547490435696	Bae2025	mouse	SCN2A	1.4461547490435696	PN36_3_cKO
09_72_84	-5.702578424295089	-11.960386711767407	Astrocytes	4	cKO	0	Bae2025	mouse	SCN2A	0	PN36_3_cKO
09_73_12	-4.516870855172774	-9.64445729892561	Astrocytes	10	cKO	1.2738715475704614	Bae2025	mouse	SCN2A	1.2738715475704614	PN36_3_cKO
09_73_22	-2.30384886153569	6.950948756524828	Neurons	8	cKO	0.7099611916013999	Bae2025	mouse	SCN2A	0.7099611916013999	PN36_3_cKO
09_73_28	-3.959224103768966	-1.459132272413465	Neurons	2	cKO	1.9801937100302087	Bae2025	mouse	SCN2A	1.9801937100302087	PN36_3_cKO
09_73_32	7.350596071401933	-4.015211302450392	Oligodendrocytes	1	cKO	0	Bae2025	mouse	SCN2A	0	PN36_3_cKO
09_73_40	8.95919430367122	-2.133739787748548	Oligodendrocytes	5	cKO	0	Bae2025	mouse	SCN2A	0	PN36_3_cKO
09_73_46	-3.034381746133468	9.47847036678484	Neurons	8	cKO	1.781110181750566	Bae2025	mouse	SCN2A	1.781110181750566	PN36_3_cKO
09_73_61	1.087036133924821	2.239796202966479	Neurons	7	cKO	1.5706986683191675	Bae2025	mouse	SCN2A	1.5706986683191675	PN36_3_cKO
09_73_91	1.5878235112823036	-5.0654596869261	Neurons	3	cKO	0	Bae2025	mouse	SCN2A	0	PN36_3_cKO
09_74_02	-4.4261471021973104	-12.173690277746411	Astrocytes	4	cKO	0	Bae2025	mouse	SCN2A	0	PN36_3_cKO
09_74_20	-0.45167156872866193	4.521791022607592	Neurons	8	cKO	1.7901541320301115	Bae2025	mouse	SCN2A	1.7901541320301115	PN36_3_cKO
09_74_29	-2.582244514306686	3.3157420571534906	Neurons	8	cKO	1.322232702966614	Bae2025	mouse	SCN2A	1.322232702966614	PN36_3_cKO
09_74_66	7.355520845571855	-4.420138317754957	Oligodendrocytes	1	cKO	0	Bae2025	mouse	SCN2A	0	PN36_3_cKO
09_74_71	8.223399282614091	-3.463641125372144	Oligodendrocytes	1	cKO	1.312823554541093	Bae2025	mouse	SCN2A	1.312823554541093	PN36_3_cKO
09_74_74	1.3483089219726112	4.880732100793627	Neurons	7	cKO	1.171390912860522	Bae2025	mouse	SCN2A	1.171390912860522	PN36_3_cKO
09_74_82	-4.042385457833907	-1.6758287731916632	Neurons	2	cKO	1.4949269304267587	Bae2025	mouse	SCN2A	1.4949269304267587	PN36_3_cKO
09_74_86	-2.178442477067611	9.633997481653005	Neurons	8	cKO	1.772406567779664	Bae2025	mouse	SCN2A	1.772406567779664	PN36_3_cKO
09_75_02	8.369760633627275	-3.518138128927442	Oligodendrocytes	1	cKO	0	Bae2025	mouse	SCN2A	0	PN36_3_cKO
09_75_14	-2.1844906795822596	9.437012236902026	Neurons	8	cKO	1.5277332709285945	Bae2025	mouse	SCN2A	1.5277332709285945	PN36_3_cKO
09_75_37	-2.617839931329391	8.980838340112475	Neurons	8	cKO	1.537075263846709	Bae2025	mouse	SCN2A	1.537075263846709	PN36_3_cKO
09_75_56	0.07011312357554694	6.60597233135393	Neurons	8	cKO	1.66140429858973	Bae2025	mouse	SCN2A	1.66140429858973	PN36_3_cKO
09_75_64	-3.93553888686528	-1.2766049687177865	Neurons	2	cKO	1.8254556669494448	Bae2025	mouse	SCN2A	1.8254556669494448	PN36_3_cKO
09_75_76	0.9206027995742349	6.495224994012621	Neurons	8	cKO	1.3375571120453915	Bae2025	mouse	SCN2A	1.3375571120453915	PN36_3_cKO
09_75_88	3.329240442434647	7.02222399074724	Neurons	9	cKO	1.0613807740707628	Bae2025	mouse	SCN2A	1.0613807740707628	PN36_3_cKO
09_76_03	-3.9533284891449423	-1.1064784113676276	Neurons	2	cKO	0	Bae2025	mouse	SCN2A	0	PN36_3_cKO
09_76_13	-2.6897031057678675	9.63422636348894	Neurons	8	cKO	1.043599363506452	Bae2025	mouse	SCN2A	1.043599363506452	PN36_3_cKO
09_76_25	-3.0584181536041712	7.480552714654711	Neurons	8	cKO	2.0842469751320025	Bae2025	mouse	SCN2A	2.0842469751320025	PN36_3_cKO
09_76_28	-1.449617146333358	8.684316199609546	Neurons	8	cKO	1.8871166435379476	Bae2025	mouse	SCN2A	1.8871166435379476	PN36_3_cKO
09_76_59	7.061302782217362	-4.389379936865065	Oligodendrocytes	6	cKO	0	Bae2025	mouse	SCN2A	0	PN36_3_cKO
09_76_71	-4.556768297036788	-12.308884102514478	Astrocytes	4	cKO	0	Bae2025	mouse	SCN2A	0	PN36_3_cKO
09_76_91	6.1217795621551065	-5.071483093908522	Oligodendrocytes	6	cKO	0.6583136623676002	Bae2025	mouse	SCN2A	0.6583136623676002	PN36_3_cKO
09_77_29	2.111948133627274	-0.1996820975453582	Neurons	7	cKO	1.7657138445993266	Bae2025	mouse	SCN2A	1.7657138445993266	PN36_3_cKO
09_77_31	-10.146336435159348	3.0238101895540033	Neurons	2	cKO	0	Bae2025	mouse	SCN2A	0	PN36_3_cKO
09_77_39	-4.729752897103927	-12.126657921484204	Astrocytes	4	cKO	0	Bae2025	mouse	SCN2A	0	PN36_3_cKO
09_77_48	-2.456759094079635	8.424405616113452	Neurons	8	cKO	1.017798633402919	Bae2025	mouse	SCN2A	1.017798633402919	PN36_3_cKO
09_77_57	-5.245312570413253	-11.767038780859204	Astrocytes	4	cKO	0	Bae2025	mouse	SCN2A	0	PN36_3_cKO
09_77_87	-1.886095522721908	7.758221667596605	Neurons	8	cKO	1.597440041210037	Bae2025	mouse	SCN2A	1.597440041210037	PN36_3_cKO
09_78_11	2.1075290452636266	4.998173754998949	Neurons	9	cKO	0.696387860169972	Bae2025	mouse	SCN2A	0.696387860169972	PN36_3_cKO
09_78_19	9.121243597189286	-2.2256307188780036	Oligodendrocytes	5	cKO	0	Bae2025	mouse	SCN2A	0	PN36_3_cKO
09_78_25	-6.68019139655461	-12.695938545873853	Astrocytes	4	cKO	0	Bae2025	mouse	SCN2A	0	PN36_3_cKO
09_78_57	-3.529399751504562	7.314236205407885	Neurons	8	cKO	0	Bae2025	mouse	SCN2A	0	PN36_3_cKO
09_78_58	-10.074418901284837	3.329563182184008	Neurons	8	cKO	1.4699371549692963	Bae2025	mouse	SCN2A	1.4699371549692963	PN36_3_cKO
09_78_63	-10.036657213052411	3.2353051121919427	Neurons	2	cKO	0	Bae2025	mouse	SCN2A	0	PN36_3_cKO
09_78_65	-5.806394456704757	-11.279441315344068	Astrocytes	4	cKO	0	Bae2025	mouse	SCN2A	0	PN36_3_cKO
09_78_79	2.1436218034423375	-3.4508385245115485	Astrocytes	6	cKO	0	Bae2025	mouse	SCN2A	0	PN36_3_cKO
09_78_93	-1.841414212068221	8.386180442163257	Neurons	8	cKO	2.045073506000336	Bae2025	mouse	SCN2A	2.045073506000336	PN36_3_cKO
09_79_07	-4.911623834451339	-1.91037972610304	Neurons	2	cKO	2.701652321816988	Bae2025	mouse	SCN2A	2.701652321816988	PN36_3_cKO
09_79_25	1.7763639699615028	-3.165582615545484	Astrocytes	5	cKO	0	Bae2025	mouse	SCN2A	0	PN36_3_cKO
09_79_33	1.7688673745788124	-3.094072777441236	Astrocytes	5	cKO	0	Bae2025	mouse	SCN2A	0	PN36_3_cKO
09_79_53	-5.565750001748702	-11.98035760562727	Astrocytes	4	cKO	0	Bae2025	mouse	SCN2A	0	PN36_3_cKO
09_79_78	-11.06130015738835	-1.6457866017133918	Epithelial cells	4	cKO	0	Bae2025	mouse	SCN2A	0	PN36_3_cKO
09_79_80	1.3003692638076332	3.408554356881884	Neurons	7	cKO	1.4902152316773043	Bae2025	mouse	SCN2A	1.4902152316773043	PN36_3_cKO
09_79_89	9.315107465902663	-2.189119059255811	Oligodendrocytes	5	cKO	0	Bae2025	mouse	SCN2A	0	PN36_3_cKO
09_79_95	-2.5587826956116175	10.1978516991823	Neurons	8	cKO	2.47124470718639	Bae2025	mouse	SCN2A	2.47124470718639	PN36_3_cKO
09_80_23	-0.15972477086415032	-6.499760109594557	Neurons	10	cKO	1.30473922604864	Bae2025	mouse	SCN2A	1.30473922604864	PN36_3_cKO
09_80_36	0.5641775142348793	4.128235381433275	Neurons	8	cKO	1.508907519424678	Bae2025	mouse	SCN2A	1.508907519424678	PN36_3_cKO
09_80_77	-3.5078541029297328	-7.1991824690611095	Neurons	10	cKO	1.3444496751770698	Bae2025	mouse	SCN2A	1.3444496751770698	PN36_3_cKO
09_80_78	9.537229658285478	-1.5349006239683356	Oligodendrocytes	5	cKO	0	Bae2025	mouse	SCN2A	0	PN36_3_cKO
09_80_79	-3.428720353921554	-6.804351765325758	Neurons	10	cKO	0	Bae2025	mouse	SCN2A	0	PN36_3_cKO
09_80_81	-2.5279618490540003	3.4063089307039056	Neurons	8	cKO	1.1432606960456382	Bae2025	mouse	SCN2A	1.1432606960456382	PN36_3_cKO
09_80_86	-1.0526674378715966	4.716450255700853	Neurons	2	cKO	1.535072189546323	Bae2025	mouse	SCN2A	1.535072189546323	PN36_3_cKO
09_80_87	1.081214905897477	6.324605029413012	Neurons	8	cKO	1.282005061723434	Bae2025	mouse	SCN2A	1.282005061723434	PN36_3_cKO
09_80_91	-2.3808814276062464	8.130464118310718	Neurons	8	cKO	1.6945231622332373	Bae2025	mouse	SCN2A	1.6945231622332373	PN36_3_cKO
09_80_96	9.074268461386064	-2.177230316808912	Oligodendrocytes	5	cKO	1.2975401908636386	Bae2025	mouse	SCN2A	1.2975401908636386	PN36_3_cKO
09_81_05	9.183263899008134	-2.4746794287473883	Oligodendrocytes	5	cKO	0	Bae2025	mouse	SCN2A	0	PN36_3_cKO
09_81_14	6.847537637869218	-4.110026079824659	Oligodendrocytes	6	cKO	0	Bae2025	mouse	SCN2A	0	PN36_3_cKO
09_81_17	1.1179324399627235	8.56150678951433	Neurons	8	cKO	1.1502221708178704	Bae2025	mouse	SCN2A	1.1502221708178704	PN36_3_cKO
09_81_46	-5.386789201577804	-12.222559410742017	Astrocytes	4	cKO	1.2761012506238556	Bae2025	mouse	SCN2A	1.2761012506238556	PN36_3_cKO
09_81_51	0.33401262871394416	-6.332375485113356	Neurons	3	cKO	0	Bae2025	mouse	SCN2A	0	PN36_3_cKO
09_81_67	8.974923254171708	-2.935850817373487	Oligodendrocytes	1	cKO	0	Bae2025	mouse	SCN2A	0	PN36_3_cKO
09_81_88	-4.744308828195235	-11.83785386722395	Astrocytes	4	cKO	0	Bae2025	mouse	SCN2A	0	PN36_3_cKO
09_82_05	-0.858663617452285	5.994994204828051	Neurons	8	cKO	1.6481762012646477	Bae2025	mouse	SCN2A	1.6481762012646477	PN36_3_cKO
09_82_13	-0.5453024942480538	8.07236055690935	Neurons	8	cKO	1.1396099798117576	Bae2025	mouse	SCN2A	1.1396099798117576	PN36_3_cKO
09_82_31	1.1235195409453895	8.51677374202898	Neurons	8	cKO	1.0688558888302389	Bae2025	mouse	SCN2A	1.0688558888302389	PN36_3_cKO
09_82_40	-0.6665684569679711	8.83962587673357	Neurons	8	cKO	1.7803921875840407	Bae2025	mouse	SCN2A	1.7803921875840407	PN36_3_cKO
09_82_47	-3.1393231142364955	6.500610869714525	Neurons	8	cKO	1.1902204712109323	Bae2025	mouse	SCN2A	1.1902204712109323	PN36_3_cKO
09_82_49	8.895917059103349	-3.1876785342008795	Oligodendrocytes	1	cKO	0	Bae2025	mouse	SCN2A	0	PN36_3_cKO
09_82_62	6.644343496481278	-5.11073966663191	Oligodendrocytes	6	cKO	0	Bae2025	mouse	SCN2A	0	PN36_3_cKO
09_82_88	9.52730953804622	-2.8941928927213874	Oligodendrocytes	1	cKO	0	Bae2025	mouse	SCN2A	0	PN36_3_cKO
09_83_18	-2.018367766221664	7.378720801660326	Neurons	8	cKO	1.7394823388392706	Bae2025	mouse	SCN2A	1.7394823388392706	PN36_3_cKO
09_83_52	9.094395757833816	-3.0966918055326667	Oligodendrocytes	1	cKO	0	Bae2025	mouse	SCN2A	0	PN36_3_cKO
09_83_58	5.962666155020097	-5.232741314581129	Oligodendrocytes	6	cKO	0	Bae2025	mouse	SCN2A	0	PN36_3_cKO
09_83_69	1.1756135236419227	3.481639426538256	Neurons	7	cKO	1.183811731292868	Bae2025	mouse	SCN2A	1.183811731292868	PN36_3_cKO
09_83_83	-4.539739488443038	-9.887808281591626	Astrocytes	4	cKO	1.357595466188316	Bae2025	mouse	SCN2A	1.357595466188316	PN36_3_cKO
09_83_94	-1.485371826966903	8.405463736840991	Neurons	8	cKO	1.252156157198625	Bae2025	mouse	SCN2A	1.252156157198625	PN36_3_cKO
09_84_21	-3.56164276488652	-1.366107541731092	Neurons	2	cKO	2.1422751328062524	Bae2025	mouse	SCN2A	2.1422751328062524	PN36_3_cKO
09_84_51	-2.1481888283096766	8.335636657068042	Neurons	8	cKO	0.7549583134112616	Bae2025	mouse	SCN2A	0.7549583134112616	PN36_3_cKO
09_85_24	0.08241236321101447	3.022316735574511	Neurons	7	cKO	1.5425115638772862	Bae2025	mouse	SCN2A	1.5425115638772862	PN36_3_cKO
09_85_53	-1.9198077905975792	5.571124118158129	Neurons	8	cKO	1.525655732676284	Bae2025	mouse	SCN2A	1.525655732676284	PN36_3_cKO
09_85_58	2.095473648229935	5.037598174402025	Neurons	9	cKO	1.0476079407803918	Bae2025	mouse	SCN2A	1.0476079407803918	PN36_3_cKO
09_86_14	1.069030166784623	6.336753409692553	Neurons	8	cKO	1.8247414583761663	Bae2025	mouse	SCN2A	1.8247414583761663	PN36_3_cKO
09_86_45	-2.0168850410782313	9.322255652734546	Neurons	8	cKO	1.38069559066287	Bae2025	mouse	SCN2A	1.38069559066287	PN36_3_cKO
09_86_50	8.30842411629329	-3.5630333010465827	Oligodendrocytes	1	cKO	1.3293402315299283	Bae2025	mouse	SCN2A	1.3293402315299283	PN36_3_cKO
09_86_81	3.633551717916825	-5.012126404455397	Oligodendrocytes	6	cKO	0	Bae2025	mouse	SCN2A	0	PN36_3_cKO
09_87_08	2.1034129869140172	-3.638116795232984	Astrocytes	6	cKO	0	Bae2025	mouse	SCN2A	0	PN36_3_cKO
09_87_13	-0.6798672515951607	7.457106631585863	Neurons	8	cKO	1.5212223630046895	Bae2025	mouse	SCN2A	1.5212223630046895	PN36_3_cKO
09_88_07	-0.7895415116154167	7.756567996331957	Neurons	8	cKO	1.8973636917247645	Bae2025	mouse	SCN2A	1.8973636917247645	PN36_3_cKO
09_88_24	-3.2266663301788783	7.76298908550432	Neurons	8	cKO	1.8804473959589936	Bae2025	mouse	SCN2A	1.8804473959589936	PN36_3_cKO
09_88_74	0.325285435835221	3.5082464631288324	Neurons	7	cKO	1.1659495184369248	Bae2025	mouse	SCN2A	1.1659495184369248	PN36_3_cKO
09_88_75	-3.8281022299133753	7.99326948482683	Neurons	8	cKO	2.032258176103537	Bae2025	mouse	SCN2A	2.032258176103537	PN36_3_cKO
09_89_03	-2.8379620302521205	9.058228057214526	Neurons	8	cKO	1.5031188598963647	Bae2025	mouse	SCN2A	1.5031188598963647	PN36_3_cKO
09_89_44	-0.9778727877937768	8.21389345485857	Neurons	8	cKO	1.3971161858469363	Bae2025	mouse	SCN2A	1.3971161858469363	PN36_3_cKO
09_89_56	1.250974894682267	6.4504709656923085	Neurons	8	cKO	1.494505413059796	Bae2025	mouse	SCN2A	1.494505413059796	PN36_3_cKO
09_90_04	-3.8073781717621302	-1.3362171236784186	Neurons	2	cKO	0	Bae2025	mouse	SCN2A	0	PN36_3_cKO
09_90_05	-10.602289079507493	2.964584391900805	Neurons	2	cKO	2.539664940169652	Bae2025	mouse	SCN2A	2.539664940169652	PN36_3_cKO
09_90_34	6.857808233419755	-4.612990338018629	Oligodendrocytes	6	cKO	0	Bae2025	mouse	SCN2A	0	PN36_3_cKO
09_90_57	-3.699984191735885	-1.6225626055509772	Neurons	2	cKO	1.6913381236269909	Bae2025	mouse	SCN2A	1.6913381236269909	PN36_3_cKO
09_90_66	-10.242615579446456	2.3516774590699945	Neurons	2	cKO	1.9498634027428468	Bae2025	mouse	SCN2A	1.9498634027428468	PN36_3_cKO
09_91_11	-3.813462852319381	-1.207763511350843	Neurons	2	cKO	1.1979170311122334	Bae2025	mouse	SCN2A	1.1979170311122334	PN36_3_cKO
09_91_40	-3.7286087263428183	-7.387911278417799	Neurons	10	cKO	0	Bae2025	mouse	SCN2A	0	PN36_3_cKO
09_91_44	0.7872055780089882	3.4802365716188226	Neurons	7	cKO	1.705742312198871	Bae2025	mouse	SCN2A	1.705742312198871	PN36_3_cKO
09_91_65	-1.5263013828598473	5.783683341333178	Neurons	8	cKO	1.244022686553779	Bae2025	mouse	SCN2A	1.244022686553779	PN36_3_cKO
09_91_69	2.8710879098571325	6.427022021600512	Neurons	9	cKO	1.4916617657041122	Bae2025	mouse	SCN2A	1.4916617657041122	PN36_3_cKO
09_91_86	-1.8805295217834923	4.739511054345873	Neurons	8	cKO	1.1981477994175809	Bae2025	mouse	SCN2A	1.1981477994175809	PN36_3_cKO
09_92_10	8.406067968527177	-1.4315076653272834	Oligodendrocytes	5	cKO	0	Bae2025	mouse	SCN2A	0	PN36_3_cKO
09_92_17	0.14901816956172248	3.4554582055299554	Neurons	7	cKO	1.061655593306706	Bae2025	mouse	SCN2A	1.061655593306706	PN36_3_cKO
09_92_22	-1.4227828372322533	8.59056238491228	Neurons	8	cKO	1.8449289991877311	Bae2025	mouse	SCN2A	1.8449289991877311	PN36_3_cKO
09_92_42	-0.06352028139462212	3.1030290539949212	Neurons	7	cKO	1.4540863697014497	Bae2025	mouse	SCN2A	1.4540863697014497	PN36_3_cKO
09_92_83	-2.143936394532821	4.622643512079027	Neurons	8	cKO	1.5566414179192374	Bae2025	mouse	SCN2A	1.5566414179192374	PN36_3_cKO
09_92_92	-0.7197428632580254	5.1032114442079335	Neurons	8	cKO	1.5533085759379368	Bae2025	mouse	SCN2A	1.5533085759379368	PN36_3_cKO
09_93_02	2.485669017950394	-5.2320594374448985	Oligodendrocytes	3	cKO	0	Bae2025	mouse	SCN2A	0	PN36_3_cKO
09_93_15	-0.8161515880428765	7.3324385102479726	Neurons	8	cKO	1.6459984727393775	Bae2025	mouse	SCN2A	1.6459984727393775	PN36_3_cKO
09_93_30	-8.924692033609054	2.5240829404084955	Neurons	7	cKO	0	Bae2025	mouse	SCN2A	0	PN36_3_cKO
09_93_37	-3.922304033120773	-1.241252977064344	Neurons	2	cKO	2.169733038188983	Bae2025	mouse	SCN2A	2.169733038188983	PN36_3_cKO
09_93_77	3.4031461488402868	6.2232442315309315	Neurons	9	cKO	1.5393721215879403	Bae2025	mouse	SCN2A	1.5393721215879403	PN36_3_cKO
09_94_22	-0.6260303992830727	8.95133070308855	Neurons	8	cKO	1.9941536322253943	Bae2025	mouse	SCN2A	1.9941536322253943	PN36_3_cKO
09_94_37	-5.909277318795821	-11.77788015048811	Astrocytes	4	cKO	0	Bae2025	mouse	SCN2A	0	PN36_3_cKO
09_94_56	6.197372556845048	-12.458038765600415	Endothelial cells	4	cKO	0	Bae2025	mouse	SCN2A	0	PN36_3_cKO
09_94_61	-9.8827084291779	2.201865714380053	Neurons	2	cKO	0	Bae2025	mouse	SCN2A	0	PN36_3_cKO
09_94_87	9.612556577841142	-0.6749075238020148	Oligodendrocytes	5	cKO	0.868493296532109	Bae2025	mouse	SCN2A	0.868493296532109	PN36_3_cKO
09_95_07	-6.723798631509444	-11.85356088321516	Astrocytes	4	cKO	0	Bae2025	mouse	SCN2A	0	PN36_3_cKO
09_95_09	-1.0173705209099266	8.929839652368335	Neurons	8	cKO	0	Bae2025	mouse	SCN2A	0	PN36_3_cKO
09_95_21	8.050084234396317	-3.719980436971875	Oligodendrocytes	1	cKO	0	Bae2025	mouse	SCN2A	0	PN36_3_cKO
09_95_27	-4.749935506662032	-11.785900551489089	Astrocytes	4	cKO	0	Bae2025	mouse	SCN2A	0	PN36_3_cKO
09_95_33	2.8624488126433874	-2.6591262404234137	Oligodendrocytes	5	cKO	0.9038876783723802	Bae2025	mouse	SCN2A	0.9038876783723802	PN36_3_cKO
09_95_63	1.1402823936141515	4.481961291620043	Neurons	7	cKO	1.7187776827676275	Bae2025	mouse	SCN2A	1.7187776827676275	PN36_3_cKO
09_95_69	-0.13417568691601495	3.0753055031984124	Neurons	7	cKO	0.5151018929902327	Bae2025	mouse	SCN2A	0.5151018929902327	PN36_3_cKO
09_95_71	-2.584186195214889	3.32252244312456	Neurons	8	cKO	1.5217818593718582	Bae2025	mouse	SCN2A	1.5217818593718582	PN36_3_cKO
09_95_73	0.9403121482528236	3.9342904504030023	Neurons	7	cKO	1.0144813668826616	Bae2025	mouse	SCN2A	1.0144813668826616	PN36_3_cKO
09_96_02	9.058465124288896	-2.328952986410352	Oligodendrocytes	5	cKO	0	Bae2025	mouse	SCN2A	0	PN36_3_cKO
09_96_12	0.4888126265204932	3.6993177350251942	Neurons	7	cKO	1.7499411418155375	Bae2025	mouse	SCN2A	1.7499411418155375	PN36_3_cKO
09_96_16	-2.1941591490112757	9.675174277612475	Neurons	8	cKO	1.904515403188289	Bae2025	mouse	SCN2A	1.904515403188289	PN36_3_cKO
09_96_31	-3.1965483415924525	8.456206839868335	Neurons	8	cKO	1.7991587407254692	Bae2025	mouse	SCN2A	1.7991587407254692	PN36_3_cKO
09_96_32	-5.039376615365645	-13.196592766454907	Astrocytes	4	cKO	0	Bae2025	mouse	SCN2A	0	PN36_3_cKO
09_96_33	-4.844523309548995	-11.918000656774732	Astrocytes	4	cKO	0	Bae2025	mouse	SCN2A	0	PN36_3_cKO
09_96_37	3.206690670172074	-4.950092751196119	Oligodendrocytes	6	cKO	0.7947497334975848	Bae2025	mouse	SCN2A	0.7947497334975848	PN36_3_cKO
09_96_44	8.788193823019364	-3.293549734762403	Oligodendrocytes	1	cKO	0	Bae2025	mouse	SCN2A	0	PN36_3_cKO
09_96_65	-3.4769483793579554	-6.413511711767408	Neurons	10	cKO	0	Bae2025	mouse	SCN2A	0	PN36_3_cKO
09_96_75	9.088110090414384	-2.959490496328565	Oligodendrocytes	1	cKO	0	Bae2025	mouse	SCN2A	0	PN36_3_cKO
09_96_95	8.184471250692704	-3.576311785391065	Oligodendrocytes	1	cKO	0	Bae2025	mouse	SCN2A	0	PN36_3_cKO
10_02_25	-2.7497714746796107	8.77846578914812	Neurons	8	WT	1.5995910926201609	Bae2025	mouse	SCN2A	1.5995910926201609	PN36_4_Con
10_02_52	9.875015379110671	-3.304376560857984	Oligodendrocytes	1	WT	0	Bae2025	mouse	SCN2A	0	PN36_4_Con
10_02_68	-5.413294195016524	-12.239994484594556	Astrocytes	4	WT	0	Bae2025	mouse	SCN2A	0	PN36_4_Con
10_03_09	-3.190998195489547	-6.5113825384886	Neurons	10	WT	0	Bae2025	mouse	SCN2A	0	PN36_4_Con
10_03_35	0.5367100845969703	-6.282865006139967	Oligodendrocytes	3	WT	0	Bae2025	mouse	SCN2A	0	PN36_4_Con
10_04_03	10.23848831764827	-2.208569962194654	Oligodendrocytes	5	WT	0	Bae2025	mouse	SCN2A	0	PN36_4_Con
10_04_85	-2.316428183396957	8.503947776147632	Neurons	8	WT	0.7081266278483563	Bae2025	mouse	SCN2A	0.7081266278483563	PN36_4_Con
10_05_06	0.6132909070647743	4.408815425226	Neurons	8	WT	1.6139974592418969	Bae2025	mouse	SCN2A	1.6139974592418969	PN36_4_Con
10_05_19	-1.3821580994926903	7.643337767907885	Neurons	8	WT	2.035385798816867	Bae2025	mouse	SCN2A	2.035385798816867	PN36_4_Con
10_05_20	8.31919300667415	-4.539780575445387	Oligodendrocytes	1	WT	0	Bae2025	mouse	SCN2A	0	PN36_4_Con
10_05_32	-7.157098649819991	-11.669546562841626	Astrocytes	4	WT	0	Bae2025	mouse	SCN2A	0	PN36_4_Con
10_05_88	-2.5890048731171107	7.337020915338305	Neurons	8	WT	1.9749909065595743	Bae2025	mouse	SCN2A	1.9749909065595743	PN36_4_Con
10_06_37	0.9826825868285682	3.6469602997987542	Neurons	7	WT	1.1937343197507682	Bae2025	mouse	SCN2A	1.1937343197507682	PN36_4_Con
10_06_72	2.88531243912349	6.0777035172670155	Neurons	9	WT	1.79041813703803	Bae2025	mouse	SCN2A	1.79041813703803	PN36_4_Con
10_07_76	-2.064448236306808	8.125260871240405	Neurons	8	WT	2.2685640098814543	Bae2025	mouse	SCN2A	2.2685640098814543	PN36_4_Con
10_08_11	5.911796690145829	-5.272691685369703	Oligodendrocytes	6	WT	0	Bae2025	mouse	SCN2A	0	PN36_4_Con
10_08_31	-0.16350167878498773	7.952782195398119	Neurons	8	WT	0.5959734549539762	Bae2025	mouse	SCN2A	0.5959734549539762	PN36_4_Con
10_08_39	7.189572454611161	-5.493970352819654	Oligodendrocytes	6	WT	0	Bae2025	mouse	SCN2A	0	PN36_4_Con
10_08_58	2.230898500601151	5.156285327264574	Neurons	9	WT	1.4776697782573298	Bae2025	mouse	SCN2A	1.4776697782573298	PN36_4_Con
10_09_05	10.005441785971025	-1.537950116804334	Oligodendrocytes	5	WT	0	Bae2025	mouse	SCN2A	0	PN36_4_Con
10_09_23	10.068977476278642	-2.4263917986662116	Oligodendrocytes	5	WT	0	Bae2025	mouse	SCN2A	0	PN36_4_Con
10_10_14	9.617075086752276	-3.9940838400633063	Oligodendrocytes	1	WT	0	Bae2025	mouse	SCN2A	0	PN36_4_Con
10_11_16	-3.4319769132935023	8.112797301599292	Neurons	8	WT	1.4381397119315895	Bae2025	mouse	SCN2A	1.4381397119315895	PN36_4_Con
10_11_67	-3.628368734201095	-6.448040920904371	Neurons	10	WT	0	Bae2025	mouse	SCN2A	0	PN36_4_Con
10_11_81	3.4394961606658483	5.720387500116137	Neurons	9	WT	1.52914045663279	Bae2025	mouse	SCN2A	1.52914045663279	PN36_4_Con
10_12_01	-1.5538760412537072	8.444046538659839	Neurons	8	WT	2.006269067406744	Bae2025	mouse	SCN2A	2.006269067406744	PN36_4_Con
10_12_57	6.955120206991532	-5.3688044134886	Oligodendrocytes	6	WT	0	Bae2025	mouse	SCN2A	0	PN36_4_Con
10_13_22	-6.374289392312667	-12.719799477270335	Astrocytes	4	WT	0	Bae2025	mouse	SCN2A	0	PN36_4_Con
10_13_65	7.154774309316972	-5.3907765929014415	Oligodendrocytes	6	WT	1.199696512599722	Bae2025	mouse	SCN2A	1.199696512599722	PN36_4_Con
10_13_70	6.065189958731034	-12.533050972631663	Endothelial cells	4	WT	0	Bae2025	mouse	SCN2A	0	PN36_4_Con
10_14_16	2.2035928975738073	5.053754370996264	Neurons	9	WT	1.069693570828978	Bae2025	mouse	SCN2A	1.069693570828978	PN36_4_Con
10_15_14	8.263193250814775	-4.708851772955152	Oligodendrocytes	1	WT	0	Bae2025	mouse	SCN2A	0	PN36_4_Con
10_15_41	1.8548494588531044	6.557849448510912	Neurons	9	WT	2.0525966967209004	Bae2025	mouse	SCN2A	2.0525966967209004	PN36_4_Con
10_16_03	-1.0614359963737938	6.826439898797777	Neurons	8	WT	1.9321347503278343	Bae2025	mouse	SCN2A	1.9321347503278343	PN36_4_Con
10_16_05	-3.7433155763946986	9.62343649227312	Neurons	8	WT	1.6308986612818104	Bae2025	mouse	SCN2A	1.6308986612818104	PN36_4_Con
10_16_41	9.742807508627276	-4.162210423162672	Oligodendrocytes	1	WT	0	Bae2025	mouse	SCN2A	0	PN36_4_Con
10_17_87	6.451233984152177	-5.045492130926344	Oligodendrocytes	6	WT	0	Bae2025	mouse	SCN2A	0	PN36_4_Con
10_18_10	-10.775452493508956	0.48224584419420097	Neurons	4	WT	1.7299498842123755	Bae2025	mouse	SCN2A	1.7299498842123755	PN36_4_Con
10_18_38	9.06779682747493	-4.693352657964918	Oligodendrocytes	1	WT	0	Bae2025	mouse	SCN2A	0	PN36_4_Con
10_18_57	1.5848912011779337	6.45937637645891	Neurons	9	WT	1.4301670983901549	Bae2025	mouse	SCN2A	1.4301670983901549	PN36_4_Con
10_18_59	-2.3219625938736415	7.683933299371508	Neurons	8	WT	2.5376405674185936	Bae2025	mouse	SCN2A	2.5376405674185936	PN36_4_Con
10_18_61	-4.413126109918258	-10.112224060705396	Astrocytes	2	WT	0	Bae2025	mouse	SCN2A	0	PN36_4_Con
10_18_87	9.769016386190753	-1.3503517691404547	Oligodendrocytes	5	WT	0	Bae2025	mouse	SCN2A	0	PN36_4_Con
10_19_15	1.1401067983306434	2.9827368672578607	Neurons	7	WT	1.7089540175002855	Bae2025	mouse	SCN2A	1.7089540175002855	PN36_4_Con
10_19_28	-5.407917379220626	-11.871057945898269	Astrocytes	4	WT	0	Bae2025	mouse	SCN2A	0	PN36_4_Con
10_19_32	0.7572128783858803	8.421358626672534	Neurons	8	WT	1.152440091382304	Bae2025	mouse	SCN2A	1.152440091382304	PN36_4_Con
10_19_80	2.4443610917724157	5.555526297876146	Neurons	9	WT	1.7216430594992218	Bae2025	mouse	SCN2A	1.7216430594992218	PN36_4_Con
10_19_95	8.468916059652665	-5.132906395605299	Oligodendrocytes	1	WT	0	Bae2025	mouse	SCN2A	0	PN36_4_Con
10_20_61	3.7869092237151647	6.5034213479249745	Neurons	9	WT	1.211767747729499	Bae2025	mouse	SCN2A	1.211767747729499	PN36_4_Con
10_21_93	-0.9195459473930808	6.282470267602709	Neurons	8	WT	1.7996436925704058	Bae2025	mouse	SCN2A	1.7996436925704058	PN36_4_Con
10_22_09	-11.89252745993962	-0.8872673098356452	Fibroblasts	4	WT	0	Bae2025	mouse	SCN2A	0	PN36_4_Con
10_22_33	-3.2175160635315394	-6.7676381651670665	Neurons	10	WT	0	Bae2025	mouse	SCN2A	0	PN36_4_Con
10_22_36	0.00912210456500312	3.338392060586718	Neurons	7	WT	1.3217283406354272	Bae2025	mouse	SCN2A	1.3217283406354272	PN36_4_Con
10_22_96	9.910886884847978	-3.3220443312437262	Oligodendrocytes	1	WT	0	Bae2025	mouse	SCN2A	0	PN36_4_Con
10_23_21	8.01384174934993	-1.9603350941450324	Oligodendrocytes	1	WT	0	Bae2025	mouse	SCN2A	0	PN36_4_Con
10_23_41	0.7725392591155555	3.659884494134692	Neurons	7	WT	1.6617433931396688	Bae2025	mouse	SCN2A	1.6617433931396688	PN36_4_Con
10_23_86	8.5294591199554	-5.110116917303297	Oligodendrocytes	1	WT	0	Bae2025	mouse	SCN2A	0	PN36_4_Con
10_24_04	-3.037825225671432	9.665681403466968	Neurons	8	WT	1.789679168914684	Bae2025	mouse	SCN2A	1.789679168914684	PN36_4_Con
10_24_27	1.5301409970916298	4.04751638729265	Neurons	7	WT	1.1124342788513382	Bae2025	mouse	SCN2A	1.1124342788513382	PN36_4_Con
10_24_52	1.1538460265792396	3.1445575173585687	Neurons	7	WT	1.9321726193278008	Bae2025	mouse	SCN2A	1.9321726193278008	PN36_4_Con
10_24_91	6.943188787618974	-5.242335278204176	Oligodendrocytes	6	WT	0	Bae2025	mouse	SCN2A	0	PN36_4_Con
10_25_13	2.5087386380828405	-5.289907890966627	Oligodendrocytes	3	WT	0	Bae2025	mouse	SCN2A	0	PN36_4_Con
10_25_23	1.3639079343474891	3.942200702020434	Neurons	7	WT	0.9129736158166348	Bae2025	mouse	SCN2A	0.9129736158166348	PN36_4_Con
10_25_34	1.6240693341887975	-5.688068825414869	Oligodendrocytes	3	WT	0	Bae2025	mouse	SCN2A	0	PN36_4_Con
10_25_81	-3.578265308221481	-7.420781571081373	Neurons	10	WT	0	Bae2025	mouse	SCN2A	0	PN36_4_Con
10_26_27	-0.2430968124472115	3.666512530633715	Neurons	7	WT	1.7716297996843766	Bae2025	mouse	SCN2A	1.7716297996843766	PN36_4_Con
10_26_31	9.73869526497493	-3.2151252810270514	Oligodendrocytes	1	WT	0	Bae2025	mouse	SCN2A	0	PN36_4_Con
10_26_84	0.295983792463639	5.054797213861254	Neurons	8	WT	1.6736100039369526	Bae2025	mouse	SCN2A	1.6736100039369526	PN36_4_Con
10_27_11	-3.790763973077438	-6.866544205358717	Neurons	10	WT	0	Bae2025	mouse	SCN2A	0	PN36_4_Con
10_27_17	-3.293492196878097	9.28328470546892	Neurons	8	WT	1.1950178314296187	Bae2025	mouse	SCN2A	1.1950178314296187	PN36_4_Con
10_27_21	9.18579399696956	-4.665484387090895	Oligodendrocytes	1	WT	0	Bae2025	mouse	SCN2A	0	PN36_4_Con
10_27_85	2.309287191549638	5.097127002069262	Neurons	9	WT	1.9852338105869751	Bae2025	mouse	SCN2A	1.9852338105869751	PN36_4_Con
10_28_15	-5.322356580575606	-12.283802467992992	Astrocytes	4	WT	1.6405497135860398	Bae2025	mouse	SCN2A	1.6405497135860398	PN36_4_Con
10_28_85	9.961288572470048	-1.071651894262525	Oligodendrocytes	5	WT	0	Bae2025	mouse	SCN2A	0	PN36_4_Con
10_29_10	-1.5602378834091637	8.118494551965503	Neurons	8	WT	2.153217260391657	Bae2025	mouse	SCN2A	2.153217260391657	PN36_4_Con
10_29_16	-0.6787406791054222	4.002624553033617	Neurons	7	WT	1.4523916095275335	Bae2025	mouse	SCN2A	1.4523916095275335	PN36_4_Con
10_29_30	-3.7738469827972865	-1.670497018507215	Neurons	2	WT	0	Bae2025	mouse	SCN2A	0	PN36_4_Con
10_30_22	-3.648867009957931	9.590869468042165	Neurons	8	WT	2.0098282377460093	Bae2025	mouse	SCN2A	2.0098282377460093	PN36_4_Con
10_30_65	1.7362412225402382	-3.15735717456648	Astrocytes	4	WT	0	Bae2025	mouse	SCN2A	0	PN36_4_Con
10_30_73	-3.6990507829987025	8.20863107998064	Neurons	8	WT	1.384123295322322	Bae2025	mouse	SCN2A	1.384123295322322	PN36_4_Con
10_30_85	0.9975526343978433	-6.128474194219801	Oligodendrocytes	3	WT	0	Bae2025	mouse	SCN2A	0	PN36_4_Con
10_31_56	7.032256723562577	-5.437505680731031	Oligodendrocytes	6	WT	0	Bae2025	mouse	SCN2A	0	PN36_4_Con
10_32_46	9.682327390829425	-0.6417486850530829	Oligodendrocytes	5	WT	0	Bae2025	mouse	SCN2A	0	PN36_4_Con
10_33_80	-3.734773753961227	-7.056593853643629	Neurons	10	WT	0	Bae2025	mouse	SCN2A	0	PN36_4_Con
10_34_16	-3.362388967355392	-6.427396732977125	Neurons	10	WT	0	Bae2025	mouse	SCN2A	0	PN36_4_Con
10_35_68	9.407933355490067	-4.506525475195143	Oligodendrocytes	1	WT	0	Bae2025	mouse	SCN2A	0	PN36_4_Con
10_36_43	-10.78012168296208	0.4856027181833062	Neurons	4	WT	0	Bae2025	mouse	SCN2A	0	PN36_4_Con
10_37_37	-3.9048169840179896	-1.6554323021681037	Neurons	2	WT	1.6136109383117403	Bae2025	mouse	SCN2A	1.6136109383117403	PN36_4_Con
10_37_88	-2.818479179223678	8.656641524621753	Neurons	8	WT	1.4033718893966771	Bae2025	mouse	SCN2A	1.4033718893966771	PN36_4_Con
10_38_23	-3.8253513563477015	-1.695097643545362	Neurons	2	WT	1.5923785822849923	Bae2025	mouse	SCN2A	1.5923785822849923	PN36_4_Con
10_38_64	9.799348951498368	-1.9197370592863288	Oligodendrocytes	5	WT	0	Bae2025	mouse	SCN2A	0	PN36_4_Con
10_39_57	2.8532723199523473	-2.4617259089262213	Oligodendrocytes	10	WT	1.6289190480059228	Bae2025	mouse	SCN2A	1.6289190480059228	PN36_4_Con
10_39_76	8.594634176412919	-4.761161762884352	Oligodendrocytes	1	WT	0	Bae2025	mouse	SCN2A	0	PN36_4_Con
10_39_88	6.941087366262773	-5.40899987857649	Oligodendrocytes	6	WT	0	Bae2025	mouse	SCN2A	0	PN36_4_Con
10_39_92	-2.03473949321141	4.394691508600023	Neurons	8	WT	2.00231072315989	Bae2025	mouse	SCN2A	2.00231072315989	PN36_4_Con
10_40_53	-3.810929654916427	-6.664658028295729	Neurons	10	WT	0	Bae2025	mouse	SCN2A	0	PN36_4_Con
10_40_57	3.769099832693436	6.43186287243059	Neurons	9	WT	1.796287673698203	Bae2025	mouse	SCN2A	1.796287673698203	PN36_4_Con
10_41_09	-4.3509660948120565	-12.517515618017407	Astrocytes	4	WT	0	Bae2025	mouse	SCN2A	0	PN36_4_Con
10_41_23	9.265670896688798	-3.893032032659742	Oligodendrocytes	1	WT	0	Bae2025	mouse	SCN2A	0	PN36_4_Con
10_41_30	2.0559657823241735	-0.2889651243002143	Neurons	7	WT	1.9304704124164809	Bae2025	mouse	SCN2A	1.9304704124164809	PN36_4_Con
10_41_31	8.589293600241044	-3.935537535360547	Oligodendrocytes	1	WT	0	Bae2025	mouse	SCN2A	0	PN36_4_Con
10_42_18	-5.046295999368331	-12.581969696691724	Astrocytes	4	WT	0	Bae2025	mouse	SCN2A	0	PN36_4_Con
10_42_67	-11.870219110330243	-0.8247955624372687	Fibroblasts	4	WT	0	Bae2025	mouse	SCN2A	0	PN36_4_Con
10_42_93	8.396478773275712	-5.099966961553785	Oligodendrocytes	1	WT	0	Bae2025	mouse	SCN2A	0	PN36_4_Con
10_44_62	-3.552786229928634	8.693190139123706	Neurons	8	WT	0	Bae2025	mouse	SCN2A	0	PN36_4_Con
10_45_18	-4.496965764840743	-12.713282066992017	Astrocytes	4	WT	0	Bae2025	mouse	SCN2A	0	PN36_4_Con
10_45_53	-2.6058317411743617	10.03447870571306	Neurons	8	WT	1.630348183793657	Bae2025	mouse	SCN2A	1.630348183793657	PN36_4_Con
10_45_87	8.08790695778499	-1.7377768341810431	Oligodendrocytes	5	WT	1.201481911089199	Bae2025	mouse	SCN2A	1.201481911089199	PN36_4_Con
10_46_16	1.0519949208892372	2.935237925836352	Neurons	7	WT	1.639795962034842	Bae2025	mouse	SCN2A	1.639795962034842	PN36_4_Con
10_46_33	-4.476410745462081	-9.50270219486067	Astrocytes	10	WT	0	Bae2025	mouse	SCN2A	0	PN36_4_Con
10_46_45	8.195088506857255	-5.163809258154127	Oligodendrocytes	1	WT	0	Bae2025	mouse	SCN2A	0	PN36_4_Con
10_46_91	-5.637669442971847	-12.182977158239575	Astrocytes	4	WT	0	Bae2025	mouse	SCN2A	0	PN36_4_Con
10_47_55	1.012116433302262	8.651023429223804	Neurons	8	WT	1.2061354728486684	Bae2025	mouse	SCN2A	1.2061354728486684	PN36_4_Con
10_48_42	-0.01829737313618401	8.429303687402514	Neurons	8	WT	1.7891946365116702	Bae2025	mouse	SCN2A	1.7891946365116702	PN36_4_Con
10_48_46	-2.2141309965454554	8.388215583154468	Neurons	8	WT	1.7090775030409726	Bae2025	mouse	SCN2A	1.7090775030409726	PN36_4_Con
10_48_77	-3.0731047380768275	6.843277972528246	Neurons	8	WT	1.93451159079997	Bae2025	mouse	SCN2A	1.93451159079997	PN36_4_Con
10_48_95	-3.1738194216095423	-6.903361279180738	Neurons	10	WT	0	Bae2025	mouse	SCN2A	0	PN36_4_Con
10_49_12	-0.3926797535323117	7.515344661065844	Neurons	8	WT	1.453395353450858	Bae2025	mouse	SCN2A	1.453395353450858	PN36_4_Con
10_49_92	-2.9865828741394496	7.603793185540941	Neurons	8	WT	1.477852567124026	Bae2025	mouse	SCN2A	1.477852567124026	PN36_4_Con
10_50_11	8.352489591757157	-1.4604521576673712	Oligodendrocytes	5	WT	0	Bae2025	mouse	SCN2A	0	PN36_4_Con
10_50_16	1.1255946170486	-6.084752518346998	Oligodendrocytes	3	WT	0	Bae2025	mouse	SCN2A	0	PN36_4_Con
10_50_26	8.692628980795243	-4.955932099035475	Oligodendrocytes	1	WT	0	Bae2025	mouse	SCN2A	0	PN36_4_Con
10_50_53	-1.504042505105636	5.832223933526781	Neurons	8	WT	1.5218518307381343	Bae2025	mouse	SCN2A	1.5218518307381343	PN36_4_Con
10_50_65	-3.308680175622604	5.402920764276293	Neurons	2	WT	2.375472808742538	Bae2025	mouse	SCN2A	2.375472808742538	PN36_4_Con
10_52_38	-3.2003933180176234	8.148266356775073	Neurons	8	WT	1.2595904052718505	Bae2025	mouse	SCN2A	1.2595904052718505	PN36_4_Con
10_52_53	5.9334765683806925	-5.076359707525465	Oligodendrocytes	6	WT	0	Bae2025	mouse	SCN2A	0	PN36_4_Con
10_53_16	-2.4421744335495448	8.215204757043628	Neurons	8	WT	1.4212231409730631	Bae2025	mouse	SCN2A	1.4212231409730631	PN36_4_Con
10_53_67	0.06224835030207892	-6.429876286199781	Neurons	3	WT	1.9629008490507585	Bae2025	mouse	SCN2A	1.9629008490507585	PN36_4_Con
10_53_85	-3.992698787530563	-1.6553254906446662	Neurons	2	WT	1.613289008336198	Bae2025	mouse	SCN2A	1.613289008336198	PN36_4_Con
10_53_92	9.812904478231768	-2.2952274863035407	Oligodendrocytes	5	WT	0	Bae2025	mouse	SCN2A	0	PN36_4_Con
10_54_13	0.06223696581492682	5.125741523095873	Neurons	8	WT	1.51450254103017	Bae2025	mouse	SCN2A	1.51450254103017	PN36_4_Con
10_54_14	9.98460590950618	-1.5433145348341193	Oligodendrocytes	5	WT	0	Bae2025	mouse	SCN2A	0	PN36_4_Con
10_54_33	-5.378672002633712	-11.99017663638899	Astrocytes	4	WT	0	Bae2025	mouse	SCN2A	0	PN36_4_Con
10_54_76	1.630380035559037	-3.0008403841764655	Astrocytes	5	WT	0	Bae2025	mouse	SCN2A	0	PN36_4_Con
10_55_27	0.4774854194320228	4.975389521905687	Neurons	8	WT	1.144849913875914	Bae2025	mouse	SCN2A	1.144849913875914	PN36_4_Con
10_55_50	-1.94066035636296	8.407563727685718	Neurons	8	WT	2.1803376325094117	Bae2025	mouse	SCN2A	2.1803376325094117	PN36_4_Con
10_56_39	0.19902730099330207	3.4721794541566644	Neurons	7	WT	0.4974844790474184	Bae2025	mouse	SCN2A	0.4974844790474184	PN36_4_Con
10_56_53	9.098291517416335	-3.9510759894163336	Oligodendrocytes	1	WT	0	Bae2025	mouse	SCN2A	0	PN36_4_Con
10_56_54	1.3044526588119056	2.7491403039186273	Neurons	7	WT	1.5946995186580752	Bae2025	mouse	SCN2A	1.5946995186580752	PN36_4_Con
10_56_82	9.881443144003253	-3.2397737089903083	Oligodendrocytes	1	WT	0	Bae2025	mouse	SCN2A	0	PN36_4_Con
10_56_92	6.197200895468095	-5.464586216619703	Oligodendrocytes	6	WT	0	Bae2025	mouse	SCN2A	0	PN36_4_Con
10_57_53	-4.901460050424239	-12.820362526586743	Astrocytes	4	WT	0	Bae2025	mouse	SCN2A	0	PN36_4_Con
10_57_60	-2.6578100908600306	9.9730563576906	Neurons	8	WT	2.421966376162645	Bae2025	mouse	SCN2A	2.421966376162645	PN36_4_Con
10_57_70	9.569509626547196	-3.0162138525755133	Oligodendrocytes	5	WT	0	Bae2025	mouse	SCN2A	0	PN36_4_Con
10_58_12	-3.213885902246139	8.307464164087085	Neurons	8	WT	2.3695524676713244	Bae2025	mouse	SCN2A	2.3695524676713244	PN36_4_Con
10_58_14	-5.31094729789128	-12.227398354223462	Astrocytes	4	WT	0	Bae2025	mouse	SCN2A	0	PN36_4_Con
10_58_35	6.678906561056474	-5.412491280248854	Oligodendrocytes	6	WT	0	Bae2025	mouse	SCN2A	0	PN36_4_Con
10_58_85	-0.5682884890638802	-6.528391319921705	Neurons	10	WT	0	Bae2025	mouse	SCN2A	0	PN36_4_Con
10_59_68	10.089304090658525	-2.050340015104505	Oligodendrocytes	5	WT	0	Bae2025	mouse	SCN2A	0	PN36_4_Con
10_60_51	-3.3999694574676966	7.493616622278002	Neurons	8	WT	0	Bae2025	mouse	SCN2A	0	PN36_4_Con
10_61_30	-1.692108272393844	7.992182296106127	Neurons	8	WT	1.7671882084975497	Bae2025	mouse	SCN2A	1.7671882084975497	PN36_4_Con
10_61_73	-0.573533153911731	6.546413939782885	Neurons	8	WT	1.2819708565973904	Bae2025	mouse	SCN2A	1.2819708565973904	PN36_4_Con
10_62_03	10.135109068075517	-2.268776852300855	Oligodendrocytes	5	WT	0	Bae2025	mouse	SCN2A	0	PN36_4_Con
10_62_64	9.011883855978349	-3.898806769064161	Oligodendrocytes	1	WT	0	Bae2025	mouse	SCN2A	0	PN36_4_Con
10_62_66	0.8885065328277137	3.23255400020769	Neurons	7	WT	1.9313525538825411	Bae2025	mouse	SCN2A	1.9313525538825411	PN36_4_Con
10_64_03	-0.7110531318985436	8.945655387231616	Neurons	8	WT	1.9524528721193828	Bae2025	mouse	SCN2A	1.9524528721193828	PN36_4_Con
10_64_37	-3.863627551873825	-7.35210986774275	Neurons	10	WT	1.311435230895545	Bae2025	mouse	SCN2A	1.311435230895545	PN36_4_Con
10_64_89	0.9113507281936196	2.5284541066377435	Neurons	7	WT	1.6805895123320305	Bae2025	mouse	SCN2A	1.6805895123320305	PN36_4_Con
10_65_81	-2.2822703111969447	7.466332953759936	Neurons	8	WT	1.9303330296432677	Bae2025	mouse	SCN2A	1.9303330296432677	PN36_4_Con
10_66_02	-3.83174717315068	8.137451690027026	Neurons	8	WT	2.2398165662633303	Bae2025	mouse	SCN2A	2.2398165662633303	PN36_4_Con
10_66_48	9.833355070272782	-3.827720123937818	Oligodendrocytes	1	WT	0	Bae2025	mouse	SCN2A	0	PN36_4_Con
10_66_92	1.9080144178069616	-3.1453625742704596	Oligodendrocytes	1	WT	0	Bae2025	mouse	SCN2A	0	PN36_4_Con
10_67_07	0.18904078117976447	-6.3937882963926524	Neurons	3	WT	0	Bae2025	mouse	SCN2A	0	PN36_4_Con
10_67_35	-6.7584108103119345	-11.630611855200025	Astrocytes	4	WT	0	Bae2025	mouse	SCN2A	0	PN36_4_Con
10_67_77	-1.2813890565239403	6.6356611664979726	Neurons	8	WT	1.747165742906692	Bae2025	mouse	SCN2A	1.747165742906692	PN36_4_Con
10_68_94	3.259000660101273	7.040224593469408	Neurons	9	WT	1.3534646650936806	Bae2025	mouse	SCN2A	1.3534646650936806	PN36_4_Con
10_69_24	-0.650868578632972	-6.540837246587965	Neurons	10	WT	0	Bae2025	mouse	SCN2A	0	PN36_4_Con
10_69_44	-5.523823617776534	-12.197116333654614	Astrocytes	4	WT	0	Bae2025	mouse	SCN2A	0	PN36_4_Con
10_69_50	-6.766528009256026	-11.857123810461257	Astrocytes	4	WT	0	Bae2025	mouse	SCN2A	0	PN36_4_Con
10_70_11	10.006968618551593	-2.1033619229109015	Oligodendrocytes	5	WT	0	Bae2025	mouse	SCN2A	0	PN36_4_Con
10_70_56	8.422382475057939	-5.0671658102781505	Oligodendrocytes	1	WT	0	Bae2025	mouse	SCN2A	0	PN36_4_Con
10_71_71	4.921801687399247	-5.136702973058912	Oligodendrocytes	6	WT	0	Bae2025	mouse	SCN2A	0	PN36_4_Con
10_71_80	-2.3325294245087123	8.840764563867358	Neurons	8	WT	1.9887864541298077	Bae2025	mouse	SCN2A	1.9887864541298077	PN36_4_Con
10_73_07	-5.636735318978927	-12.226791817358228	Astrocytes	4	WT	0	Bae2025	mouse	SCN2A	0	PN36_4_Con
10_73_59	-0.07279869802822808	4.1320295747010976	Neurons	7	WT	1.3986453421456793	Bae2025	mouse	SCN2A	1.3986453421456793	PN36_4_Con
10_73_90	-1.1221470225655052	7.919772666284349	Neurons	8	WT	1.7059662085400038	Bae2025	mouse	SCN2A	1.7059662085400038	PN36_4_Con
10_74_68	10.040805936972	-3.1677946631223883	Oligodendrocytes	5	WT	1.3809928739970705	Bae2025	mouse	SCN2A	1.3809928739970705	PN36_4_Con
10_75_70	0.49691230169902106	4.932973426172045	Neurons	8	WT	1.78818509779464	Bae2025	mouse	SCN2A	1.78818509779464	PN36_4_Con
10_78_90	-3.69103729613652	9.157947104760911	Neurons	2	WT	1.2169849962815562	Bae2025	mouse	SCN2A	1.2169849962815562	PN36_4_Con
10_78_93	2.7841171037353063	-2.4604720656187262	Neurons	7	WT	1.449889329584401	Bae2025	mouse	SCN2A	1.449889329584401	PN36_4_Con
10_79_09	-5.381382345040938	-12.230860191992017	Astrocytes	4	WT	0	Bae2025	mouse	SCN2A	0	PN36_4_Con
10_80_21	-0.01092076190342644	2.7895365174501214	Astrocytes	7	WT	0.4399953118493262	Bae2025	mouse	SCN2A	0.4399953118493262	PN36_4_Con
10_81_19	-3.493361114343307	8.695818465539721	Neurons	8	WT	1.8376390749787488	Bae2025	mouse	SCN2A	1.8376390749787488	PN36_4_Con
10_81_38	-5.682165979226729	-11.354452568701	Astrocytes	4	WT	0	Bae2025	mouse	SCN2A	0	PN36_4_Con
10_82_37	3.41564953438411	5.692824881860521	Neurons	9	WT	0.5632179962934281	Bae2025	mouse	SCN2A	0.5632179962934281	PN36_4_Con
10_82_68	8.637879491964677	-4.868858296087477	Oligodendrocytes	1	WT	0	Bae2025	mouse	SCN2A	0	PN36_4_Con
10_83_13	-0.13120284565319756	2.9610448296754632	Neurons	7	WT	2.1143507397725876	Bae2025	mouse	SCN2A	2.1143507397725876	PN36_4_Con
10_83_33	9.190336347738604	-3.7046761099607672	Oligodendrocytes	1	WT	0	Bae2025	mouse	SCN2A	0	PN36_4_Con
10_84_30	6.281810880819657	-12.21772905032942	Endothelial cells	4	WT	0	Bae2025	mouse	SCN2A	0	PN36_4_Con
10_84_59	-4.873273252328536	-9.926207977941724	Astrocytes	4	WT	0	Bae2025	mouse	SCN2A	0	PN36_4_Con
10_84_61	6.125820757070878	-12.587126213720532	Endothelial cells	4	WT	0	Bae2025	mouse	SCN2A	0	PN36_4_Con
10_85_27	-5.601642488320968	-12.371706444433425	Astrocytes	4	WT	0	Bae2025	mouse	SCN2A	0	PN36_4_Con
10_86_86	-6.7893532503448935	-12.219552475622388	Astrocytes	4	WT	1.9249492734632616	Bae2025	mouse	SCN2A	1.9249492734632616	PN36_4_Con
10_87_29	8.260674596945146	-5.211566406896803	Oligodendrocytes	1	WT	0	Bae2025	mouse	SCN2A	0	PN36_4_Con
10_87_65	-1.3023340690933678	8.364107650110034	Neurons	8	WT	1.511784940947773	Bae2025	mouse	SCN2A	1.511784940947773	PN36_4_Con
10_88_16	-5.339895604928634	-12.305441338232251	Astrocytes	4	WT	0	Bae2025	mouse	SCN2A	0	PN36_4_Con
10_88_62	-5.134272931893966	-11.737070519140454	Astrocytes	4	WT	0	Bae2025	mouse	SCN2A	0	PN36_4_Con
10_88_72	-3.5647872675262904	-7.045603233984205	Neurons	10	WT	0	Bae2025	mouse	SCN2A	0	PN36_4_Con
10_88_82	-11.839402078469892	-0.8059018437177863	Fibroblasts	4	WT	0	Bae2025	mouse	SCN2A	0	PN36_4_Con
10_89_02	-0.5296841327153656	8.127858680078296	Neurons	8	WT	1.983024641620732	Bae2025	mouse	SCN2A	1.983024641620732	PN36_4_Con
10_90_03	-3.9945620287262416	-1.1274450008184638	Neurons	2	WT	0	Bae2025	mouse	SCN2A	0	PN36_4_Con
10_91_48	-1.8297580469452357	7.064041655847338	Neurons	8	WT	2.0421170844928955	Bae2025	mouse	SCN2A	2.0421170844928955	PN36_4_Con
10_92_50	0.3831528436339881	5.051290553399828	Neurons	8	WT	1.412399816101937	Bae2025	mouse	SCN2A	1.412399816101937	PN36_4_Con
10_92_91	6.807261110464433	-5.391455609014723	Oligodendrocytes	6	WT	0	Bae2025	mouse	SCN2A	0	PN36_4_Con
10_93_23	-3.377274631341598	-6.647895294836256	Neurons	10	WT	0	Bae2025	mouse	SCN2A	0	PN36_4_Con
10_93_93	9.39090645424495	-4.598898369482252	Oligodendrocytes	1	WT	0	Bae2025	mouse	SCN2A	0	PN36_4_Con
10_95_08	9.992449880758622	-1.6881607357771125	Oligodendrocytes	5	WT	0	Bae2025	mouse	SCN2A	0	PN36_4_Con
10_95_13	5.324469686666825	-5.2373060766966075	Oligodendrocytes	6	WT	0	Bae2025	mouse	SCN2A	0	PN36_4_Con
10_95_69	6.241872430960038	-12.127168137243482	Endothelial cells	4	WT	0	Bae2025	mouse	SCN2A	0	PN36_4_Con
11_01_06	8.249860883871415	-3.966892201116773	Oligodendrocytes	1	WT	0	Bae2025	mouse	SCN2A	0	PN36_4_Con
11_01_51	-0.8642323602043602	7.6202168877809315	Neurons	8	WT	1.651919254030538	Bae2025	mouse	SCN2A	1.651919254030538	PN36_4_Con
11_01_88	3.386049390951493	6.619098227807787	Neurons	9	WT	1.6630799902120461	Bae2025	mouse	SCN2A	1.6630799902120461	PN36_4_Con
11_02_04	-0.1630306828819726	8.383822005578784	Neurons	8	WT	1.5777657835962051	Bae2025	mouse	SCN2A	1.5777657835962051	PN36_4_Con
11_02_26	-5.939891218026778	-11.852036911657544	Astrocytes	4	WT	1.63854157694835	Bae2025	mouse	SCN2A	1.63854157694835	PN36_4_Con
11_02_31	-3.392084955056808	-6.908510166815016	Neurons	10	WT	1.4201514603903629	Bae2025	mouse	SCN2A	1.4201514603903629	PN36_4_Con
11_02_54	-9.913169740518232	2.6508107598512445	Neurons	2	WT	0	Bae2025	mouse	SCN2A	0	PN36_4_Con
11_02_56	-9.934327005227706	2.8881748135774408	Neurons	2	WT	0	Bae2025	mouse	SCN2A	0	PN36_4_Con
11_03_62	1.195118428388932	2.558289569207934	Neurons	7	WT	0.6495848204441398	Bae2025	mouse	SCN2A	0.6495848204441398	PN36_4_Con
11_04_63	6.124882341543534	-12.616950470617503	Endothelial cells	4	WT	0	Bae2025	mouse	SCN2A	0	PN36_4_Con
11_04_72	2.0906432878173375	-3.4505335871488776	Astrocytes	6	WT	0	Bae2025	mouse	SCN2A	0	PN36_4_Con
11_05_43	-0.20593069382538537	8.370346587487964	Neurons	8	WT	1.2849200801298994	Bae2025	mouse	SCN2A	1.2849200801298994	PN36_4_Con
11_05_57	1.2482273589767006	2.714542430230883	Neurons	7	WT	1.1159297174128704	Bae2025	mouse	SCN2A	1.1159297174128704	PN36_4_Con
11_05_68	0.8825472604430702	3.299043458291796	Neurons	7	WT	1.9720535512324164	Bae2025	mouse	SCN2A	1.9720535512324164	PN36_4_Con
11_06_20	-3.2113257635437464	8.308443587610034	Neurons	8	WT	2.133788678977132	Bae2025	mouse	SCN2A	2.133788678977132	PN36_4_Con
11_07_08	-11.965102075418136	-0.9212783757955756	Fibroblasts	4	WT	0	Bae2025	mouse	SCN2A	0	PN36_4_Con
11_07_23	-1.9179630268417809	8.590385001489429	Neurons	8	WT	1.774064262442858	Bae2025	mouse	SCN2A	1.774064262442858	PN36_4_Con
11_07_28	8.779306532064775	-3.9754299704344	Oligodendrocytes	1	WT	0	Bae2025	mouse	SCN2A	0	PN36_4_Con
11_07_95	9.381853223959306	-3.189555365255567	Oligodendrocytes	5	WT	0	Bae2025	mouse	SCN2A	0	PN36_4_Con
11_08_61	6.1798473607696085	-12.142120796850415	Endothelial cells	4	WT	1.0021520224805474	Bae2025	mouse	SCN2A	1.0021520224805474	PN36_4_Con
11_08_63	-10.25249946006169	2.609690707513598	Neurons	2	WT	1.739559743234625	Bae2025	mouse	SCN2A	1.739559743234625	PN36_4_Con
11_08_68	-2.953444598992965	8.84190515834978	Neurons	8	WT	2.2718725486922016	Bae2025	mouse	SCN2A	2.2718725486922016	PN36_4_Con
11_08_73	-1.9566739786468956	5.023463767358568	Neurons	8	WT	1.1620862675441277	Bae2025	mouse	SCN2A	1.1620862675441277	PN36_4_Con
11_09_13	-3.2841709841095423	5.421358626672533	Neurons	2	WT	1.6941121413098563	Bae2025	mouse	SCN2A	1.6941121413098563	PN36_4_Con
11_09_79	9.704663396993974	-3.919608313253614	Oligodendrocytes	1	WT	0	Bae2025	mouse	SCN2A	0	PN36_4_Con
11_10_37	3.688573480764725	-5.037606674841139	Oligodendrocytes	6	WT	0	Bae2025	mouse	SCN2A	0	PN36_4_Con
11_10_39	-6.919221757730147	-12.430404144933911	Astrocytes	4	WT	0	Bae2025	mouse	SCN2A	0	PN36_4_Con
11_10_70	-3.927726863702438	-1.5536959950239386	Neurons	2	WT	1.539659803372447	Bae2025	mouse	SCN2A	1.539659803372447	PN36_4_Con
11_11_35	3.366100908438065	7.091900389978197	Neurons	9	WT	1.295674209612359	Bae2025	mouse	SCN2A	1.295674209612359	PN36_4_Con
11_11_91	1.1827582132018593	8.570320647546557	Neurons	8	WT	1.619676015526052	Bae2025	mouse	SCN2A	1.619676015526052	PN36_4_Con
11_12_34	8.252625585714677	-4.8790578429014415	Oligodendrocytes	1	WT	0	Bae2025	mouse	SCN2A	0	PN36_4_Con
11_12_46	10.094914556661942	-2.1694526259214606	Oligodendrocytes	5	WT	0	Bae2025	mouse	SCN2A	0	PN36_4_Con
11_12_73	-3.5121592272125697	8.246065657922534	Neurons	8	WT	1.171606054578428	Bae2025	mouse	SCN2A	1.171606054578428	PN36_4_Con
11_13_13	9.972407461325028	-1.125360745599958	Oligodendrocytes	5	WT	0	Bae2025	mouse	SCN2A	0	PN36_4_Con
11_13_14	-9.75196349509587	2.7896922047822748	Neurons	2	WT	1.7552145986499816	Bae2025	mouse	SCN2A	1.7552145986499816	PN36_4_Con
11_14_18	1.536071778456071	3.9248419221132074	Neurons	7	WT	1.4530187592998476	Bae2025	mouse	SCN2A	1.4530187592998476	PN36_4_Con
11_14_52	-9.42444884665837	2.797866385766772	Neurons	2	WT	1.5173195007268925	Bae2025	mouse	SCN2A	1.5173195007268925	PN36_4_Con
11_14_63	-0.7162000525795433	8.169140380212573	Neurons	8	WT	1.9918049398570468	Bae2025	mouse	SCN2A	1.9918049398570468	PN36_4_Con
11_14_78	-10.535295366128585	3.177589696237353	Neurons	2	WT	0	Bae2025	mouse	SCN2A	0	PN36_4_Con
11_15_79	-4.476380704721114	-12.367820221594068	Astrocytes	4	WT	1.208189254704871	Bae2025	mouse	SCN2A	1.208189254704871	PN36_4_Con
11_16_41	7.608640791097978	-5.243140179327223	Oligodendrocytes	1	WT	1.979745327066059	Bae2025	mouse	SCN2A	1.979745327066059	PN36_4_Con
11_16_75	-11.547158120950362	-0.7148552123815741	Fibroblasts	4	WT	0	Bae2025	mouse	SCN2A	0	PN36_4_Con
11_17_36	-10.44156825431218	3.1245215352266107	Neurons	2	WT	1.783474417693948	Bae2025	mouse	SCN2A	1.783474417693948	PN36_4_Con
11_18_02	8.634204031149247	-4.61419482868025	Oligodendrocytes	1	WT	0	Bae2025	mouse	SCN2A	0	PN36_4_Con
11_18_85	-2.5650366533600306	8.518416922876147	Neurons	8	WT	2.0440650991212923	Bae2025	mouse	SCN2A	2.0440650991212923	PN36_4_Con
11_18_92	7.015128732839921	-5.4928812567503185	Oligodendrocytes	6	WT	0	Bae2025	mouse	SCN2A	0	PN36_4_Con
11_19_02	-2.1883786905609584	8.040041488000659	Neurons	8	WT	1.67970134161087	Bae2025	mouse	SCN2A	1.67970134161087	PN36_4_Con
11_19_03	-10.581422685464522	2.851489108392504	Neurons	2	WT	1.9697705634871976	Bae2025	mouse	SCN2A	1.9697705634871976	PN36_4_Con
11_19_23	-10.117724298318526	2.4535246308534417	Neurons	2	WT	1.7007912452067586	Bae2025	mouse	SCN2A	1.7007912452067586	PN36_4_Con
11_20_42	8.198378683248857	-4.838207680395338	Oligodendrocytes	1	WT	0	Bae2025	mouse	SCN2A	0	PN36_4_Con
11_20_66	-1.2082529056869955	6.350778621026781	Neurons	8	WT	1.833548108575629	Bae2025	mouse	SCN2A	1.833548108575629	PN36_4_Con
11_20_77	-2.071904896577499	7.52784447033098	Neurons	8	WT	1.620082315815618	Bae2025	mouse	SCN2A	1.620082315815618	PN36_4_Con
11_20_83	7.566256643453935	-5.225551563909742	Oligodendrocytes	1	WT	0	Bae2025	mouse	SCN2A	0	PN36_4_Con
11_21_44	-2.4796034086548304	9.010425132104665	Neurons	8	WT	1.975989357731084	Bae2025	mouse	SCN2A	1.975989357731084	PN36_4_Con
11_22_51	-11.09118354209294	-1.6431122605116095	Astrocytes	4	WT	0	Bae2025	mouse	SCN2A	0	PN36_4_Con
11_22_76	8.146788717428544	-4.402132469824049	Oligodendrocytes	1	WT	1.2374411816960296	Bae2025	mouse	SCN2A	1.2374411816960296	PN36_4_Con
11_22_91	-10.734171747048997	2.881541293451098	Neurons	2	WT	0	Bae2025	mouse	SCN2A	0	PN36_4_Con
11_23_14	0.5464088927901771	3.1884363110749994	Neurons	7	WT	1.2614917757056014	Bae2025	mouse	SCN2A	1.2614917757056014	PN36_4_Con
11_23_29	-2.9420229185425257	8.26465849239519	Neurons	8	WT	1.707782000514498	Bae2025	mouse	SCN2A	1.707782000514498	PN36_4_Con
11_23_90	-6.468354581674239	-11.836112457922193	Astrocytes	4	WT	0	Bae2025	mouse	SCN2A	0	PN36_4_Con
11_25_64	-1.3275885570847008	5.401627581903246	Neurons	8	WT	1.75504500936599	Bae2025	mouse	SCN2A	1.75504500936599	PN36_4_Con
11_25_65	-11.86577784903874	-0.8652429763586249	Fibroblasts	4	WT	1.6630414903143549	Bae2025	mouse	SCN2A	1.6630414903143549	PN36_4_Con
11_25_80	8.313119054952958	-5.213599163702223	Oligodendrocytes	1	WT	0	Bae2025	mouse	SCN2A	0	PN36_4_Con
11_26_23	0.6646049033797767	3.4004469330995355	Neurons	7	WT	1.2795092538895028	Bae2025	mouse	SCN2A	1.2795092538895028	PN36_4_Con
11_26_83	-2.7245918501221156	9.172286551782395	Neurons	8	WT	1.316076045093468	Bae2025	mouse	SCN2A	1.316076045093468	PN36_4_Con
11_26_84	-9.974072336038253	3.2435861046998773	Neurons	8	WT	0	Bae2025	mouse	SCN2A	0	PN36_4_Con
11_27_22	10.028053404013017	-2.1101758066923346	Oligodendrocytes	5	WT	0	Bae2025	mouse	SCN2A	0	PN36_4_Con
11_28_31	-5.791669725259444	-12.351627785375806	Astrocytes	4	WT	0	Bae2025	mouse	SCN2A	0	PN36_4_Con
11_28_87	-10.466473459085128	3.1494818146913324	Neurons	2	WT	0	Bae2025	mouse	SCN2A	0	PN36_4_Con
11_29_23	0.2029032122291114	4.793046992608812	Neurons	8	WT	1.6177652005124288	Bae2025	mouse	SCN2A	1.6177652005124288	PN36_4_Con
11_29_50	0.5751769553817299	8.615690749475268	Neurons	8	WT	0	Bae2025	mouse	SCN2A	0	PN36_4_Con
11_30_72	-0.9120341826282952	8.06407312709978	Neurons	8	WT	1.4669234243175708	Bae2025	mouse	SCN2A	1.4669234243175708	PN36_4_Con
11_31_85	-0.4650483632512901	8.538979094812182	Neurons	8	WT	1.6651815309033309	Bae2025	mouse	SCN2A	1.6651815309033309	PN36_4_Con
11_32_12	-10.540374635537765	2.828701537439135	Neurons	2	WT	0	Bae2025	mouse	SCN2A	0	PN36_4_Con
11_34_49	-1.562002538522384	7.768952887841967	Neurons	8	WT	1.126504181040379	Bae2025	mouse	SCN2A	1.126504181040379	PN36_4_Con
11_35_33	-3.2725249517761683	5.45081810314348	Neurons	2	WT	2.6329766763786564	Bae2025	mouse	SCN2A	2.6329766763786564	PN36_4_Con
11_36_70	-0.6933518786035988	7.499923270532396	Neurons	8	WT	1.5830414518120688	Bae2025	mouse	SCN2A	1.5830414518120688	PN36_4_Con
11_37_26	9.240887762228349	-4.047340351751539	Oligodendrocytes	1	WT	0	Bae2025	mouse	SCN2A	0	PN36_4_Con
11_38_17	-9.92397105582585	2.170949261972216	Neurons	2	WT	1.9239498070950576	Bae2025	mouse	SCN2A	1.9239498070950576	PN36_4_Con
11_38_46	-1.918397663911483	7.693258326837328	Neurons	8	WT	1.6952309338303375	Bae2025	mouse	SCN2A	1.6952309338303375	PN36_4_Con
11_39_58	-2.362696765741012	7.890301268884447	Neurons	8	WT	1.7454871162778534	Bae2025	mouse	SCN2A	1.7454871162778534	PN36_4_Con
11_40_58	-10.357786058267257	1.5670063908784662	Microglia	2	WT	1.4076692207046242	Bae2025	mouse	SCN2A	1.4076692207046242	PN36_4_Con
11_40_81	8.789406896749833	-4.688739258459303	Oligodendrocytes	1	WT	1.1784127440866503	Bae2025	mouse	SCN2A	1.1784127440866503	PN36_4_Con
11_41_38	-8.980974077066085	2.640309613534716	Neurons	7	WT	1.946767782040986	Bae2025	mouse	SCN2A	1.946767782040986	PN36_4_Con
11_41_56	-5.947661756356856	-11.867085892370437	Astrocytes	4	WT	0	Bae2025	mouse	SCN2A	0	PN36_4_Con
11_43_21	-1.2663364399277184	7.62987140972307	Neurons	8	WT	0.5842530923208078	Bae2025	mouse	SCN2A	0.5842530923208078	PN36_4_Con
11_43_41	-10.307214616616866	3.0257385190217767	Neurons	2	WT	0	Bae2025	mouse	SCN2A	0	PN36_4_Con
11_43_44	-1.5342394102417445	5.8197007592408925	Neurons	8	WT	0.8573659332820885	Bae2025	mouse	SCN2A	0.8573659332820885	PN36_4_Con
11_43_51	-1.733455537637374	7.898717444726732	Neurons	8	WT	1.8711114766591697	Bae2025	mouse	SCN2A	1.8711114766591697	PN36_4_Con
11_45_04	5.8409730207122355	-5.269029099157545	Oligodendrocytes	6	WT	0	Bae2025	mouse	SCN2A	0	PN36_4_Con
11_45_14	9.64699661842952	-3.2992908541471686	Oligodendrocytes	1	WT	0	Bae2025	mouse	SCN2A	0	PN36_4_Con
11_45_22	9.947099805990556	-2.049651700666639	Oligodendrocytes	5	WT	0	Bae2025	mouse	SCN2A	0	PN36_4_Con
11_45_32	6.3081809293426065	-11.804466683080884	Endothelial cells	4	WT	0	Bae2025	mouse	SCN2A	0	PN36_4_Con
11_45_63	-0.4908472847246144	-6.507270771673414	Neurons	10	WT	1.189425084361578	Bae2025	mouse	SCN2A	1.189425084361578	PN36_4_Con
11_46_57	8.624357343832353	-4.8886661116392345	Oligodendrocytes	1	WT	0	Bae2025	mouse	SCN2A	0	PN36_4_Con
11_47_31	8.531581045309403	-4.949134785345289	Oligodendrocytes	1	WT	0	Bae2025	mouse	SCN2A	0	PN36_4_Con
11_47_41	10.132824064413407	-2.712713200262281	Oligodendrocytes	1	WT	0	Bae2025	mouse	SCN2A	0	PN36_4_Con
11_47_74	-6.067224859079024	-12.529404122045728	Astrocytes	4	WT	1.179659795206567	Bae2025	mouse	SCN2A	1.179659795206567	PN36_4_Con
11_47_93	6.113804460684159	-12.518472153356765	Endothelial cells	4	WT	0	Bae2025	mouse	SCN2A	0	PN36_4_Con
11_48_23	-9.92597758658757	2.571611445733813	Neurons	2	WT	2.391104843809071	Bae2025	mouse	SCN2A	2.391104843809071	PN36_4_Con
11_48_31	-0.18640088923802117	-6.443439442327711	Neurons	10	WT	0	Bae2025	mouse	SCN2A	0	PN36_4_Con
11_48_86	0.19124585501323005	-6.324636418035719	Neurons	3	WT	0	Bae2025	mouse	SCN2A	0	PN36_4_Con
11_48_87	-4.420625566323897	-12.062096077612134	Astrocytes	4	WT	0	Bae2025	mouse	SCN2A	0	PN36_4_Con
11_49_15	-9.644771455606124	1.882832091638354	Neurons	2	WT	0	Bae2025	mouse	SCN2A	0	PN36_4_Con
11_49_36	0.15900963656077644	-6.325141388586256	Neurons	3	WT	1.4525169888078564	Bae2025	mouse	SCN2A	1.4525169888078564	PN36_4_Con
11_49_94	9.250784994284013	-4.29346318881819	Oligodendrocytes	1	WT	0	Bae2025	mouse	SCN2A	0	PN36_4_Con
11_50_25	-3.918569444497726	-1.5246181074888434	Neurons	2	WT	0	Bae2025	mouse	SCN2A	0	PN36_4_Con
11_50_54	0.5560607921279457	3.669662516900805	Neurons	7	WT	1.484877802870008	Bae2025	mouse	SCN2A	1.484877802870008	PN36_4_Con
11_50_58	-1.6222650993668053	8.662489455529956	Neurons	8	WT	1.7897547100921876	Bae2025	mouse	SCN2A	1.7897547100921876	PN36_4_Con
11_51_15	6.814289213339189	-5.408351380041334	Oligodendrocytes	6	WT	0	Bae2025	mouse	SCN2A	0	PN36_4_Con
11_51_89	8.65602219215999	-3.8519527498991217	Oligodendrocytes	1	WT	0	Bae2025	mouse	SCN2A	0	PN36_4_Con
11_52_38	7.271829725424149	-3.292129713705274	Oligodendrocytes	1	WT	1.331797254692041	Bae2025	mouse	SCN2A	1.331797254692041	PN36_4_Con
11_53_09	-9.39860427268376	2.0179486687867914	Neurons	7	WT	0	Bae2025	mouse	SCN2A	0	PN36_4_Con
11_53_24	6.869841219107011	-5.416731793096754	Oligodendrocytes	6	WT	0	Bae2025	mouse	SCN2A	0	PN36_4_Con
11_53_93	-5.335482477029464	-12.03922219913313	Astrocytes	4	WT	0	Bae2025	mouse	SCN2A	0	PN36_4_Con
11_54_17	-9.439374803384444	1.9336450513093744	Neurons	2	WT	1.828080487918096	Bae2025	mouse	SCN2A	1.828080487918096	PN36_4_Con
11_54_33	-2.695438741525314	7.56426672298601	Neurons	8	WT	0	Bae2025	mouse	SCN2A	0	PN36_4_Con
11_54_38	9.752323270956376	-3.5863387171537604	Oligodendrocytes	1	WT	1.2729451047604716	Bae2025	mouse	SCN2A	1.2729451047604716	PN36_4_Con
11_54_61	1.078834773222306	3.977429431268481	Neurons	7	WT	0.8369755519962914	Bae2025	mouse	SCN2A	0.8369755519962914	PN36_4_Con
11_54_63	-1.485420941194198	5.885430377313402	Neurons	8	WT	2.049226725982079	Bae2025	mouse	SCN2A	2.049226725982079	PN36_4_Con
11_55_06	0.1765059839881446	7.674994033166674	Neurons	8	WT	0.7162199541157095	Bae2025	mouse	SCN2A	0.7162199541157095	PN36_4_Con
11_56_03	0.95270586125026	3.2412040646760736	Neurons	7	WT	2.1216185499575504	Bae2025	mouse	SCN2A	2.1216185499575504	PN36_4_Con
11_56_56	-4.163767455896041	-1.5624123398573126	Neurons	2	WT	2.3099985615372467	Bae2025	mouse	SCN2A	2.3099985615372467	PN36_4_Con
11_57_33	1.049743653456071	2.8365428860872064	Neurons	7	WT	1.5792764527025327	Bae2025	mouse	SCN2A	1.5792764527025327	PN36_4_Con
11_57_47	-2.381956814607284	7.74200634319475	Neurons	8	WT	1.5882976815911838	Bae2025	mouse	SCN2A	1.5882976815911838	PN36_4_Con
11_57_49	0.01671120635638495	8.224050086328296	Neurons	8	WT	2.0899243060345967	Bae2025	mouse	SCN2A	2.0899243060345967	PN36_4_Con
11_58_26	-0.6849059749447319	4.139446776696947	Neurons	7	WT	1.252465429143594	Bae2025	mouse	SCN2A	1.252465429143594	PN36_4_Con
11_58_28	-1.8867919433914635	6.693389933892992	Neurons	8	WT	1.315660164433856	Bae2025	mouse	SCN2A	1.315660164433856	PN36_4_Con
11_58_74	-9.72479998954167	2.90790800411394	Neurons	2	WT	2.9419791860624107	Bae2025	mouse	SCN2A	2.9419791860624107	PN36_4_Con
11_58_96	-10.246293901284837	2.2663813050477777	Neurons	2	WT	2.5900513591773584	Bae2025	mouse	SCN2A	2.5900513591773584	PN36_4_Con
11_59_08	0.21958440653453132	8.070215743371753	Neurons	8	WT	1.5750097245640766	Bae2025	mouse	SCN2A	1.5750097245640766	PN36_4_Con
11_59_33	9.12368691078792	-3.3131010119230475	Oligodendrocytes	1	WT	1.1466930975026377	Bae2025	mouse	SCN2A	1.1466930975026377	PN36_4_Con
11_60_39	-1.2721285808884115	5.689034980127123	Neurons	8	WT	1.5148645479007472	Bae2025	mouse	SCN2A	1.5148645479007472	PN36_4_Con
11_61_02	-4.005809425195357	-1.7323194329054084	Neurons	2	WT	0	Bae2025	mouse	SCN2A	0	PN36_4_Con
11_61_03	0.40449589602122565	3.572522681543139	Neurons	7	WT	1.5293516877127535	Bae2025	mouse	SCN2A	1.5293516877127535	PN36_4_Con
11_61_49	9.786672712484696	-3.713572222402784	Oligodendrocytes	1	WT	0	Bae2025	mouse	SCN2A	0	PN36_4_Con
11_61_54	-9.46746528037419	1.858691256830004	Neurons	7	WT	0	Bae2025	mouse	SCN2A	0	PN36_4_Con
11_61_67	-0.846069543441436	8.631508391687182	Neurons	8	WT	1.451675641962139	Bae2025	mouse	SCN2A	1.451675641962139	PN36_4_Con
11_61_68	-3.9926809061371302	-7.010594803503248	Neurons	10	WT	2.0101080913787897	Bae2025	mouse	SCN2A	2.0101080913787897	PN36_4_Con
11_62_75	8.838933111349442	-4.9242496077329845	Oligodendrocytes	1	WT	0	Bae2025	mouse	SCN2A	0	PN36_4_Con
11_63_41	-4.621738790353438	-11.604948479345532	Astrocytes	4	WT	0	Bae2025	mouse	SCN2A	0	PN36_4_Con
11_63_61	0.12144905439982671	4.498020213434008	Neurons	7	WT	1.387075274422424	Bae2025	mouse	SCN2A	1.387075274422424	PN36_4_Con
11_64_16	-4.8033937204681845	-10.802936989477368	Astrocytes	4	WT	1.7692036636849364	Bae2025	mouse	SCN2A	1.7692036636849364	PN36_4_Con
11_64_31	9.792611242452958	-0.826816815546247	Oligodendrocytes	5	WT	0	Bae2025	mouse	SCN2A	0	PN36_4_Con
11_64_62	-0.7552615094982598	8.136101287194995	Neurons	8	WT	1.5348681431771716	Bae2025	mouse	SCN2A	1.5348681431771716	PN36_4_Con
11_64_74	-1.530264257272384	5.79908470470598	Neurons	8	WT	1.5439180303195357	Bae2025	mouse	SCN2A	1.5439180303195357	PN36_4_Con
11_66_69	2.5291379701293493	6.7137179787843495	Neurons	9	WT	1.342774663912529	Bae2025	mouse	SCN2A	1.342774663912529	PN36_4_Con
11_66_70	-4.708670495828292	-12.38926168124983	Astrocytes	4	WT	0	Bae2025	mouse	SCN2A	0	PN36_4_Con
11_66_85	-4.365327237924239	-12.35328813236067	Astrocytes	4	WT	0	Bae2025	mouse	SCN2A	0	PN36_4_Con
11_67_17	-1.75548767932286	9.06482176143816	Neurons	8	WT	1.7700922832100583	Bae2025	mouse	SCN2A	1.7700922832100583	PN36_4_Con
11_67_31	-5.740941881021163	-11.98316522281477	Astrocytes	4	WT	0	Bae2025	mouse	SCN2A	0	PN36_4_Con
11_67_41	-0.5832984287344429	4.540341895410326	Neurons	7	WT	1.67033497367449	Bae2025	mouse	SCN2A	1.67033497367449	PN36_4_Con
11_67_63	-3.8074778307281942	8.149594825097827	Neurons	8	WT	2.3757678301116005	Bae2025	mouse	SCN2A	2.3757678301116005	PN36_4_Con
11_67_68	0.6266728650725868	8.277065795251636	Neurons	8	WT	1.6974132577041416	Bae2025	mouse	SCN2A	1.6974132577041416	PN36_4_Con
11_68_27	9.668211103597978	-2.308484989813062	Oligodendrocytes	5	WT	0	Bae2025	mouse	SCN2A	0	PN36_4_Con
11_68_30	-10.124150155862472	2.356033128091601	Neurons	2	WT	1.94368488281696	Bae2025	mouse	SCN2A	1.94368488281696	PN36_4_Con
11_68_39	9.155463339010575	-4.298271137884352	Oligodendrocytes	1	WT	0	Bae2025	mouse	SCN2A	0	PN36_4_Con
11_68_68	-2.776059984048507	8.583245795556811	Neurons	8	WT	1.950208149940989	Bae2025	mouse	SCN2A	1.950208149940989	PN36_4_Con
11_68_77	-0.9160266209446404	7.081753772088793	Neurons	8	WT	1.4877762975619735	Bae2025	mouse	SCN2A	1.4877762975619735	PN36_4_Con
11_68_85	1.0252226602233436	3.3691430505006585	Neurons	7	WT	0.9846902836999614	Bae2025	mouse	SCN2A	0.9846902836999614	PN36_4_Con
11_69_11	6.127448202291825	-12.32804341953108	Endothelial cells	4	WT	0	Bae2025	mouse	SCN2A	0	PN36_4_Con
11_69_26	-2.8549610365234828	-6.741500336340162	Neurons	10	WT	0	Bae2025	mouse	SCN2A	0	PN36_4_Con
11_69_46	-10.50189196952214	3.058156293222216	Neurons	2	WT	0	Bae2025	mouse	SCN2A	0	PN36_4_Con
11_71_56	-4.4705361116730185	-12.64408345859358	Astrocytes	4	WT	0	Bae2025	mouse	SCN2A	0	PN36_4_Con
11_72_24	-6.209759591897628	-11.747528511694163	Astrocytes	4	WT	0	Bae2025	mouse	SCN2A	0	PN36_4_Con
11_72_29	0.8943362247146156	2.543458503076342	Neurons	7	WT	1.1807310376468712	Bae2025	mouse	SCN2A	1.1807310376468712	PN36_4_Con
11_72_83	9.319746137777663	-4.080595690420362	Oligodendrocytes	1	WT	1.2549099671015376	Bae2025	mouse	SCN2A	1.2549099671015376	PN36_4_Con
11_72_96	1.7659043084777382	-3.053496319463941	Oligodendrocytes	5	WT	0	Bae2025	mouse	SCN2A	0	PN36_4_Con
11_73_43	-4.587349294503829	-12.097862679174634	Astrocytes	4	WT	0	Bae2025	mouse	SCN2A	0	PN36_4_Con
11_74_21	-2.7530111063324427	5.388877909967211	Astrocytes	2	WT	0.9075899034165728	Bae2025	mouse	SCN2A	0.9075899034165728	PN36_4_Con
11_74_25	7.680369497457841	-5.193885761907789	Oligodendrocytes	1	WT	0	Bae2025	mouse	SCN2A	0	PN36_4_Con
11_75_01	7.502158762136796	-3.0108050886900153	Oligodendrocytes	1	WT	0	Bae2025	mouse	SCN2A	0	PN36_4_Con
11_75_05	-4.499305127938888	-12.516834694555492	Astrocytes	4	WT	0	Bae2025	mouse	SCN2A	0	PN36_4_Con
11_75_50	-2.931610463937423	6.447333377191332	Neurons	9	WT	1.9422164059710316	Bae2025	mouse	SCN2A	1.9422164059710316	PN36_4_Con
11_76_03	-3.851888536294601	-7.071536022833082	Neurons	10	WT	1.4201514603903629	Bae2025	mouse	SCN2A	1.4201514603903629	PN36_4_Con
11_76_11	2.268036247412064	5.117002051660326	Neurons	9	WT	1.3706019591639362	Bae2025	mouse	SCN2A	1.3706019591639362	PN36_4_Con
11_76_37	-2.775951980432174	9.061298888513354	Neurons	8	WT	1.9961297576841497	Bae2025	mouse	SCN2A	1.9961297576841497	PN36_4_Con
11_79_27	-4.56286322959294	-12.293071228674146	Astrocytes	4	WT	0	Bae2025	mouse	SCN2A	0	PN36_4_Con
11_79_31	-2.88899290450444	8.684377234765796	Neurons	8	WT	2.1068684013922976	Bae2025	mouse	SCN2A	2.1068684013922976	PN36_4_Con
11_79_32	9.9808169614471	-1.900129872968885	Oligodendrocytes	5	WT	0	Bae2025	mouse	SCN2A	0	PN36_4_Con
11_79_52	2.7279442559875036	6.339271586725023	Neurons	9	WT	1.851915246789648	Bae2025	mouse	SCN2A	1.851915246789648	PN36_4_Con
11_80_59	0.2066566359199073	4.610609572717455	Neurons	8	WT	1.7823906916370984	Bae2025	mouse	SCN2A	1.7823906916370984	PN36_4_Con
11_80_95	-3.8086277235352015	-7.223804909399244	Neurons	10	WT	1.7814181154333224	Bae2025	mouse	SCN2A	1.7814181154333224	PN36_4_Con
11_81_06	1.2216751586593178	3.8297608311860833	Neurons	7	WT	0.9979517474881412	Bae2025	mouse	SCN2A	0.9979517474881412	PN36_4_Con
11_81_28	-6.0583070505463095	-12.85363526981184	Astrocytes	4	WT	0	Bae2025	mouse	SCN2A	0	PN36_4_Con
11_81_29	-0.782518028100631	6.625125926324633	Neurons	8	WT	1.1363199728632298	Bae2025	mouse	SCN2A	1.1363199728632298	PN36_4_Con
11_82_05	3.061222673574784	7.104888003656176	Neurons	9	WT	1.5276861935248789	Bae2025	mouse	SCN2A	1.5276861935248789	PN36_4_Con
11_82_60	1.960744501272538	-0.3290313367159095	Neurons	7	WT	1.9637780929080515	Bae2025	mouse	SCN2A	1.9637780929080515	PN36_4_Con
11_82_94	3.7968856107390905	6.4749455865114	Neurons	9	WT	1.9759001567035577	Bae2025	mouse	SCN2A	1.9759001567035577	PN36_4_Con
11_83_15	9.086239935079911	-1.72699304263899	Oligodendrocytes	5	WT	0	Bae2025	mouse	SCN2A	0	PN36_4_Con
11_83_25	9.93695080391536	-3.6311807219297614	Oligodendrocytes	1	WT	0	Bae2025	mouse	SCN2A	0	PN36_4_Con
11_83_34	2.7295495282805944	-5.205579716375563	Oligodendrocytes	3	WT	0	Bae2025	mouse	SCN2A	0	PN36_4_Con
11_83_45	-2.931337713082931	8.154580634423999	Neurons	8	WT	1.4593253113561224	Bae2025	mouse	SCN2A	1.4593253113561224	PN36_4_Con
11_84_14	7.489474416891435	-3.3494288508207526	Oligodendrocytes	1	WT	1.4196757608158272	Bae2025	mouse	SCN2A	1.4196757608158272	PN36_4_Con
11_84_20	2.038717867056229	-0.3532274399311271	Neurons	7	WT	1.479377878171423	Bae2025	mouse	SCN2A	1.479377878171423	PN36_4_Con
11_84_35	-2.677370427926681	7.872404616662768	Neurons	8	WT	0.6571477394761569	Bae2025	mouse	SCN2A	0.6571477394761569	PN36_4_Con
11_84_48	-4.474678872903487	-12.5166840140135	Astrocytes	4	WT	0	Bae2025	mouse	SCN2A	0	PN36_4_Con
11_84_56	-10.79759395011296	2.8127329762666498	Neurons	2	WT	0	Bae2025	mouse	SCN2A	0	PN36_4_Con
11_84_92	-5.050635217507979	-12.429611641576978	Astrocytes	4	WT	0	Bae2025	mouse	SCN2A	0	PN36_4_Con
11_85_12	-0.29587840922703484	-6.498372513464186	Neurons	10	WT	0	Bae2025	mouse	SCN2A	0	PN36_4_Con
11_85_13	6.718053461233476	-5.418974358251783	Oligodendrocytes	6	WT	0	Bae2025	mouse	SCN2A	0	PN36_4_Con
11_85_23	-6.740944265206954	-12.112112480810376	Astrocytes	4	WT	0	Bae2025	mouse	SCN2A	0	PN36_4_Con
11_86_44	7.713985563436845	-5.3291568342954845	Oligodendrocytes	1	WT	1.66338806773757	Bae2025	mouse	SCN2A	1.66338806773757	PN36_4_Con
11_87_96	-2.702735065301559	7.7153339799135	Neurons	8	WT	0.610678194872364	Bae2025	mouse	SCN2A	0.610678194872364	PN36_4_Con
11_88_09	7.786476255575517	-5.15519996326277	Oligodendrocytes	1	WT	0	Bae2025	mouse	SCN2A	0	PN36_4_Con
11_88_75	-10.51291549094548	3.073644440957812	Neurons	2	WT	1.885036094696616	Bae2025	mouse	SCN2A	1.885036094696616	PN36_4_Con
11_89_28	-4.173391698678634	-1.7450416867048468	Neurons	2	WT	2.1496088559151056	Bae2025	mouse	SCN2A	2.1496088559151056	PN36_4_Con
11_89_57	9.579811216513017	-4.194638210943434	Oligodendrocytes	1	WT	0	Bae2025	mouse	SCN2A	0	PN36_4_Con
11_90_44	8.256555677572587	-5.215371090582106	Oligodendrocytes	1	WT	0	Bae2025	mouse	SCN2A	0	PN36_4_Con
11_90_74	-3.4387356031738734	-6.53480144183943	Neurons	10	WT	0	Bae2025	mouse	SCN2A	0	PN36_4_Con
11_91_77	1.1528871070540931	3.565778296777514	Neurons	7	WT	1.7290437766544131	Bae2025	mouse	SCN2A	1.7290437766544131	PN36_4_Con
11_91_94	-2.016948222001693	5.0608225281923085	Neurons	8	WT	1.8733233044525417	Bae2025	mouse	SCN2A	1.8733233044525417	PN36_4_Con
11_92_06	-2.5694874513946986	3.2464533265321527	Neurons	8	WT	1.8814122441184904	Bae2025	mouse	SCN2A	1.8814122441184904	PN36_4_Con
11_92_20	-5.491004823526046	-12.289464432409495	Astrocytes	4	WT	0	Bae2025	mouse	SCN2A	0	PN36_4_Con
11_92_78	8.967040182272294	-4.8539323393614024	Oligodendrocytes	1	WT	0	Bae2025	mouse	SCN2A	0	PN36_4_Con
11_92_92	-2.6840387571655726	8.429688971826343	Neurons	8	WT	1.639344114760306	Bae2025	mouse	SCN2A	1.639344114760306	PN36_4_Con
11_93_30	-9.265891908486983	2.2038360055177484	Neurons	7	WT	0	Bae2025	mouse	SCN2A	0	PN36_4_Con
11_94_61	-9.752184747537276	2.1439562257020746	Neurons	2	WT	2.8993574539952855	Bae2025	mouse	SCN2A	2.8993574539952855	PN36_4_Con
11_94_75	9.57563316933284	-4.112016398122999	Oligodendrocytes	1	WT	0	Bae2025	mouse	SCN2A	0	PN36_4_Con
11_95_18	-0.05255761631359795	2.996742766687182	Neurons	7	WT	1.6896250262799777	Bae2025	mouse	SCN2A	1.6896250262799777	PN36_4_Con
11_95_81	9.942719579855302	-1.7098630253584113	Oligodendrocytes	5	WT	0	Bae2025	mouse	SCN2A	0	PN36_4_Con
11_96_63	-3.149664758523605	8.65536074001482	Neurons	8	WT	1.701401651167393	Bae2025	mouse	SCN2A	1.701401651167393	PN36_4_Con
11_96_81	0.926164628187516	3.902797740289477	Neurons	7	WT	0.9401267122709236	Bae2025	mouse	SCN2A	0.9401267122709236	PN36_4_Con
12_01_73	-2.104475020249984	4.9903264458864	Neurons	8	WT	0.889690970729467	Bae2025	mouse	SCN2A	0.889690970729467	PN36_4_Con
12_02_24	10.020852209249831	-3.0408753935606208	Oligodendrocytes	1	WT	1.3000592686775168	Bae2025	mouse	SCN2A	1.3000592686775168	PN36_4_Con
12_02_54	-9.902304529031415	2.4242666180818353	Neurons	2	WT	2.4074957854147083	Bae2025	mouse	SCN2A	2.4074957854147083	PN36_4_Con
12_03_03	8.745540739218095	-4.362469631841871	Oligodendrocytes	1	WT	0	Bae2025	mouse	SCN2A	0	PN36_4_Con
12_03_13	-6.119512437661788	-11.823606926611156	Astrocytes	4	WT	0	Bae2025	mouse	SCN2A	0	PN36_4_Con
12_03_21	9.88716709725032	-3.408395487478467	Oligodendrocytes	1	WT	0	Bae2025	mouse	SCN2A	0	PN36_4_Con
12_04_04	7.177987219015458	-5.287301499059889	Oligodendrocytes	6	WT	0	Bae2025	mouse	SCN2A	0	PN36_4_Con
12_04_51	-2.605308889230392	11.69386534053972	Neurons	8	WT	1.7284244847816108	Bae2025	mouse	SCN2A	1.7284244847816108	PN36_4_Con
12_05_21	9.188189626852372	-3.7028624598295417	Oligodendrocytes	1	WT	0	Bae2025	mouse	SCN2A	0	PN36_4_Con
12_06_19	6.945937753836015	-5.406324345281813	Oligodendrocytes	6	WT	0	Bae2025	mouse	SCN2A	0	PN36_4_Con
12_06_31	7.222766519705155	-5.3757829252989024	Oligodendrocytes	6	WT	0	Bae2025	mouse	SCN2A	0	PN36_4_Con
12_06_86	-3.2921179521881556	-0.8391489569456305	Neurons	2	WT	2.0005119668410987	Bae2025	mouse	SCN2A	2.0005119668410987	PN36_4_Con
12_07_30	1.693814397970536	-3.1538042609007086	Astrocytes	5	WT	0	Bae2025	mouse	SCN2A	0	PN36_4_Con
12_07_33	-5.419119237741134	-11.81805749576399	Astrocytes	4	WT	0	Bae2025	mouse	SCN2A	0	PN36_4_Con
12_08_07	7.224998594442704	-5.265629727056715	Oligodendrocytes	6	WT	1.3158098469410733	Bae2025	mouse	SCN2A	1.3158098469410733	PN36_4_Con
12_08_63	-10.496645807107589	2.4979196007936273	Neurons	2	WT	1.9304704124164809	Bae2025	mouse	SCN2A	1.9304704124164809	PN36_4_Con
12_08_84	9.400952459493974	-2.013609606435987	Oligodendrocytes	5	WT	0	Bae2025	mouse	SCN2A	0	PN36_4_Con
12_09_80	8.90041458717952	-4.350018459966871	Oligodendrocytes	1	WT	0	Bae2025	mouse	SCN2A	0	PN36_4_Con
12_09_89	3.212656379858353	5.627477210351732	Neurons	9	WT	1.339161823641963	Bae2025	mouse	SCN2A	1.339161823641963	PN36_4_Con
12_09_96	-1.849536537011764	9.286149543115403	Neurons	8	WT	1.8588384777086144	Bae2025	mouse	SCN2A	1.8588384777086144	PN36_4_Con
12_10_68	1.1618069421447303	5.192633193322924	Neurons	7	WT	1.0122233720087732	Bae2025	mouse	SCN2A	1.0122233720087732	PN36_4_Con
12_11_13	-1.4313390243851158	5.8583078797548085	Neurons	8	WT	1.7996360328838923	Bae2025	mouse	SCN2A	1.7996360328838923	PN36_4_Con
12_11_23	8.59929669014583	-5.026222187689039	Oligodendrocytes	1	WT	0	Bae2025	mouse	SCN2A	0	PN36_4_Con
12_11_24	-3.3329967249237513	5.419530433007982	Neurons	2	WT	1.95557205996705	Bae2025	mouse	SCN2A	1.95557205996705	PN36_4_Con
12_11_32	0.3623380672133949	5.208474677392748	Neurons	8	WT	1.792351820022342	Bae2025	mouse	SCN2A	1.792351820022342	PN36_4_Con
12_11_94	9.369288564840652	-4.018721062353346	Oligodendrocytes	1	WT	0	Bae2025	mouse	SCN2A	0	PN36_4_Con
12_11_95	3.7319136869109655	6.293724101373461	Neurons	9	WT	1.577422685467662	Bae2025	mouse	SCN2A	1.577422685467662	PN36_4_Con
12_12_33	1.2795096646941688	6.330497306176928	Neurons	8	WT	1.6471388416345976	Bae2025	mouse	SCN2A	1.6471388416345976	PN36_4_Con
12_12_34	1.1067904245055702	2.7245383675782953	Neurons	7	WT	1.9803282766986583	Bae2025	mouse	SCN2A	1.9803282766986583	PN36_4_Con
12_12_48	-1.5029575813614342	7.3022160943239	Neurons	8	WT	1.8030663252708383	Bae2025	mouse	SCN2A	1.8030663252708383	PN36_4_Con
12_13_14	-9.79220950492253	2.73372153598955	Neurons	2	WT	1.8714215064941184	Bae2025	mouse	SCN2A	1.8714215064941184	PN36_4_Con
12_13_26	1.0874191533721471	8.514529746362475	Neurons	8	WT	1.561012755032635	Bae2025	mouse	SCN2A	1.561012755032635	PN36_4_Con
12_13_43	2.8617373716033483	-2.86978073757002	Oligodendrocytes	5	WT	0	Bae2025	mouse	SCN2A	0	PN36_4_Con
12_13_93	-6.5112303484283895	-11.660638291052075	Astrocytes	4	WT	0	Bae2025	mouse	SCN2A	0	PN36_4_Con
12_14_40	-0.9337379027210686	8.815790694543628	Neurons	8	WT	0.8398628117478056	Bae2025	mouse	SCN2A	0.8398628117478056	PN36_4_Con
12_14_49	2.0272701989806676	-0.2795585427791801	Neurons	7	WT	1.2080246642368548	Bae2025	mouse	SCN2A	1.2080246642368548	PN36_4_Con
12_14_52	-9.52051818259587	2.734113734552172	Neurons	2	WT	0	Bae2025	mouse	SCN2A	0	PN36_4_Con
12_14_78	-0.8743778754078362	5.7814670022218495	Neurons	8	WT	1.908224558661868	Bae2025	mouse	SCN2A	1.908224558661868	PN36_4_Con
12_14_87	-11.132819055398604	-0.13846403512963917	Microglia	4	WT	0	Bae2025	mouse	SCN2A	0	PN36_4_Con
12_15_23	-4.163876174768111	-1.4159718338758671	Neurons	2	WT	1.9395939792010248	Bae2025	mouse	SCN2A	1.9395939792010248	PN36_4_Con
12_16_08	-1.615415691217086	5.784545462915209	Neurons	8	WT	2.0829299059799946	Bae2025	mouse	SCN2A	2.0829299059799946	PN36_4_Con
12_16_45	-4.815370439370772	-12.687876183202954	Astrocytes	4	WT	0	Bae2025	mouse	SCN2A	0	PN36_4_Con
12_16_48	9.882990003744462	-1.3898113552839484	Oligodendrocytes	5	WT	0	Bae2025	mouse	SCN2A	0	PN36_4_Con
12_16_52	-2.6322289694153285	7.590806048700121	Neurons	8	WT	1.3874955624655247	Bae2025	mouse	SCN2A	1.3874955624655247	PN36_4_Con
12_16_72	2.246626259008744	-5.374588448217604	Oligodendrocytes	3	WT	0	Bae2025	mouse	SCN2A	0	PN36_4_Con
12_17_18	-5.750433324655196	-11.844088989904614	Astrocytes	4	WT	0	Bae2025	mouse	SCN2A	0	PN36_4_Con
12_17_46	-0.17665102966656426	8.40546659786394	Neurons	8	WT	1.6403821405022083	Bae2025	mouse	SCN2A	1.6403821405022083	PN36_4_Con
12_18_19	3.4048150788939977	6.883792918512133	Neurons	9	WT	1.3026545205611757	Bae2025	mouse	SCN2A	1.3026545205611757	PN36_4_Con
12_18_88	-2.7697361696564173	9.067383330652026	Neurons	8	WT	0.7321581872081305	Bae2025	mouse	SCN2A	0.7321581872081305	PN36_4_Con
12_19_04	-3.767310260614059	-7.386514145544264	Neurons	10	WT	1.1006162973548248	Bae2025	mouse	SCN2A	1.1006162973548248	PN36_4_Con
12_19_23	-9.996052621682784	2.124110978433398	Neurons	2	WT	0	Bae2025	mouse	SCN2A	0	PN36_4_Con
12_19_41	8.49626648537288	-4.849186379125807	Oligodendrocytes	1	WT	0	Bae2025	mouse	SCN2A	0	PN36_4_Con
12_19_59	7.086597086111405	-5.262753922155592	Oligodendrocytes	6	WT	0	Bae2025	mouse	SCN2A	0	PN36_4_Con
12_19_63	9.961908460775712	-0.9770223681242194	Oligodendrocytes	5	WT	0	Bae2025	mouse	SCN2A	0	PN36_4_Con
12_19_88	-3.261309741815231	9.419460814782886	Neurons	8	WT	1.2583264149444855	Bae2025	mouse	SCN2A	1.2583264149444855	PN36_4_Con
12_20_54	7.510564924398759	-4.313270050695631	Oligodendrocytes	1	WT	0	Bae2025	mouse	SCN2A	0	PN36_4_Con
12_20_92	3.673847795645096	6.213846724817064	Neurons	9	WT	1.2678951362707416	Bae2025	mouse	SCN2A	1.2678951362707416	PN36_4_Con
12_21_54	7.413143278280595	-5.385669190099928	Oligodendrocytes	6	WT	0	Bae2025	mouse	SCN2A	0	PN36_4_Con
12_21_61	9.561412931600907	-3.5205969397337165	Oligodendrocytes	1	WT	0	Bae2025	mouse	SCN2A	0	PN36_4_Con
12_21_93	7.5707770597137	-3.1492945734770026	Oligodendrocytes	1	WT	1.1654935380872489	Bae2025	mouse	SCN2A	1.1654935380872489	PN36_4_Con
12_22_86	0.8195103418029335	3.357417863199023	Neurons	7	WT	1.1365035304341988	Bae2025	mouse	SCN2A	1.1365035304341988	PN36_4_Con
12_22_91	-10.446380494912765	2.994317572900561	Neurons	2	WT	0	Bae2025	mouse	SCN2A	0	PN36_4_Con
12_24_23	-11.92490756400456	-0.8915871564657416	Fibroblasts	4	WT	0	Bae2025	mouse	SCN2A	0	PN36_4_Con
12_24_30	-3.5964411485992884	-7.299721199682447	Neurons	10	WT	1.2134827860782176	Bae2025	mouse	SCN2A	1.2134827860782176	PN36_4_Con
12_24_34	10.136895300070146	-2.126207787206861	Oligodendrocytes	5	WT	0	Bae2025	mouse	SCN2A	0	PN36_4_Con
12_25_11	2.0859195005095983	-0.2659532163650718	Neurons	7	WT	0	Bae2025	mouse	SCN2A	0	PN36_4_Con
12_25_50	-0.06956976540913323	8.051490348169116	Neurons	8	WT	1.6199197661126408	Bae2025	mouse	SCN2A	1.6199197661126408	PN36_4_Con
12_26_28	8.733037115255692	-4.835022408178541	Oligodendrocytes	1	WT	0	Bae2025	mouse	SCN2A	0	PN36_4_Con
12_26_41	9.62441933266292	-3.3585788790495124	Oligodendrocytes	5	WT	0	Bae2025	mouse	SCN2A	0	PN36_4_Con
12_26_84	-10.366576074441571	3.0487759526460443	Neurons	2	WT	2.619047483467966	Bae2025	mouse	SCN2A	2.619047483467966	PN36_4_Con
12_26_85	9.917169691244462	-2.6897694651396	Oligodendrocytes	5	WT	1.6065641178483192	Bae2025	mouse	SCN2A	1.6065641178483192	PN36_4_Con
12_27_69	3.207441688696244	5.7881455834596425	Neurons	9	WT	1.3608204198867082	Bae2025	mouse	SCN2A	1.3608204198867082	PN36_4_Con
12_28_32	-6.869812368234298	-11.74196000736067	Astrocytes	4	WT	0	Bae2025	mouse	SCN2A	0	PN36_4_Con
12_28_36	10.139536977926593	-2.4398524348051276	Oligodendrocytes	5	WT	0	Bae2025	mouse	SCN2A	0	PN36_4_Con
12_28_39	7.440510870138505	-5.363109070471022	Oligodendrocytes	6	WT	0	Bae2025	mouse	SCN2A	0	PN36_4_Con
12_28_63	-4.44504678138127	-12.405289131811353	Astrocytes	4	WT	0	Bae2025	mouse	SCN2A	0	PN36_4_Con
12_28_86	1.6326347600616005	-2.9437982622892584	Astrocytes	5	WT	0	Bae2025	mouse	SCN2A	0	PN36_4_Con
12_28_87	-10.557927011331222	3.095016520807055	Neurons	2	WT	1.927453817512078	Bae2025	mouse	SCN2A	1.927453817512078	PN36_4_Con
12_28_91	1.326831222692826	6.552474063226488	Neurons	8	WT	1.792778714518891	Bae2025	mouse	SCN2A	1.792778714518891	PN36_4_Con
12_29_29	0.9074052583373572	6.43946556408098	Neurons	8	WT	1.6505175732520665	Bae2025	mouse	SCN2A	1.6505175732520665	PN36_4_Con
12_30_42	-0.5001450020872567	4.4405246194093495	Neurons	7	WT	0.8787037314903163	Bae2025	mouse	SCN2A	0.8787037314903163	PN36_4_Con
12_30_43	-3.3020850408874964	8.00370649654558	Neurons	8	WT	1.5934190221069673	Bae2025	mouse	SCN2A	1.5934190221069673	PN36_4_Con
12_30_91	3.3942154657043004	6.229789775201586	Neurons	9	WT	1.994482630097956	Bae2025	mouse	SCN2A	1.994482630097956	PN36_4_Con
12_31_71	2.0212978135741735	-0.2847674969942298	Neurons	7	WT	1.9958961976447949	Bae2025	mouse	SCN2A	1.9958961976447949	PN36_4_Con
12_32_87	7.594895483175614	-5.125788170507643	Oligodendrocytes	1	WT	0	Bae2025	mouse	SCN2A	0	PN36_4_Con
12_33_30	-0.02033841498722771	3.0603352006166253	Neurons	7	WT	1.7294092575967568	Bae2025	mouse	SCN2A	1.7294092575967568	PN36_4_Con
12_33_33	0.6099071513808754	2.362655204126147	Neurons	7	WT	1.0491055945348544	Bae2025	mouse	SCN2A	1.0491055945348544	PN36_4_Con
12_34_10	-3.1187218416534876	-7.16950078647444	Neurons	10	WT	0	Bae2025	mouse	SCN2A	0	PN36_4_Con
12_34_48	-3.619001029809616	-6.522097546270582	Neurons	10	WT	0	Bae2025	mouse	SCN2A	0	PN36_4_Con
12_34_94	-3.330575584252975	9.78971723873308	Neurons	8	WT	1.4806663766843964	Bae2025	mouse	SCN2A	1.4806663766843964	PN36_4_Con
12_35_30	9.038580061117507	-1.8552509133131232	Oligodendrocytes	5	WT	1.5027565465784125	Bae2025	mouse	SCN2A	1.5027565465784125	PN36_4_Con
12_35_56	-0.6480235148273918	7.900144141504076	Neurons	8	WT	1.5225659748331963	Bae2025	mouse	SCN2A	1.5225659748331963	PN36_4_Con
12_36_16	-2.581254361947677	11.65047506649187	Neurons	8	WT	1.481020629971035	Bae2025	mouse	SCN2A	1.481020629971035	PN36_4_Con
12_36_56	2.831754089514115	-2.8986460749418463	Oligodendrocytes	5	WT	0.7763081596703569	Bae2025	mouse	SCN2A	0.7763081596703569	PN36_4_Con
12_36_66	-6.331087945779464	-12.027486282995437	Astrocytes	4	WT	0	Bae2025	mouse	SCN2A	0	PN36_4_Con
12_37_47	-4.385342239221236	-11.993392426183911	Astrocytes	4	WT	0	Bae2025	mouse	SCN2A	0	PN36_4_Con
12_38_65	-4.827474950631759	-12.152757126501294	Astrocytes	4	WT	0	Bae2025	mouse	SCN2A	0	PN36_4_Con
12_38_73	-4.426045535882613	-12.532214600256175	Astrocytes	4	WT	0	Bae2025	mouse	SCN2A	0	PN36_4_Con
12_39_76	-2.619769214471481	8.520238440820483	Neurons	8	WT	1.9384728876999195	Bae2025	mouse	SCN2A	1.9384728876999195	PN36_4_Con
12_40_36	-3.2480145681702113	8.010963004419116	Neurons	8	WT	0.9603126322712544	Bae2025	mouse	SCN2A	0.9603126322712544	PN36_4_Con
12_40_63	-2.602437852700851	11.68238024074724	Neurons	8	WT	0.9968572756810108	Bae2025	mouse	SCN2A	0.9968572756810108	PN36_4_Con
12_40_79	-11.16532027610173	-0.177581177687737	Microglia	4	WT	0	Bae2025	mouse	SCN2A	0	PN36_4_Con
12_41_24	6.294853807607987	-11.67536779086897	Astrocytes	4	WT	0	Bae2025	mouse	SCN2A	0	PN36_4_Con
12_41_38	-9.239274858316085	2.6784599240510736	Neurons	8	WT	1.2856770061571263	Bae2025	mouse	SCN2A	1.2856770061571263	PN36_4_Con
12_41_96	-6.665742753823897	-12.54737134616682	Astrocytes	4	WT	0	Bae2025	mouse	SCN2A	0	PN36_4_Con
12_43_10	9.827481390158036	-3.565522152593824	Oligodendrocytes	1	WT	0	Bae2025	mouse	SCN2A	0	PN36_4_Con
12_43_30	2.802772403875687	6.102895778009203	Neurons	9	WT	1.031577743266962	Bae2025	mouse	SCN2A	1.031577743266962	PN36_4_Con
12_43_69	10.10616409889827	-2.0006286684782233	Oligodendrocytes	5	WT	0	Bae2025	mouse	SCN2A	0	PN36_4_Con
12_43_96	6.271308065573075	-11.95427461307356	Endothelial cells	4	WT	0	Bae2025	mouse	SCN2A	0	PN36_4_Con
12_45_50	-11.894155381997724	-0.8833137337476935	Fibroblasts	4	WT	0	Bae2025	mouse	SCN2A	0	PN36_4_Con
12_46_03	-3.0195633161865687	8.286052268335132	Neurons	8	WT	1.8856286349874336	Bae2025	mouse	SCN2A	1.8856286349874336	PN36_4_Con
12_46_26	-4.449743150552413	-12.427680451086257	Astrocytes	4	WT	0	Bae2025	mouse	SCN2A	0	PN36_4_Con
12_46_28	-11.815704225381516	-0.8724001232893195	Neurons	2	WT	0	Bae2025	mouse	SCN2A	0	PN36_4_Con
12_46_39	8.566832662741044	-4.816613632848951	Oligodendrocytes	1	WT	0	Bae2025	mouse	SCN2A	0	PN36_4_Con
12_46_79	-2.8600209940277552	9.824053328820971	Neurons	8	WT	2.0967831628469487	Bae2025	mouse	SCN2A	2.0967831628469487	PN36_4_Con
12_47_16	-2.957862495263717	9.436871093103198	Neurons	8	WT	1.0954224933000096	Bae2025	mouse	SCN2A	1.0954224933000096	PN36_4_Con
12_48_23	-9.881145356973311	2.6728702004640374	Neurons	2	WT	1.697140089553707	Bae2025	mouse	SCN2A	1.697140089553707	PN36_4_Con
12_48_66	9.222786070028642	-3.7667145315916266	Oligodendrocytes	1	WT	0	Bae2025	mouse	SCN2A	0	PN36_4_Con
12_49_03	7.8710728894866495	-5.017319637945387	Oligodendrocytes	1	WT	1.21731972188124	Bae2025	mouse	SCN2A	1.21731972188124	PN36_4_Con
12_49_16	2.8160251390136266	-5.150343376806471	Oligodendrocytes	3	WT	0	Bae2025	mouse	SCN2A	0	PN36_4_Con
12_49_19	-0.2676451344095681	-6.486115414312574	Neurons	10	WT	0	Bae2025	mouse	SCN2A	0	PN36_4_Con
12_49_34	8.715374113241532	-5.025381046941969	Oligodendrocytes	1	WT	1.3168087237672508	Bae2025	mouse	SCN2A	1.3168087237672508	PN36_4_Con
12_50_67	7.0058079969085245	-5.568148571661207	Oligodendrocytes	6	WT	0	Bae2025	mouse	SCN2A	0	PN36_4_Con
12_51_30	-3.231616138299606	9.633232634851243	Neurons	8	WT	2.340387987453795	Bae2025	mouse	SCN2A	2.340387987453795	PN36_4_Con
12_51_81	-2.1481420982681727	8.389386695215014	Neurons	8	WT	1.2690706319380771	Bae2025	mouse	SCN2A	1.2690706319380771	PN36_4_Con
12_51_90	-4.1485286939941854	-1.715926367452833	Neurons	2	WT	0	Bae2025	mouse	SCN2A	0	PN36_4_Con
12_52_01	-11.105555414041184	-1.6219882551939215	Epithelial cells	4	WT	0	Bae2025	mouse	SCN2A	0	PN36_4_Con
12_52_10	6.804262281576493	-5.470761734655592	Oligodendrocytes	6	WT	0	Bae2025	mouse	SCN2A	0	PN36_4_Con
12_52_13	-2.926708339532516	-6.9794535223753185	Neurons	10	WT	0	Bae2025	mouse	SCN2A	0	PN36_4_Con
12_52_38	-1.3356850732170555	7.881804984399584	Neurons	8	WT	2.3741125291994267	Bae2025	mouse	SCN2A	2.3741125291994267	PN36_4_Con
12_53_09	-9.596322892984054	1.9378552849977289	Neurons	2	WT	0	Bae2025	mouse	SCN2A	0	PN36_4_Con
12_53_43	2.6932286035216833	-2.599006849935743	Oligodendrocytes	6	WT	0.6966656561676221	Bae2025	mouse	SCN2A	0.6966656561676221	PN36_4_Con
12_54_17	-9.46933352836003	2.0406523164003167	Neurons	2	WT	0	Bae2025	mouse	SCN2A	0	PN36_4_Con
12_54_30	1.048557878652909	2.7976193841188226	Neurons	7	WT	1.5779140912647929	Bae2025	mouse	SCN2A	1.5779140912647929	PN36_4_Con
12_54_31	8.234873891989091	-5.072915989568922	Oligodendrocytes	1	WT	0	Bae2025	mouse	SCN2A	0	PN36_4_Con
12_54_44	0.9731113921798256	3.853116553613451	Neurons	7	WT	1.6672120942492277	Bae2025	mouse	SCN2A	1.6672120942492277	PN36_4_Con
12_54_82	2.2243705999053502	-5.392937618902418	Oligodendrocytes	3	WT	0	Bae2025	mouse	SCN2A	0	PN36_4_Con
12_55_55	6.240738989034989	-11.647674042394849	Endothelial cells	4	WT	0	Bae2025	mouse	SCN2A	0	PN36_4_Con
12_56_14	0.30920326820979377	-6.359726864507887	Oligodendrocytes	3	WT	0	Bae2025	mouse	SCN2A	0	PN36_4_Con
12_56_21	-6.616592286904952	-11.460814911535474	Astrocytes	4	WT	0	Bae2025	mouse	SCN2A	0	PN36_4_Con
12_56_33	2.5820297013915563	-5.20986076038191	Oligodendrocytes	3	WT	0.7059900846336566	Bae2025	mouse	SCN2A	0.7059900846336566	PN36_4_Con
12_56_72	-2.7988456476532435	8.69362406093767	Neurons	8	WT	2.5527049798617703	Bae2025	mouse	SCN2A	2.5527049798617703	PN36_4_Con
12_58_58	-6.583441137155196	-11.935677963903638	Astrocytes	4	WT	0	Bae2025	mouse	SCN2A	0	PN36_4_Con
12_59_23	-4.343523143609664	-12.294487435034007	Astrocytes	4	WT	0	Bae2025	mouse	SCN2A	0	PN36_4_Con
12_59_37	9.897491575399735	-1.6238084618360724	Oligodendrocytes	5	WT	0	Bae2025	mouse	SCN2A	0	PN36_4_Con
12_59_86	8.748972059408525	-5.013649422338697	Oligodendrocytes	1	WT	0	Bae2025	mouse	SCN2A	0	PN36_4_Con
12_60_02	-3.5336662519775843	-6.461578327825758	Neurons	10	WT	0	Bae2025	mouse	SCN2A	0	PN36_4_Con
12_61_54	-9.501750825723311	1.7882413085191522	Neurons	2	WT	0	Bae2025	mouse	SCN2A	0	PN36_4_Con
12_61_55	1.3178448688186195	2.9184191640107904	Neurons	7	WT	1.304974230707984	Bae2025	mouse	SCN2A	1.304974230707984	PN36_4_Con
12_62_50	8.254883886495927	-5.178670365026686	Oligodendrocytes	1	WT	0	Bae2025	mouse	SCN2A	0	PN36_4_Con
12_62_91	8.805010915914872	-4.811579186132643	Oligodendrocytes	1	WT	1.4617386548045384	Bae2025	mouse	SCN2A	1.4617386548045384	PN36_4_Con
12_63_38	8.76761543861995	-4.7226833884031505	Oligodendrocytes	1	WT	0	Bae2025	mouse	SCN2A	0	PN36_4_Con
12_63_89	9.008575559774735	-4.177196938207838	Oligodendrocytes	1	WT	0	Bae2025	mouse	SCN2A	0	PN36_4_Con
12_64_29	-4.73266303428044	-11.71723790805647	Astrocytes	4	WT	0	Bae2025	mouse	SCN2A	0	PN36_4_Con
12_64_91	-11.566151498635907	-0.7500590268881049	Fibroblasts	4	WT	0	Bae2025	mouse	SCN2A	0	PN36_4_Con
12_66_05	-2.916388391336105	9.44759134609392	Neurons	8	WT	2.386757959435207	Bae2025	mouse	SCN2A	2.386757959435207	PN36_4_Con
12_66_27	-2.5377582300507044	8.459441703149585	Neurons	8	WT	0	Bae2025	mouse	SCN2A	0	PN36_4_Con
12_66_70	-4.430313228448531	-12.0613092963011	Astrocytes	4	WT	0	Bae2025	mouse	SCN2A	0	PN36_4_Con
12_66_75	-3.0563126791321253	8.442909758874682	Neurons	8	WT	1.4485588976709642	Bae2025	mouse	SCN2A	1.4485588976709642	PN36_4_Con
12_67_14	-2.943406461557052	7.527651828119066	Neurons	8	WT	1.167930022460601	Bae2025	mouse	SCN2A	1.167930022460601	PN36_4_Con
12_67_34	6.665142179647782	-5.435190636327955	Oligodendrocytes	6	WT	0	Bae2025	mouse	SCN2A	0	PN36_4_Con
12_67_65	0.15250885597834846	5.20583109218767	Neurons	8	WT	1.1851030871791908	Bae2025	mouse	SCN2A	1.1851030871791908	PN36_4_Con
12_68_26	-0.9417904306255792	8.63524011928728	Neurons	8	WT	1.652520685052676	Bae2025	mouse	SCN2A	1.652520685052676	PN36_4_Con
12_68_72	7.299886346975663	-5.090074021032545	Oligodendrocytes	6	WT	0	Bae2025	mouse	SCN2A	0	PN36_4_Con
12_69_63	-0.23493872471680383	7.5339622910707265	Neurons	8	WT	1.6521162768946174	Bae2025	mouse	SCN2A	1.6521162768946174	PN36_4_Con
12_70_15	9.791497350851396	-3.580333191564771	Oligodendrocytes	1	WT	0	Bae2025	mouse	SCN2A	0	PN36_4_Con
12_70_34	-2.7918051470123744	9.262855094262866	Neurons	8	WT	1.975967056488123	Bae2025	mouse	SCN2A	1.975967056488123	PN36_4_Con
12_71_43	10.16420090309749	-2.193543392828199	Oligodendrocytes	5	WT	0	Bae2025	mouse	SCN2A	0	PN36_4_Con
12_72_23	1.182116867224076	6.39277653057268	Neurons	8	WT	1.7764731162292495	Bae2025	mouse	SCN2A	1.7764731162292495	PN36_4_Con
12_72_49	-0.6413251299463723	4.687127154657152	Neurons	8	WT	1.1906186097529068	Bae2025	mouse	SCN2A	1.1906186097529068	PN36_4_Con
12_72_59	-5.062909005960128	-12.134418923071118	Astrocytes	4	WT	0	Bae2025	mouse	SCN2A	0	PN36_4_Con
12_73_71	8.346120954672196	-4.7636098448545665	Oligodendrocytes	1	WT	0	Bae2025	mouse	SCN2A	0	PN36_4_Con
12_74_39	-4.602949498971602	-12.141643006017896	Astrocytes	4	WT	0	Bae2025	mouse	SCN2A	0	PN36_4_Con
12_74_75	-3.1948820341431117	-7.25975843112776	Neurons	10	WT	1.3110391812479216	Bae2025	mouse	SCN2A	1.3110391812479216	PN36_4_Con
12_75_42	-2.38259482272496	6.662012141534594	Neurons	8	WT	1.0380117279161247	Bae2025	mouse	SCN2A	1.0380117279161247	PN36_4_Con
12_75_81	6.859873415151933	-5.3425187651426524	Oligodendrocytes	6	WT	0	Bae2025	mouse	SCN2A	0	PN36_4_Con
12_75_89	-3.697075723489425	-7.446073967626783	Neurons	10	WT	1.751071362435702	Bae2025	mouse	SCN2A	1.751071362435702	PN36_4_Con
12_76_04	6.015807272116044	-5.271336991003248	Oligodendrocytes	6	WT	0	Bae2025	mouse	SCN2A	0	PN36_4_Con
12_76_32	-2.8363686788879847	6.902983706781176	Neurons	8	WT	1.3371566218101676	Bae2025	mouse	SCN2A	1.3371566218101676	PN36_4_Con
12_76_47	-0.4695485986821864	-6.523671585729811	Neurons	10	WT	0	Bae2025	mouse	SCN2A	0	PN36_4_Con
12_77_32	-5.154281972726485	-12.001206833532544	Astrocytes	4	WT	1.9314786592037287	Bae2025	mouse	SCN2A	1.9314786592037287	PN36_4_Con
12_77_77	-3.8719280947052455	-1.5461520735532963	Neurons	2	WT	2.4876917832699865	Bae2025	mouse	SCN2A	2.4876917832699865	PN36_4_Con
12_78_24	7.988640905538896	-5.156784493139479	Oligodendrocytes	1	WT	0	Bae2025	mouse	SCN2A	0	PN36_4_Con
12_78_34	-1.5508314359985802	7.448289435693529	Neurons	8	WT	1.7561386341580334	Bae2025	mouse	SCN2A	1.7561386341580334	PN36_4_Con
12_78_61	6.049389005819657	-5.40510698001692	Oligodendrocytes	6	WT	0	Bae2025	mouse	SCN2A	0	PN36_4_Con
12_78_82	9.457471014181474	-3.273377854040357	Oligodendrocytes	5	WT	0	Bae2025	mouse	SCN2A	0	PN36_4_Con
12_80_13	0.7741038810409095	2.3752022202699457	Neurons	7	WT	0.6451803054369348	Bae2025	mouse	SCN2A	0.6451803054369348	PN36_4_Con
12_80_84	-2.334419726213119	8.502447646447925	Neurons	8	WT	2.105223692759322	Bae2025	mouse	SCN2A	2.105223692759322	PN36_4_Con
12_81_29	-0.8790736187302086	7.33043293316057	Neurons	8	WT	1.8903464166977153	Bae2025	mouse	SCN2A	1.8903464166977153	PN36_4_Con
12_81_79	-0.5413443211518738	3.738646071740893	Neurons	7	WT	1.337280882499611	Bae2025	mouse	SCN2A	1.337280882499611	PN36_4_Con
12_81_91	-11.151641725381516	-0.13805650140950348	Microglia	4	WT	0	Bae2025	mouse	SCN2A	0	PN36_4_Con
12_82_18	1.6905118238128212	-5.6419410292417735	Oligodendrocytes	3	WT	0	Bae2025	mouse	SCN2A	0	PN36_4_Con
12_82_92	-4.662589906533858	-9.718725639990064	Astrocytes	10	WT	0	Bae2025	mouse	SCN2A	0	PN36_4_Con
12_83_93	-0.3366710458003495	3.35298160869768	Astrocytes	7	WT	1.2904785539356944	Bae2025	mouse	SCN2A	1.2904785539356944	PN36_4_Con
12_84_51	-0.6298324007593605	8.621550124475268	Neurons	8	WT	1.8795286020125657	Bae2025	mouse	SCN2A	1.8795286020125657	PN36_4_Con
12_84_60	-0.2906319189869378	8.368066352197436	Neurons	8	WT	1.6304739674992228	Bae2025	mouse	SCN2A	1.6304739674992228	PN36_4_Con
12_85_16	9.808734060446122	-1.678181845358106	Oligodendrocytes	5	WT	0	Bae2025	mouse	SCN2A	0	PN36_4_Con
12_85_34	8.657398344198564	-4.851237732580397	Oligodendrocytes	1	WT	0	Bae2025	mouse	SCN2A	0	PN36_4_Con
12_86_42	9.2568122159637	-3.983784395864698	Oligodendrocytes	1	WT	0	Bae2025	mouse	SCN2A	0	PN36_4_Con
12_86_84	3.6445986043609166	6.377614062616137	Neurons	9	WT	0.6856083695973031	Bae2025	mouse	SCN2A	0.6856083695973031	PN36_4_Con
12_87_22	0.9737310420669104	2.6144028123109613	Neurons	7	WT	1.264424395297416	Bae2025	mouse	SCN2A	1.264424395297416	PN36_4_Con
12_87_65	-2.4573353517853236	9.340605300256518	Neurons	8	WT	1.6838475049717707	Bae2025	mouse	SCN2A	1.6838475049717707	PN36_4_Con
12_87_74	9.380654455343585	-2.5100056711942877	Oligodendrocytes	5	WT	0	Bae2025	mouse	SCN2A	0	PN36_4_Con
12_88_32	-5.601591943582198	-11.476361710241529	Astrocytes	4	WT	0	Bae2025	mouse	SCN2A	0	PN36_4_Con
12_88_37	8.952438474813798	-4.782190758398268	Oligodendrocytes	1	WT	0	Bae2025	mouse	SCN2A	0	PN36_4_Con
12_88_90	9.697282911459306	-3.484500843694898	Oligodendrocytes	1	WT	0	Bae2025	mouse	SCN2A	0	PN36_4_Con
12_90_94	9.91189205757747	-3.4401154104978766	Oligodendrocytes	1	WT	0	Bae2025	mouse	SCN2A	0	PN36_4_Con
12_91_05	9.860295416036942	-3.567759472540113	Oligodendrocytes	1	WT	1.224906013992402	Bae2025	mouse	SCN2A	1.224906013992402	PN36_4_Con
12_91_24	6.68730652443538	-5.513014275243971	Oligodendrocytes	6	WT	1.1108948023703469	Bae2025	mouse	SCN2A	1.1108948023703469	PN36_4_Con
12_91_65	7.326839567343095	-5.39727063815901	Oligodendrocytes	6	WT	0	Bae2025	mouse	SCN2A	0	PN36_4_Con
12_91_88	-0.3700987387501214	7.545416873285082	Neurons	8	WT	1.6814788345256566	Bae2025	mouse	SCN2A	1.6814788345256566	PN36_4_Con
12_92_35	8.736687780538896	-4.875714737585279	Oligodendrocytes	1	WT	0	Bae2025	mouse	SCN2A	0	PN36_4_Con
12_92_45	-2.6777518976532435	9.702143233606128	Neurons	8	WT	1.6261573506010751	Bae2025	mouse	SCN2A	1.6261573506010751	PN36_4_Con
12_93_30	-9.417865632852218	1.959980529138354	Neurons	2	WT	1.668957399316679	Bae2025	mouse	SCN2A	1.668957399316679	PN36_4_Con
12_93_64	0.9984821092284706	2.563975137063769	Neurons	7	WT	0	Bae2025	mouse	SCN2A	0	PN36_4_Con
12_94_73	1.64766013733516	-3.0564741675169196	Astrocytes	5	WT	0	Bae2025	mouse	SCN2A	0	PN36_4_Con
12_95_19	9.60248100868831	-4.227949101141188	Oligodendrocytes	1	WT	0	Bae2025	mouse	SCN2A	0	PN36_4_Con
12_95_65	-0.6899735171400521	8.87453798610857	Neurons	8	WT	1.5352626910359732	Bae2025	mouse	SCN2A	1.5352626910359732	PN36_4_Con
12_96_04	-1.2066066850029442	6.950064700433519	Neurons	8	WT	1.6423117458559178	Bae2025	mouse	SCN2A	1.6423117458559178	PN36_4_Con
12_96_10	6.582884908834794	-5.313358742407057	Oligodendrocytes	6	WT	1.6503407117703666	Bae2025	mouse	SCN2A	1.6503407117703666	PN36_4_Con
12_96_18	-3.668553232034347	-7.425599056890699	Astrocytes	10	WT	0	Bae2025	mouse	SCN2A	0	PN36_4_Con
12_96_19	8.658757330099442	-4.787231880834791	Oligodendrocytes	1	WT	0	Bae2025	mouse	SCN2A	0	PN36_4_Con
12_96_27	0.7827856551803138	2.4599087651460443	Neurons	7	WT	1.400761955681311	Bae2025	mouse	SCN2A	1.400761955681311	PN36_4_Con
